app_text,job_uids,num_jobs,first_occurrence_tst_created
"aggregate and normalize data records pulled from multiple internal and external apis into a unified, structured dataset ready for downstream use.",fe2ec994-3665-44dd-a540-6c1ba96c29eb,1,2024-09-13 12:46:32.673000+02:00
aggregate and output a unified raw dataset that consolidates records from multiple internal and external sources via cloud-based pipelines.,9a9254ed-c57e-4028-9264-6b80823f94a5,1,2023-03-30 11:08:28.473000+02:00
"aggregate and transform petabyte-scale raw datasets into optimized, query-ready data tables stored in a distributed file system.",98b96b27-0c44-443c-acac-3957458c30f7,1,2019-07-16 03:02:01.947000+02:00
"aggregate decentralized flexibility assets—such as electric vehicles, batteries, and heat pumps—into a unified, remotely controllable portfolio.",a202eb29-fa42-415e-b22f-9fc7e57dd28b,1,2024-07-17 19:55:37.818000+02:00
aggregate decentralized parameter updates from distributed data sources to produce an updated global predictive model without accessing raw data.,4d3c7506-5753-44af-87ad-f374954db900,1,2019-06-27 00:35:00.581000+02:00
aggregate encrypted model updates from distributed client devices to produce and distribute an optimized global model that preserves data privacy.,526b76ca-c4bb-474b-b03e-a8b44a602730,1,2019-11-28 16:49:35.060000+01:00
aggregate encrypted model updates from distributed nodes to produce a privacy-preserving global predictive model.,79dd79ae-a7c2-4db0-8b72-17c626c26cbe,1,2019-06-27 21:42:07.276000+02:00
aggregate heterogeneous data streams from multiple sources into a unified centralized repository.,3ae47cf6-96ed-497d-89e0-86984c0807b8,1,2019-11-28 16:49:35.061000+01:00
aggregate massive datasets into real-time summary statistics for rapid querying.,23358189-fb91-412f-842c-bef9229956ff,1,2019-06-27 00:35:00.581000+02:00
alert operators in real time when any component of the data pipeline falls below predefined availability thresholds.,50232a33-3041-4c71-a1ab-b2ef294fe7ec,1,2025-04-15 11:20:16.969000+02:00
alert stakeholders to anomalies in live model performance by continuously tracking and reporting key deployment metrics.,825250ee-2514-4bf7-8c1c-9dcf6cd1ac9a,1,2022-08-11 13:11:05.675000+02:00
allocate data objects across distributed storage nodes to balance load and maintain redundancy.,23358189-fb91-412f-842c-bef9229956ff,1,2019-06-27 00:35:00.581000+02:00
"assemble executable data-mining workflows from user-configured, drag-and-drop components.",23358189-fb91-412f-842c-bef9229956ff,1,2019-06-27 00:35:00.581000+02:00
"assemble, curate, and serve ready-to-use datasets tailored to each business application upon request.",753c35b5-1e4c-4439-b8fc-10ca2b5baa51,1,2022-05-31 10:02:38.718000+02:00
"assign a cluster label to each data record, delineating its membership in naturally occurring segments within the dataset.",34b55766-eccf-4834-88a3-bef5e91db810,1,2021-06-10 21:33:50.997000+02:00
assign a predefined category label to each input instance.,bb043b39-2e3c-47ff-a720-a20ad70c2d69,1,2018-11-19 10:28:52.665000+01:00
assign category labels to each incoming data record in real time using deployed machine-learning models.,a956f957-f910-4173-b48b-197cd0d8a909,1,2020-04-28 19:04:43.611000+02:00
assign each data point to its corresponding predefined category label.,bb043b39-2e3c-47ff-a720-a20ad70c2d69,1,2018-11-19 10:28:52.665000+01:00
assign each input data point a label from the predefined category set.,34b55766-eccf-4834-88a3-bef5e91db810,1,2021-06-10 21:33:50.997000+02:00
"assign employee-specific mandatory training modules, schedule completion deadlines, track progress, and compile compliance reports within workday lms.",183b1e3b-e069-4423-9ab6-e6b33565ca8d,1,2024-02-15 12:08:32.546000+01:00
assign incoming citizen service requests to the most relevant administrative unit for resolution.,1efd25b2-3ea5-42b2-b505-21afd937626d,1,2022-02-07 18:02:57.097000+01:00
assign predefined category labels to each incoming data record.,39f6729e-c13d-4c9c-9310-8ff6812519e8,1,2021-06-11 12:33:23.649000+02:00
assign predefined category labels to incoming records.,34b55766-eccf-4834-88a3-bef5e91db810,1,2021-06-10 21:33:50.997000+02:00
augment internal data records with relevant attributes retrieved from external open data sources.,c236c088-36f4-4b66-9871-e1e3bded16da,1,2023-11-10 20:34:52.196000+01:00
automatically detect and flag data anomalies and schema violations throughout the data pipeline to preserve model-ready quality.,50232a33-3041-4c71-a1ab-b2ef294fe7ec,1,2025-04-15 11:20:16.969000+02:00
automatically provision and scale compute resources in cloud data-warehouse or lake platforms to maintain performance under fluctuating big-data workloads.,a4b7351c-82f1-448d-995b-2a065cde077e,1,2023-09-22 15:53:35.772000+02:00
automatically resize and provision google cloud compute and storage resources in real time to uphold analytical workload performance targets while minimizing cost.,375739d6-ba39-4fe9-aca7-27d0573f0f67,1,2025-06-05 08:58:12.793000+02:00
automatically trigger the next best marketing action for each individual customer within an automated campaign workflow.,5ab9226d-15de-4ab5-8cad-9ab76cd6a78b,1,2022-08-11 13:11:05.674000+02:00
calculate and refresh core statistical indicator dashboards for distribution to internal and external stakeholders.,86815f19-7f14-4fa4-b28c-60935bf619c0,1,2022-03-03 04:51:00.274000+01:00
calculate correlation coefficients between quality measurement variables.,47d92ac8-a8b8-463b-8a7d-abdc841569f2,1,2023-10-12 16:42:43.103000+02:00
calculate descriptive and predictive statistics for large-scale datasets.,825250ee-2514-4bf7-8c1c-9dcf6cd1ac9a,1,2022-08-11 13:11:05.675000+02:00
catalog and index enterprise data assets with standardized metadata to enable reliable discovery and reuse across ai/ml applications.,50232a33-3041-4c71-a1ab-b2ef294fe7ec,1,2025-04-15 11:20:16.969000+02:00
catalog enterprise data assets with standardized metadata tags into a centralized registry to enable reliable discovery and reuse by ai/ml systems.,50232a33-3041-4c71-a1ab-b2ef294fe7ec,1,2025-04-15 11:20:16.969000+02:00
classify and localize clinically relevant features in imaging datasets to output labeled images and associated metadata for downstream review.,bb043b39-2e3c-47ff-a720-a20ad70c2d69,1,2018-11-19 10:28:52.665000+01:00
classify and tag each ingested dataset with standardized metadata and compliance labels to enforce governance policies across the data lake.,8ecadb6f-b6b9-4e7a-86be-6898501fce45,1,2025-04-14 21:01:50.632000+02:00
classify client data into predefined categories using trained machine-learning models.,36672d2b-c0ce-4bdf-a8e9-480f59c4760e,1,2018-02-22 14:58:46.658000+01:00
classify each incoming data point into its corresponding predefined category.,313accd4-b7c6-4ac7-b898-cd174ea9c3b0,1,2018-11-20 10:38:34.366000+01:00
classify each incoming text message by intent and extract referenced entities to deliver a structured semantic representation.,7c9cfe87-4196-44e7-bdc4-4f03c87dc0db,1,2025-05-29 05:09:44.231000+02:00
classify incoming citizen service tickets by issue type and route each ticket to its corresponding administrative unit.,1efd25b2-3ea5-42b2-b505-21afd937626d,1,2022-02-07 18:02:57.097000+01:00
classify incoming communication data streams by topic and urgency to enable automated routing,7c9cfe87-4196-44e7-bdc4-4f03c87dc0db,1,2025-05-29 05:09:44.231000+02:00
classify incoming data instances into predefined categories.,c082ae47-ff0b-494c-85dc-6f9eef5f7cef,1,2018-11-20 17:19:48.961000+01:00
classify incoming production data into predefined categories,4edb9146-4f16-451a-a7c7-05d5e4bcd0ec,1,2019-06-27 00:35:00.582000+02:00
classify streaming sensor data patterns and deliver prioritized action recommendations with severity scores.,69eb4346-50d7-4525-afad-496602c3a611,1,2016-10-07 12:07:20+02:00
cleanse and standardize raw large-scale data to deliver an analytics-ready unified dataset.,79dd79ae-a7c2-4db0-8b72-17c626c26cbe,1,2019-06-27 21:42:07.276000+02:00
"cleanse, normalize, and structure raw data into analysis-ready datasets for downstream analytics.",c082ae47-ff0b-494c-85dc-6f9eef5f7cef,1,2018-11-20 17:19:48.961000+01:00
"cleanse, standardize, and transform raw data into analytics-ready structured datasets.",c4deee69-4625-4993-8135-ee9271f70386,1,2023-09-25 10:53:56.845000+02:00
cluster data records into natural segments for downstream analysis.,313accd4-b7c6-4ac7-b898-cd174ea9c3b0,1,2018-11-20 10:38:34.366000+01:00
cluster historical production records into pattern-based groups linked to product returns.,6a5700d6-d266-4a80-88e7-e3e8c2e252c1,1,2021-06-15 14:24:55.809000+02:00
cluster historical service records into groups that reveal distinctive patterns linked to product returns.,6a5700d6-d266-4a80-88e7-e3e8c2e252c1,1,2021-06-15 14:24:55.809000+02:00
cluster similar data points into coherent groups.,39f6729e-c13d-4c9c-9310-8ff6812519e8,1,2021-06-11 12:33:23.649000+02:00
cluster unlabeled data into distinct groups that reveal underlying patterns.,c082ae47-ff0b-494c-85dc-6f9eef5f7cef,1,2018-11-20 17:19:48.961000+01:00
cluster unlabeled datasets into coherent groups to reveal latent patterns.,bb043b39-2e3c-47ff-a720-a20ad70c2d69,1,2018-11-19 10:28:52.665000+01:00
"compile and publish updated dictionary entries, including definitions, pronunciations, and usage examples, for end-users.",753c35b5-1e4c-4439-b8fc-10ca2b5baa51,1,2022-05-31 10:02:38.718000+02:00
compile and refresh interactive business-intelligence dashboards summarizing key performance indicators for executives.,988d98c6-7cd2-4dc0-a0fc-882635c21762,1,2018-11-08 15:54:08.405000+01:00
"compile cleaned, linked, and transformed aviation datasets into ready-to-use analytical outputs.",c1897ce0-af70-4802-a60d-ef94ccb60adc,1,2022-02-24 06:54:49.995000+01:00
"compose context-aware textual responses by retrieving, selecting, and integrating relevant external knowledge passages into the answer.",375739d6-ba39-4fe9-aca7-27d0573f0f67,1,2025-06-05 08:58:12.793000+02:00
compose formatted business presentation documents addressing specified topics and audience requirements.,09fd1fa5-f634-4c39-84aa-2405538b3437,1,2025-01-16 17:21:38.295000+01:00
"compose real-time, source-cited responses by retrieving up-to-date external documents and synthesizing the retrieved content into a coherent answer.",d8756e31-1a37-468c-8d97-a99ce7695f43,1,2025-06-04 20:43:01.363000+02:00
"compose, revise, and format text-based business reports automatically from provided data.",09fd1fa5-f634-4c39-84aa-2405538b3437,1,2025-01-16 17:21:38.295000+01:00
compute and deliver trend and variability statistics for civil-aviation traffic datasets.,86815f19-7f14-4fa4-b28c-60935bf619c0,1,2022-03-03 04:51:00.274000+01:00
"compute and dimension pipe diameters, pump capacities, and pressure zones to produce a fully sized water distribution network design.",2deb983f-5a8c-450b-992f-a21826508edd,1,2018-04-05 06:16:03+02:00
"compute and optimize cnc toolpaths for custom dental prosthetics to minimize machining time, surface roughness, and material waste.",0cbd7e24-fd57-4557-9c14-c6e511769cc2,1,2024-12-06 17:42:16.657000+01:00
"compute and output descriptive statistics, significance test results, and model coefficients for structured datasets.",39f6729e-c13d-4c9c-9310-8ff6812519e8,1,2021-06-11 12:33:23.649000+02:00
"compute and output hydraulically optimized pipe diameters, pump capacities, and storage tank sizes for a municipal water-distribution network model.",0d03cf16-e798-4342-9a5a-cc7bdfc5ac38,1,2019-07-12 07:20:32.419000+02:00
"compute and output optimal pipe diameters, pump capacities, and storage tank volumes for a municipal water-distribution network.",796a6c7e-0073-428b-b2d3-cc8aa0e3bf35,1,2018-04-04 14:56:54+02:00
compute and output optimized cam tool paths for 3-d printing of dental parts.,63f682cc-a259-4680-9688-11dddcab823e,1,2021-03-15 13:48:54.745000+01:00
compute and output reliability metrics that quantify the operational performance of the system,bd644e4d-bbe5-4608-b123-d42763601e16,1,2023-05-30 15:26:01.789000+02:00
compute and publish real-time performance metrics from incoming data streams.,f9ede764-ab55-4e43-ad92-195caddf272e,1,2019-06-27 21:42:08.426000+02:00
compute and refresh key fan-engagement and marketing kpis from ingested data for downstream analytics projects.,a96d5a62-983e-4238-9a23-a1cfa94a8ac6,1,2024-01-10 15:38:20.105000+01:00
compute and report descriptive and inferential statistical metrics from structured datasets.,bb043b39-2e3c-47ff-a720-a20ad70c2d69,1,2018-11-19 10:28:52.665000+01:00
compute and stream real-time performance metrics from continuous data feeds for immediate operational visibility.,8d108c53-9348-4cef-9bb6-ccaed7e79abb,1,2018-02-22 14:58:46.658000+01:00
compute and update key performance indicator metrics quantifying data-driven business value in a real-time dashboard.,5a0fdbb3-8ff2-49f5-bd19-05172df925c8,1,2024-02-16 14:17:28.341000+01:00
compute descriptive statistics and significance-test results for structured data sets.,65782da5-0cea-4f05-a6cd-628469b232d9,1,2023-05-09 12:22:13.146000+02:00
compute individualized electricity price quotes for each customer account.,65782da5-0cea-4f05-a6cd-628469b232d9,1,2023-05-09 12:22:13.146000+02:00
compute player performance metrics and readiness scores from integrated on-pitch and off-pitch datasets.,54327b2b-4803-4d46-9269-2a35b5fc3d71,1,2025-02-17 18:14:52.068000+01:00
compute scheduled and on-demand descriptive statistical tables and reports for stakeholder consumption.,a96d5a62-983e-4238-9a23-a1cfa94a8ac6,1,2024-01-10 15:38:20.105000+01:00
compute specified analytical metrics from input datasets using python algorithms.,8ecadb6f-b6b9-4e7a-86be-6898501fce45,1,2025-04-14 21:01:50.632000+02:00
compute statistical metrics and correlations from structured and unstructured data to quantify patterns and trends.,c082ae47-ff0b-494c-85dc-6f9eef5f7cef,1,2018-11-20 17:19:48.961000+01:00
"consolidate and cleanse data from heterogeneous sources into a unified, transformed dataset ready for downstream use",d8756e31-1a37-468c-8d97-a99ce7695f43,1,2025-06-04 20:43:01.363000+02:00
consolidate and cleanse raw data into a standardized dataset for downstream consumption.,315604d2-432a-400a-9c83-a0132d0fb3c0,1,2020-04-28 19:04:43.611000+02:00
"consolidate and harmonize data records from multiple enterprise platforms into a unified, standardized dataset for downstream applications.",79dd79ae-a7c2-4db0-8b72-17c626c26cbe,1,2019-06-27 21:42:07.276000+02:00
"consolidate and normalize heterogeneous data sources into a unified, schema-aligned dataset ready for downstream modeling.",50232a33-3041-4c71-a1ab-b2ef294fe7ec,1,2025-04-15 11:20:16.969000+02:00
"consolidate and normalize structured and unstructured data from multiple sources into a clean, analysis-ready dataset with minimal human intervention.",375739d6-ba39-4fe9-aca7-27d0573f0f67,1,2025-06-05 08:58:12.793000+02:00
"consolidate and standardize heterogeneous football datasets into a scalable, analysis-ready repository.",54327b2b-4803-4d46-9269-2a35b5fc3d71,1,2025-02-17 18:14:52.068000+01:00
"consolidate and standardize structured, unstructured, hierarchical, and distributed data into an analytics-ready dataset.",69eb4346-50d7-4525-afad-496602c3a611,1,2016-10-07 12:07:20+02:00
consolidate data from diverse source systems into a unified central repository.,c4deee69-4625-4993-8135-ee9271f70386,1,2023-09-25 10:53:56.845000+02:00
"consolidate data streams from multiple disparate source systems into a unified, standardized dataset.",4d3c7506-5753-44af-87ad-f374954db900,1,2019-06-27 00:35:00.581000+02:00
"consolidate disparate customer data sources into unified, enriched customer profiles for downstream use.",5a0fdbb3-8ff2-49f5-bd19-05172df925c8,1,2024-02-16 14:17:28.341000+01:00
"consolidate disparate data sources into a cleansed, curated dataset accessible to downstream applications.",c9b1fcab-0cc4-4718-a8a9-3b4bf2445a5d,1,2022-08-11 13:11:05.680000+02:00
consolidate legacy system records with new external source data into a schema-aligned dataset ready for automatic loading into the enterprise data architecture.,753c35b5-1e4c-4439-b8fc-10ca2b5baa51,1,2022-05-31 10:02:38.718000+02:00
"consolidate, cleanse, and publish raw source data into consumer-ready analytic datasets.",23358189-fb91-412f-842c-bef9229956ff,1,2019-06-27 00:35:00.581000+02:00
construct executable predictive modeling pipelines through a visual drag-and-drop interface.,23358189-fb91-412f-842c-bef9229956ff,1,2019-06-27 00:35:00.581000+02:00
construct interactive dashboards that visualize key performance metrics for end-users.,a51ca921-26a8-4f6d-91c5-80a3c9a1b461,1,2023-12-14 14:37:34.691000+01:00
construct interactive data-visualization dashboards that display and continually update manufacturing-quality metrics.,bd644e4d-bbe5-4608-b123-d42763601e16,1,2023-05-30 15:26:01.789000+02:00
construct patient-specific cad models of dental restorations from intraoral scan data.,63f682cc-a259-4680-9688-11dddcab823e,1,2021-03-15 13:48:54.745000+01:00
containerize trained machine-learning model as a production-ready service endpoint.,825250ee-2514-4bf7-8c1c-9dcf6cd1ac9a,1,2022-08-11 13:11:05.675000+02:00
continuously compute and update live dashboards that display aggregated performance metrics from incoming data streams.,d8a4820d-a7ad-435b-8526-82902a9c30ad,1,2017-04-27 13:57:05+02:00
continuously forecast outcome values from live production data streams in real time.,cc85673f-2a1b-4b36-a727-10c4c1f6364d,1,2021-10-13 19:38:37.278000+02:00
continuously recommend optimal decisions for each incoming data instance in the production environment.,cc85673f-2a1b-4b36-a727-10c4c1f6364d,1,2021-10-13 19:38:37.278000+02:00
continuously track and display current values of sensory-analysis key performance indicators,84bfc7cb-a8ea-460a-b50b-676f3a12d384,1,2025-05-16 09:52:25.338000+02:00
continuously update and publish core aviation statistics datasets for industry stakeholders.,c1897ce0-af70-4802-a60d-ef94ccb60adc,1,2022-02-24 06:54:49.995000+01:00
"convert raw, large-scale distributed datasets into cleaned, structured feature tables using big-data frameworks.",825250ee-2514-4bf7-8c1c-9dcf6cd1ac9a,1,2022-08-11 13:11:05.675000+02:00
"create detailed user and customer journey maps that visualize touchpoints, emotions, and time-based interactions from mixed quantitative and qualitative data.",b14c1459-5699-4dd2-9bfb-6fe1cb06e5a3,1,2020-06-02 19:09:59.712000+02:00
"deliver cleansed, consolidated datasets to downstream consumers.",41c157a1-e5ee-401f-bd31-e0c6f5a42f2e,1,2019-06-27 21:42:07.276000+02:00
deliver prepared datasets to downstream analytics systems on demand.,ed8afde5-3530-4856-a937-25808f6ab09b,1,2021-10-13 19:38:34.666000+02:00
deliver real-time predictions or classifications for incoming production data through deployed machine-learning models.,f9ede764-ab55-4e43-ad92-195caddf272e,1,2019-06-27 21:42:08.426000+02:00
"deploy trained machine-learning models as versioned, auto-scaling api endpoints on managed cloud platforms.",825250ee-2514-4bf7-8c1c-9dcf6cd1ac9a,1,2022-08-11 13:11:05.675000+02:00
deploy trained machine-learning models into production environments to provide predictive or descriptive analytics capabilities.,21101116-154f-48c4-8546-95616c66f2fc,1,2019-11-28 16:49:35.063000+01:00
"detect and block security policy violations across all data, training, and deployment pipeline stages in real time.",50232a33-3041-4c71-a1ab-b2ef294fe7ec,1,2025-04-15 11:20:16.969000+02:00
detect and block unauthorized access requests across the data lake,8ecadb6f-b6b9-4e7a-86be-6898501fce45,1,2025-04-14 21:01:50.632000+02:00
detect and classify dental pathologies from live or captured intra-oral images within the mobile application.,908fc3d2-0878-4854-bd5a-10a24a08648e,1,2022-05-11 13:55:49.372000+02:00
detect and classify dental pathologies in intraoral and panoramic images for automated diagnostic reporting.,55f4a582-0781-4736-bb56-1a70112e2e27,1,2023-06-21 11:01:22.057000+02:00
"detect and classify on-pitch actions, player movements, and team behaviors from football-match event data.",54327b2b-4803-4d46-9269-2a35b5fc3d71,1,2025-02-17 18:14:52.068000+01:00
detect and classify surface defects on watch components from high-resolution production images for real-time quality control.,248b67b7-51fe-46d0-91cc-23767aa000d4,1,2021-05-10 19:58:49.488000+02:00
"detect and correct anomalies, fill missing values, and standardize formats in incoming energy datasets to output a validated, production-ready dataset.",8ebecf5e-9efe-48f5-a650-c9a553b714b6,1,2024-06-26 21:44:24.401000+02:00
"detect and correct corrupted records to output a clean, validated dataset.",fe2ec994-3665-44dd-a540-6c1ba96c29eb,1,2024-09-13 12:46:32.673000+02:00
detect and flag an event whenever the entire soccer ball has fully crossed the goal-line.,b9d1f851-a559-431e-bced-2e7f0da83287,1,2023-02-03 16:17:06.833000+01:00
detect and flag anomalies in data-quality metrics in real time.,753c35b5-1e4c-4439-b8fc-10ca2b5baa51,1,2022-05-31 10:02:38.718000+02:00
detect and flag anomalous or erroneous records in energy consumption and production datasets for quality assurance.,6d6828e8-4917-4e4d-8125-71a78ef9c7ec,1,2025-01-08 18:40:41.891000+01:00
detect and flag data records that violate predefined quality rules in real time,c9ac2369-88c6-42a7-8f28-af45cd68e356,1,2023-11-22 19:16:21.510000+01:00
detect and flag data-quality anomalies across the data lake.,8ecadb6f-b6b9-4e7a-86be-6898501fce45,1,2025-04-14 21:01:50.632000+02:00
detect and flag data-quality issues in integrated data streams.,a96d5a62-983e-4238-9a23-a1cfa94a8ac6,1,2024-01-10 15:38:20.105000+01:00
detect and flag deviations from expected operational parameters in real time.,84bfc7cb-a8ea-460a-b50b-676f3a12d384,1,2025-05-16 09:52:25.338000+02:00
detect and flag instances when the soccer ball has completely crossed the goal line in real-time match footage.,f37220a2-376d-4d5c-9791-209d92aa8f75,1,2023-12-21 14:19:45.929000+01:00
detect and flag postal and telecommunication messages that match predefined risk patterns for security review.,7c9cfe87-4196-44e7-bdc4-4f03c87dc0db,1,2025-05-29 05:09:44.231000+02:00
detect and forecast competition-development patterns from historical competition structure data.,54327b2b-4803-4d46-9269-2a35b5fc3d71,1,2025-02-17 18:14:52.068000+01:00
detect and forecast competition-development patterns from historical results data.,54327b2b-4803-4d46-9269-2a35b5fc3d71,1,2025-02-17 18:14:52.068000+01:00
"detect and label caries, fractures, and other dental pathologies on intra-oral and panoramic scans for clinician review.",0cbd7e24-fd57-4557-9c14-c6e511769cc2,1,2024-12-06 17:42:16.657000+01:00
"detect and label on-pitch actions, individual player movements, and collective team behaviours from spatial tracking data of football matches.",54327b2b-4803-4d46-9269-2a35b5fc3d71,1,2025-02-17 18:14:52.068000+01:00
detect and localize human faces within live video streams.,3926f308-27f7-4897-bcd2-a57e78575cb0,1,2021-10-01 11:31:44.596000+02:00
detect and map complex multi-hop relationship patterns across large-scale data graphs.,8d108c53-9348-4cef-9bb6-ccaed7e79abb,1,2018-02-22 14:58:46.658000+01:00
"detect and quantify emerging football trends across commercial, operational, and fan-engagement datasets.",54327b2b-4803-4d46-9269-2a35b5fc3d71,1,2025-02-17 18:14:52.068000+01:00
detect and rank business-relevant patterns in very large datasets for automated decision-support dashboards,375739d6-ba39-4fe9-aca7-27d0573f0f67,1,2025-06-05 08:58:12.793000+02:00
detect and rank statistically significant patterns in enterprise-scale datasets that explain and drive key business performance metrics.,f3efc281-41a4-4d2e-a3d1-2c1fd5d0ea1c,1,2019-11-28 16:49:35.063000+01:00
"detect and segment caries, restorations, and other dental structures in intraoral and radiographic images to support clinical diagnosis.",6a787c58-6206-4e51-9243-5aebd08b8ff3,1,2022-10-06 09:23:53.002000+02:00
detect and track human skeletal keypoints in video frames to output time-stamped 3-d pose data for each person.,3926f308-27f7-4897-bcd2-a57e78575cb0,1,2021-10-01 11:31:44.596000+02:00
detect anomalies in energy consumption time-series data to flag potential equipment failures or inefficiencies.,6d6828e8-4917-4e4d-8125-71a78ef9c7ec,1,2025-01-08 18:40:41.891000+01:00
detect anomalies in real-time energy sensor data streams and flag abnormal readings for operational alerts.,8ebecf5e-9efe-48f5-a650-c9a553b714b6,1,2024-06-26 21:44:24.401000+02:00
"detect anomalies, impute missing readings, and normalize units in raw energy datasets to output a quality-assured, analysis-ready table.",6d6828e8-4917-4e4d-8125-71a78ef9c7ec,1,2025-01-08 18:40:41.891000+01:00
detect anomalous patterns in event and positional data that indicate potential match manipulation.,e5370c08-41c6-4a22-a409-3f00b63f3e75,1,2024-01-10 09:31:18.412000+01:00
detect anomalous patterns in player-performance data that indicate potential match manipulation.,e5370c08-41c6-4a22-a409-3f00b63f3e75,1,2024-01-10 09:31:18.412000+01:00
detect criminal activity patterns in communication data streams for real-time threat identification.,7c9cfe87-4196-44e7-bdc4-4f03c87dc0db,1,2025-05-29 05:09:44.231000+02:00
detect emerging events or trends in continuous data streams in real time.,1e63e2c5-c3d0-4a90-b43a-b0b23e0c66d3,1,2018-04-10 10:31:02+02:00
detect emerging patterns and describe trends in time-series data to highlight significant shifts.,653fa515-c53e-4739-b9cc-6859a171e8b4,1,2019-08-26 04:20:06.910000+02:00
detect emerging trends across petabyte-scale data repositories and output a ranked trend report.,f2d4be67-0a3c-4b08-bf0e-f9c1c292db52,1,2018-02-22 14:50:42+01:00
detect emerging trends within organizational datasets.,a51ca921-26a8-4f6d-91c5-80a3c9a1b461,1,2023-12-14 14:37:34.691000+01:00
detect faces and classify facial attributes from live camera feeds and stored photos within the mobile application.,908fc3d2-0878-4854-bd5a-10a24a08648e,1,2022-05-11 13:55:49.372000+02:00
detect hidden patterns within petabyte-scale data repositories.,f2d4be67-0a3c-4b08-bf0e-f9c1c292db52,1,2018-02-22 14:50:42+01:00
detect human faces within input images.,3926f308-27f7-4897-bcd2-a57e78575cb0,1,2021-10-01 11:31:44.596000+02:00
detect missing fields and coverage gaps across existing datasets,c236c088-36f4-4b66-9871-e1e3bded16da,1,2023-11-10 20:34:52.196000+01:00
detect nuanced patterns in high-dimensional datasets using deep learning models to enable downstream decision systems.,4d3c7506-5753-44af-87ad-f374954db900,1,2019-06-27 00:35:00.581000+02:00
detect operational hazards in u-space drone traffic and dispatch automated risk-mitigation commands to affected drones.,8a32d293-46bb-49bf-a8c3-5409d5a20bc0,1,2019-02-26 06:20:39.873000+01:00
detect patterns and correlations across petabyte-scale data sets to present a ranked list of business-relevant findings.,f2d4be67-0a3c-4b08-bf0e-f9c1c292db52,1,2018-02-22 14:50:42+01:00
detect patterns in brand performance within operational data streams.,b14c1459-5699-4dd2-9bfb-6fe1cb06e5a3,1,2020-06-02 19:09:59.712000+02:00
detect quality gaps by comparing inspection-workshop data with customer-return data.,bd644e4d-bbe5-4608-b123-d42763601e16,1,2023-05-30 15:26:01.789000+02:00
detect real-time anomalies in energy consumption data streams.,fe2ec994-3665-44dd-a540-6c1ba96c29eb,1,2024-09-13 12:46:32.673000+02:00
detect real-time performance drift of deployed machine-learning models on managed cloud platforms and automatically trigger alerts to stakeholders.,825250ee-2514-4bf7-8c1c-9dcf6cd1ac9a,1,2022-08-11 13:11:05.675000+02:00
detect recurrent and anomalous patterns in digital user behavior from operational data streams.,b14c1459-5699-4dd2-9bfb-6fe1cb06e5a3,1,2020-06-02 19:09:59.712000+02:00
detect recurring patterns within contextual data and extract actionable information for decision support.,69eb4346-50d7-4525-afad-496602c3a611,1,2016-10-07 12:07:20+02:00
detect recurring patterns within organizational datasets.,a51ca921-26a8-4f6d-91c5-80a3c9a1b461,1,2023-12-14 14:37:34.691000+01:00
detect recurring scoring and possession patterns within historical uefa match data.,c9ac2369-88c6-42a7-8f28-af45cd68e356,1,2023-11-22 19:16:21.510000+01:00
detect relational patterns across organizational datasets to output a structured relationship map of data entities.,a51ca921-26a8-4f6d-91c5-80a3c9a1b461,1,2023-12-14 14:37:34.691000+01:00
detect statistically significant patterns in quantitative business data to recommend prioritized actions that improve key performance metrics.,00fdc1e5-4c72-47b2-a0eb-b604d030f1cb,1,2019-11-28 16:49:35.061000+01:00
"detect tooth decay, periodontal disease, and other dental anomalies in intra-oral and radiographic images.",0cbd7e24-fd57-4557-9c14-c6e511769cc2,1,2024-12-06 17:42:16.657000+01:00
dispatch real-time charging rate commands that optimize grid load while respecting individual customer preferences,a202eb29-fa42-415e-b22f-9fc7e57dd28b,1,2024-07-17 19:55:37.818000+02:00
dispatch real-time control setpoints for flexible loads that satisfy grid balancing requirements while respecting individual customer preferences.,a202eb29-fa42-415e-b22f-9fc7e57dd28b,1,2024-07-17 19:55:37.818000+02:00
distribute and execute large-scale dataset computations across cluster nodes to achieve high-throughput parallel processing.,23358189-fb91-412f-842c-bef9229956ff,1,2019-06-27 00:35:00.581000+02:00
"distribute enriched, quality-assured datasets to designated storage endpoints through automated data pipelines.",55dc8ec7-d7fc-49c0-9e48-7a17e738c15c,1,2022-12-13 13:08:02.166000+01:00
"draft formatted meeting minutes that capture key discussion points, decisions, and action items.",09fd1fa5-f634-4c39-84aa-2405538b3437,1,2025-01-16 17:21:38.295000+01:00
"draft, refine, and format professional business email messages tailored to specified communication objectives.",09fd1fa5-f634-4c39-84aa-2405538b3437,1,2025-01-16 17:21:38.295000+01:00
enforce policy-compliant access controls on each data asset across all storage platforms.,c4deee69-4625-4993-8135-ee9271f70386,1,2023-09-25 10:53:56.845000+02:00
estimate and fill in missing or anomalous readings with substituted values.,fe2ec994-3665-44dd-a540-6c1ba96c29eb,1,2024-09-13 12:46:32.673000+02:00
"execute predefined workflow actions to complete routine, rule-based business process transactions without human intervention",15903ac0-232e-4338-a4d0-8727772ed13e,1,2024-12-23 00:03:43.969000+01:00
"execute sql-style queries to retrieve, aggregate, and return requested data subsets from distributed petabyte-scale datasets in interactive time.",3532fa40-6d94-48df-9165-b0ff18449441,1,2019-06-27 00:35:00.582000+02:00
extract actionable insights from customer datasets and recommend data-driven business opportunities to support strategic decision-making.,1f26d538-dfb8-409d-8f9a-2a6818e8c18b,1,2017-06-28 18:13:06+02:00
extract actionable performance insights from uefa datasets for decision makers.,c9ac2369-88c6-42a7-8f28-af45cd68e356,1,2023-11-22 19:16:21.510000+01:00
extract and classify structural features from 3-d scans of objects using computer-vision algorithms.,6a787c58-6206-4e51-9243-5aebd08b8ff3,1,2022-10-06 09:23:53.002000+02:00
extract and consolidate structured and unstructured data from apis and webpages into a standardized machine-readable dataset.,c236c088-36f4-4b66-9871-e1e3bded16da,1,2023-11-10 20:34:52.196000+01:00
extract and rank business-relevant insights from quantitative datasets for automatic inclusion in stakeholder dashboards.,d8a4820d-a7ad-435b-8526-82902a9c30ad,1,2017-04-27 13:57:05+02:00
extract and summarize statistical metrics from unstructured datasets into structured reports.,39f6729e-c13d-4c9c-9310-8ff6812519e8,1,2021-06-11 12:33:23.649000+02:00
"extract key customer attributes from structured databases and unstructured text sources into a unified, queryable customer profile.",653fa515-c53e-4739-b9cc-6859a171e8b4,1,2019-08-26 04:20:06.910000+02:00
extract key market indicators from structured and unstructured market data.,653fa515-c53e-4739-b9cc-6859a171e8b4,1,2019-08-26 04:20:06.910000+02:00
extract key objects and their bounding boxes from each image and output them as structured metadata json.,39f6729e-c13d-4c9c-9310-8ff6812519e8,1,2021-06-11 12:33:23.649000+02:00
"extract named entities, topics, and sentiment from unstructured text to populate a structured insights report.",d8a4820d-a7ad-435b-8526-82902a9c30ad,1,2017-04-27 13:57:05+02:00
extract quantitative metrics on tooth morphology and pathology from dental images to support research and development teams.,313accd4-b7c6-4ac7-b898-cd174ea9c3b0,1,2018-11-20 10:38:34.366000+01:00
extract quantitative morphology and composition metrics from sem datasets for materials characterization reporting.,abe39638-9d6a-46d9-842f-00ab50ba9056,1,2024-05-06 17:07:49.272000+02:00
extract structured anatomical features and quantitative measurements from imaging data using computer-vision models.,c082ae47-ff0b-494c-85dc-6f9eef5f7cef,1,2018-11-20 17:19:48.961000+01:00
extract structured information and semantic metadata from unstructured text documents.,8d108c53-9348-4cef-9bb6-ccaed7e79abb,1,2018-02-22 14:58:46.658000+01:00
"extract, compile, and distribute short video clips highlighting key match incidents to officials for review and training.",f37220a2-376d-4d5c-9791-209d92aa8f75,1,2023-12-21 14:19:45.929000+01:00
"extract, transform, and load data from heterogeneous source systems into a centralized data warehouse",8ecadb6f-b6b9-4e7a-86be-6898501fce45,1,2025-04-14 21:01:50.632000+02:00
"extract, transform, and load structured and unstructured data into the target data warehouse according to predefined schemas.",5663ed9c-d91f-4509-a887-6fd4c0f0289c,1,2020-09-07 00:34:21.854000+02:00
flag anomalous readings in real-time energy data streams to identify potential data errors.,8ebecf5e-9efe-48f5-a650-c9a553b714b6,1,2024-06-26 21:44:24.401000+02:00
flag anomalous records within real-time energy data streams.,fe2ec994-3665-44dd-a540-6c1ba96c29eb,1,2024-09-13 12:46:32.673000+02:00
flag potential match incidents with precise timestamps and suggested camera angles for referee review,b9d1f851-a559-431e-bced-2e7f0da83287,1,2023-02-03 16:17:06.833000+01:00
flag time-stamped instances of potential officiating errors detected across synchronized multi-camera video streams.,f37220a2-376d-4d5c-9791-209d92aa8f75,1,2023-12-21 14:19:45.929000+01:00
forecast and rank imminent trajectory conflicts between unmanned aerial vehicles within controlled airspace to inform separation commands.,11e87048-f3c5-4cd7-beda-b4ad26c61d25,1,2019-02-19 23:46:33.843000+01:00
forecast client-specific outcomes from historical data,36672d2b-c0ce-4bdf-a8e9-480f59c4760e,1,2018-02-22 14:58:46.658000+01:00
forecast complex patterns and their future outcomes from input data using deep learning models.,79dd79ae-a7c2-4db0-8b72-17c626c26cbe,1,2019-06-27 21:42:07.276000+02:00
forecast department-specific business metrics to produce cross-departmental performance reports,69eb4346-50d7-4525-afad-496602c3a611,1,2016-10-07 12:07:20+02:00
forecast each client’s future revenue growth and rank clients by projected value,36672d2b-c0ce-4bdf-a8e9-480f59c4760e,1,2018-02-22 14:58:46.658000+01:00
forecast expected betting metrics for upcoming events using regression-based predictive models.,e5370c08-41c6-4a22-a409-3f00b63f3e75,1,2024-01-10 09:31:18.412000+01:00
forecast expected match metrics for each upcoming game using regression-based predictive models.,e5370c08-41c6-4a22-a409-3f00b63f3e75,1,2024-01-10 09:31:18.412000+01:00
forecast future business or customer outcomes using predictive models.,653fa515-c53e-4739-b9cc-6859a171e8b4,1,2019-08-26 04:20:06.910000+02:00
forecast future business performance metrics aligned to each client’s specified goals using trained predictive models.,4d3c7506-5753-44af-87ad-f374954db900,1,2019-06-27 00:35:00.581000+02:00
forecast future business performance metrics and recommend optimal operational actions using integrated big-data inputs.,988d98c6-7cd2-4dc0-a0fc-882635c21762,1,2018-11-08 15:54:08.405000+01:00
forecast future cargo traffic volumes and capacity requirements for civil aviation routes.,c1897ce0-af70-4802-a60d-ef94ccb60adc,1,2022-02-24 06:54:49.995000+01:00
"forecast future civil aviation passenger volumes by route, airport, and time period.",c1897ce0-af70-4802-a60d-ef94ccb60adc,1,2022-02-24 06:54:49.995000+01:00
forecast future demand and recommend optimal operational actions from enterprise-scale data streams to support data-driven decision making.,988d98c6-7cd2-4dc0-a0fc-882635c21762,1,2018-11-08 15:54:08.405000+01:00
forecast future freight traffic volumes across transportation routes using historical shipment data and relevant external variables.,86815f19-7f14-4fa4-b28c-60935bf619c0,1,2022-03-03 04:51:00.274000+01:00
forecast future key business metrics using deep learning models.,4d3c7506-5753-44af-87ad-f374954db900,1,2019-06-27 00:35:00.581000+02:00
forecast future metric values based on historical time-series data.,39f6729e-c13d-4c9c-9310-8ff6812519e8,1,2021-06-11 12:33:23.649000+02:00
forecast future national civil-aviation passenger and cargo traffic volumes over specified time horizons.,c1897ce0-af70-4802-a60d-ef94ccb60adc,1,2022-02-24 06:54:49.995000+01:00
forecast future numerical values for key business metrics over specified time horizons,bb043b39-2e3c-47ff-a720-a20ad70c2d69,1,2018-11-19 10:28:52.665000+01:00
forecast future numerical values for specified metrics,34b55766-eccf-4834-88a3-bef5e91db810,1,2021-06-10 21:33:50.997000+02:00
forecast future operational performance indicators from historical company data streams.,988d98c6-7cd2-4dc0-a0fc-882635c21762,1,2018-11-08 15:54:08.405000+01:00
forecast future outcomes and recommend optimal actions from raw datasets.,f2d4be67-0a3c-4b08-bf0e-f9c1c292db52,1,2018-02-22 14:50:42+01:00
forecast future overall traffic volumes from historical traffic data.,86815f19-7f14-4fa4-b28c-60935bf619c0,1,2022-03-03 04:51:00.274000+01:00
forecast future passenger traffic volumes using historical travel data.,86815f19-7f14-4fa4-b28c-60935bf619c0,1,2022-03-03 04:51:00.274000+01:00
forecast future performance metrics by applying deployed machine-learning models to historical operational data.,65782da5-0cea-4f05-a6cd-628469b232d9,1,2023-05-09 12:22:13.146000+02:00
forecast future sales volumes for upcoming periods using trained machine-learning models.,6810974f-03f5-4baa-b415-354d39be8584,1,2022-08-29 14:35:18.308000+02:00
forecast future target outcomes from historical data using trained predictive models.,b70d5701-e80c-46bd-bed1-d16ed2d86288,1,2018-02-22 14:58:46.658000+01:00
forecast future trends from time-series data using predictive models.,c082ae47-ff0b-494c-85dc-6f9eef5f7cef,1,2018-11-20 17:19:48.961000+01:00
forecast future values across specified time horizons from multivariate temporal datasets.,313accd4-b7c6-4ac7-b898-cd174ea9c3b0,1,2018-11-20 10:38:34.366000+01:00
forecast future values and detect anomalies in time-series data.,39f6729e-c13d-4c9c-9310-8ff6812519e8,1,2021-06-11 12:33:23.649000+02:00
forecast future values for provided time-series datasets.,bb043b39-2e3c-47ff-a720-a20ad70c2d69,1,2018-11-19 10:28:52.665000+01:00
forecast future values from time-series datasets using predictive models.,c082ae47-ff0b-494c-85dc-6f9eef5f7cef,1,2018-11-20 17:19:48.961000+01:00
forecast future values of flexibility-pool variables across specified time horizons as time-stamped series.,fe2ec994-3665-44dd-a540-6c1ba96c29eb,1,2024-09-13 12:46:32.673000+02:00
forecast future values of key business metrics and summarize descriptive analytic findings for stakeholder consumption.,98b96b27-0c44-443c-acac-3957458c30f7,1,2019-07-16 03:02:01.947000+02:00
forecast future values of key performance indicators from large-scale datasets using trained machine-learning models.,59935f81-a12e-407e-8f94-f6721415ddf4,1,2018-02-22 21:06:56.659000+01:00
forecast future values of key performance metrics from historical time-series data.,34b55766-eccf-4834-88a3-bef5e91db810,1,2021-06-10 21:33:50.997000+02:00
forecast future values of key strategic metrics for national-association development.,c236c088-36f4-4b66-9871-e1e3bded16da,1,2023-11-10 20:34:52.196000+01:00
forecast future values of time-series datasets to provide multi-period projections for operational planning.,313accd4-b7c6-4ac7-b898-cd174ea9c3b0,1,2018-11-20 10:38:34.366000+01:00
"forecast hourly electricity demand for the next 30 days using historical consumption, weather, and calendar data.",6d6828e8-4917-4e4d-8125-71a78ef9c7ec,1,2025-01-08 18:40:41.891000+01:00
"forecast individual fan purchase and engagement behaviors using parametric, non-parametric, and discrete-choice machine-learning models.",a96d5a62-983e-4238-9a23-a1cfa94a8ac6,1,2024-01-10 15:38:20.105000+01:00
forecast item-level future sales demand for specified time horizons using predictive models that incorporate historical sales data and relevant external variables.,d6fcba69-11e2-4a99-b605-b696db2799c1,1,2022-06-02 16:42:08.113000+02:00
forecast key business metrics and output advanced analytics dashboards derived from large-scale machine-learning models running on big-data infrastructure.,9a9254ed-c57e-4028-9264-6b80823f94a5,1,2023-03-30 11:08:28.473000+02:00
forecast key business metrics for each specified use case to support data-driven decision making.,0b3e65c9-b852-483a-b7c1-973e4217a5ad,1,2019-11-28 16:49:35.062000+01:00
forecast key business performance indicators from large datasets to support strategic decision-making.,1e63e2c5-c3d0-4a90-b43a-b0b23e0c66d3,1,2018-04-10 10:31:02+02:00
forecast key business performance metrics from large-scale datasets to reveal actionable patterns.,1e63e2c5-c3d0-4a90-b43a-b0b23e0c66d3,1,2018-04-10 10:31:02+02:00
forecast key business performance metrics from large-scale datasets.,cf749ec0-baa8-42c8-ab22-0ebc4b803dca,1,2019-06-27 00:35:00.580000+02:00
forecast key business-case performance metrics across multiple simulated scenarios.,653fa515-c53e-4739-b9cc-6859a171e8b4,1,2019-08-26 04:20:06.910000+02:00
forecast key performance indicators in real time or scheduled batches using deployed machine-learning models.,00fdc1e5-4c72-47b2-a0eb-b604d030f1cb,1,2019-11-28 16:49:35.061000+01:00
forecast key target metrics from prepared datasets to deliver predictive performance reports.,3532fa40-6d94-48df-9165-b0ff18449441,1,2019-06-27 00:35:00.582000+02:00
forecast migration trends from sem datasets to inform process enhancements.,abe39638-9d6a-46d9-842f-00ab50ba9056,1,2024-05-06 17:07:49.272000+02:00
forecast migration-related variables and corresponding future service-demand volumes.,092197f8-b87e-4f6f-8e49-a1ff93b2242f,1,2021-05-21 17:31:03.811000+02:00
forecast monthly civil-aviation freight volumes from historical shipment data.,86815f19-7f14-4fa4-b28c-60935bf619c0,1,2022-03-03 04:51:00.274000+01:00
forecast near-term sku-level inventory demand to inform erp replenishment actions,4a726393-e8a7-4476-9c43-e91d42dd509b,1,2023-06-09 10:13:05.405000+02:00
forecast outcomes and recommend actions for client applications based on trained machine-learning models.,f3efc281-41a4-4d2e-a3d1-2c1fd5d0ea1c,1,2019-11-28 16:49:35.063000+01:00
forecast outcomes for multiple simulated scenarios based on varying user-defined assumptions.,d8a4820d-a7ad-435b-8526-82902a9c30ad,1,2017-04-27 13:57:05+02:00
forecast quality outcomes of dental procedures to upgrade decision-support functions within dental software.,63f682cc-a259-4680-9688-11dddcab823e,1,2021-03-15 13:48:54.745000+01:00
forecast scenario-based financial performance metrics to support business-case development,653fa515-c53e-4739-b9cc-6859a171e8b4,1,2019-08-26 04:20:06.910000+02:00
forecast short- and long-term energy demand values from historical time-series data.,8ebecf5e-9efe-48f5-a650-c9a553b714b6,1,2024-06-26 21:44:24.401000+02:00
forecast short- and long-term energy-market variables as time-series predictions for trading and planning decisions.,fe2ec994-3665-44dd-a540-6c1ba96c29eb,1,2024-09-13 12:46:32.673000+02:00
forecast specified business performance metrics for defined use cases using advanced-analytics algorithms.,0b3e65c9-b852-483a-b7c1-973e4217a5ad,1,2019-11-28 16:49:35.062000+01:00
"forecast supply-chain demand, lead times, and inventory requirements using statistical and deep-learning models.",6810974f-03f5-4baa-b415-354d39be8584,1,2022-08-29 14:35:18.308000+02:00
forecast target outcomes for each new production data record using deployed machine-learning models.,a956f957-f910-4173-b48b-197cd0d8a909,1,2020-04-28 19:04:43.611000+02:00
forecast target outcomes from large-scale datasets to produce predictive data products.,688e185c-59bf-484e-bed0-f452f5643e8c,1,2023-03-15 11:41:26.957000+01:00
forecast target variable values for incoming production data records.,4edb9146-4f16-451a-a7c7-05d5e4bcd0ec,1,2019-06-27 00:35:00.582000+02:00
forecast target variable values for new data records using trained machine-learning models.,6bb7eb47-d5d7-4971-be79-e46cfcbbe2fc,1,2022-04-19 19:37:10.451000+02:00
forecast the reachable audience size for upcoming marketing campaigns prior to launch.,3cafa8c9-f507-4462-b9f6-4c09f34a8d0d,1,2023-10-17 12:16:13.940000+02:00
forecast the remaining time (in days) until each manufactured watch is expected to be returned for after-sales service.,6a5700d6-d266-4a80-88e7-e3e8c2e252c1,1,2021-06-15 14:24:55.809000+02:00
forecast time-dependent failure probabilities for each product or component to support maintenance scheduling and warranty planning.,bd644e4d-bbe5-4608-b123-d42763601e16,1,2023-05-30 15:26:01.789000+02:00
forecast time-dependent failure probabilities to quantify product robustness across operating conditions.,47d92ac8-a8b8-463b-8a7d-abdc841569f2,1,2023-10-12 16:42:43.103000+02:00
forecast upcoming uefa match attendance to optimize ticket pricing and stadium resource allocation,c9ac2369-88c6-42a7-8f28-af45cd68e356,1,2023-11-22 19:16:21.510000+01:00
"fuse data-warehouse tables with distributed big-data sources into one scalable, query-ready analytical dataset.",8e813757-4791-4e85-bb57-c459913c7aae,1,2020-10-19 14:44:59.801000+02:00
generate and refresh star-schema tables and materialized views in the enterprise data warehouse to incorporate newly ingested data.,5663ed9c-d91f-4509-a887-6fd4c0f0289c,1,2020-09-07 00:34:21.854000+02:00
generate optimized 3d cad models for patient-specific dental restorations and orthodontic appliances.,4108406f-398a-4a89-bd00-088782062204,1,2017-06-14 09:14:38+02:00
generate optimized cnc milling toolpaths for dental prosthetics directly from 3-d cad scans.,dca9c528-94a5-4309-9373-343b6e1f93d1,1,2018-01-20 10:16:13+01:00
generate optimized cnc toolpaths from cad geometry to minimize machining time and tool wear.,cc13b0d3-7b49-4a51-9a39-25829ca27021,1,2019-11-19 09:11:48.318000+01:00
generate predictive models that forecast customer-specific business outcomes from very large datasets to guide goal-oriented decision making.,526b76ca-c4bb-474b-b03e-a8b44a602730,1,2019-11-28 16:49:35.060000+01:00
"generate ranked insight reports that highlight business-relevant patterns extracted from large, complex datasets.",d8756e31-1a37-468c-8d97-a99ce7695f43,1,2025-06-04 20:43:01.363000+02:00
generate self-service bw/4hana reports that allow users to execute and refine their own analyses,a51ca921-26a8-4f6d-91c5-80a3c9a1b461,1,2023-12-14 14:37:34.691000+01:00
generate statistical summary reports detailing passenger volume trends and demographic patterns from civil-aviation datasets.,86815f19-7f14-4fa4-b28c-60935bf619c0,1,2022-03-03 04:51:00.274000+01:00
"harmonize disparate structured and unstructured data sources into a unified, schema-aligned dataset ready for downstream analytics.",21101116-154f-48c4-8546-95616c66f2fc,1,2019-11-28 16:49:35.063000+01:00
"harvest large-scale sports, betting, and osint datasets by orchestrating api calls and web-scraping bots.",e5370c08-41c6-4a22-a409-3f00b63f3e75,1,2024-01-10 09:31:18.412000+01:00
highlight business-relevant patterns in quantitative datasets using machine-learning models.,a956f957-f910-4173-b48b-197cd0d8a909,1,2020-04-28 19:04:43.611000+02:00
identify and flag near-duplicate records across large datasets by computing hashing-based similarity scores.,d8a4820d-a7ad-435b-8526-82902a9c30ad,1,2017-04-27 13:57:05+02:00
identify and rank actionable business insights derived from advanced analytic models.,a96d5a62-983e-4238-9a23-a1cfa94a8ac6,1,2024-01-10 15:38:20.105000+01:00
identify and remove near-duplicate records within large-scale datasets using locality-sensitive hashing to output a de-duplicated data corpus,8d108c53-9348-4cef-9bb6-ccaed7e79abb,1,2018-02-22 14:58:46.658000+01:00
identify significant patterns within petabyte-scale datasets to reveal actionable trends for decision support.,4d3c7506-5753-44af-87ad-f374954db900,1,2019-06-27 00:35:00.581000+02:00
impute replacement values for missing or faulty data points within datasets.,6d6828e8-4917-4e4d-8125-71a78ef9c7ec,1,2025-01-08 18:40:41.891000+01:00
impute substitute values for missing or erroneous data points to complete the dataset.,8ebecf5e-9efe-48f5-a650-c9a553b714b6,1,2024-06-26 21:44:24.401000+02:00
index each var/glt decision with synchronized match video and contextual data to produce a centralized incident log for all competitions.,b9d1f851-a559-431e-bced-2e7f0da83287,1,2023-02-03 16:17:06.833000+01:00
ingest and classify structured and unstructured business data into standardized categories automatically.,653fa515-c53e-4739-b9cc-6859a171e8b4,1,2019-08-26 04:20:06.910000+02:00
ingest and consolidate petabyte-scale data streams into a distributed storage system for downstream use.,180b3d96-9772-438e-a857-abe72db566ea,1,2022-08-11 13:11:05.704000+02:00
"ingest and store incoming data in version-controlled, scalable repositories via reproducible pipelines to supply downstream ml models.",0b3e65c9-b852-483a-b7c1-973e4217a5ad,1,2019-11-28 16:49:35.062000+01:00
ingest and transform data from diverse sources into standardized tables within azure synapse analytics and databricks.,55dc8ec7-d7fc-49c0-9e48-7a17e738c15c,1,2022-12-13 13:08:02.166000+01:00
"ingest raw data from multiple sources, transform it into standardized, validated datasets, and serve those datasets to downstream machine-learning services on a reproducible schedule.",a956f957-f910-4173-b48b-197cd0d8a909,1,2020-04-28 19:04:43.611000+02:00
"ingest, catalog, and partition large-scale data sets into a cloud data lake/warehouse, producing organized, query-ready storage structures with accompanying metadata.",9a9254ed-c57e-4028-9264-6b80823f94a5,1,2023-03-30 11:08:28.473000+02:00
"ingest, harmonize, and load heterogeneous football data sources into uefa’s central snowflake data warehouse.",c236c088-36f4-4b66-9871-e1e3bded16da,1,2023-11-10 20:34:52.196000+01:00
"ingest, validate, and store raw source data into a scalable feature dataset that directly feeds downstream machine-learning models.",0b3e65c9-b852-483a-b7c1-973e4217a5ad,1,2019-11-28 16:49:35.062000+01:00
instantly alert the referee when a rule infraction is detected during gameplay.,b9d1f851-a559-431e-bced-2e7f0da83287,1,2023-02-03 16:17:06.833000+01:00
"integrate disparate data sources into a unified, query-optimized data warehouse for large-scale analytics",8e813757-4791-4e85-bb57-c459913c7aae,1,2020-10-19 14:44:59.801000+02:00
"integrate records from disparate source systems into a continuously updated, unified data repository.",526b76ca-c4bb-474b-b03e-a8b44a602730,1,2019-11-28 16:49:35.060000+01:00
locate and return precise gps coordinates of distress signals to emergency dispatchers in real time.,7c9cfe87-4196-44e7-bdc4-4f03c87dc0db,1,2025-05-29 05:09:44.231000+02:00
map relational patterns among entities within large-scale graph data sets.,d8a4820d-a7ad-435b-8526-82902a9c30ad,1,2017-04-27 13:57:05+02:00
"merge and harmonize datasets from multiple internal and external sources into a unified, analytics-ready data repository.",c9ac2369-88c6-42a7-8f28-af45cd68e356,1,2023-11-22 19:16:21.510000+01:00
merge heterogeneous data streams into a single standardized dataset for downstream consumption.,ed8afde5-3530-4856-a937-25808f6ab09b,1,2021-10-13 19:38:34.666000+02:00
merge internal datasets with relevant external data sources to output a fully enriched dataset for downstream use.,9a9254ed-c57e-4028-9264-6b80823f94a5,1,2023-03-30 11:08:28.473000+02:00
model key drivers of clients’ target business metrics to produce descriptive models that explain factors influencing goal attainment.,4d3c7506-5753-44af-87ad-f374954db900,1,2019-06-27 00:35:00.581000+02:00
"normalize and convert heterogeneous structured datasets into standardized, analysis-ready data files.",ed8afde5-3530-4856-a937-25808f6ab09b,1,2021-10-13 19:38:34.666000+02:00
normalize and enrich raw data streams into analysis-ready structured datasets.,39f6729e-c13d-4c9c-9310-8ff6812519e8,1,2021-06-11 12:33:23.649000+02:00
optimize 3-d dental model meshes to enhance geometric accuracy and surface smoothness.,63f682cc-a259-4680-9688-11dddcab823e,1,2021-03-15 13:48:54.745000+01:00
optimize a state-action policy that prescribes the highest-reward action for each environmental state via reinforcement learning.,526b76ca-c4bb-474b-b03e-a8b44a602730,1,2019-11-28 16:49:35.060000+01:00
optimize allocation of data across multi-tier storage layers to minimize latency and cost,753c35b5-1e4c-4439-b8fc-10ca2b5baa51,1,2022-05-31 10:02:38.718000+02:00
optimize an action policy that prescribes the highest-utility next step at each point in a sequence of decisions.,79dd79ae-a7c2-4db0-8b72-17c626c26cbe,1,2019-06-27 21:42:07.276000+02:00
optimize and output cnc tool-paths for milling machines to fabricate custom dental prosthetics.,cc13b0d3-7b49-4a51-9a39-25829ca27021,1,2019-11-19 09:11:48.318000+01:00
optimize and output machine-ready toolpaths or 3-d-printer build files for custom dental parts.,4108406f-398a-4a89-bd00-088782062204,1,2017-06-14 09:14:38+02:00
optimize cad/cam toolpaths to reduce dimensional inaccuracies,cc13b0d3-7b49-4a51-9a39-25829ca27021,1,2019-11-19 09:11:48.318000+01:00
optimize client business-process workflows to enhance efficiency using continuously trained machine-learning models.,1f26d538-dfb8-409d-8f9a-2a6818e8c18b,1,2017-06-28 18:13:06+02:00
optimize cloud resource allocation and autoscaling parameters for analytic workloads on google cloud platform to sustain target performance and cost efficiency.,d8756e31-1a37-468c-8d97-a99ce7695f43,1,2025-06-04 20:43:01.363000+02:00
optimize cnc tool paths for milling dental restorations to minimize machining time while ensuring prescribed surface quality and dimensional accuracy.,63f682cc-a259-4680-9688-11dddcab823e,1,2021-03-15 13:48:54.745000+01:00
optimize cnc tool-path parameters and feed-rate schedules to automatically reduce cycle time while maintaining specified geometric tolerances.,4e787ea1-a8f7-4b96-9d47-791cb7131104,1,2017-05-31 09:12:57+02:00
optimize cnc toolpaths to minimize machining time within the cad/cam workflow.,cc13b0d3-7b49-4a51-9a39-25829ca27021,1,2019-11-19 09:11:48.318000+01:00
optimize decision policies by learning policy parameters from interaction data via reinforcement learning.,4d3c7506-5753-44af-87ad-f374954db900,1,2019-06-27 00:35:00.581000+02:00
optimize hyperparameters and compute resource allocation to reduce training time for dental machine-learning models.,0cbd7e24-fd57-4557-9c14-c6e511769cc2,1,2024-12-06 17:42:16.657000+01:00
optimize model parameters to improve prediction accuracy based on new training data.,6bb7eb47-d5d7-4971-be79-e46cfcbbe2fc,1,2022-04-19 19:37:10.451000+02:00
optimize real-time control action sequences for dynamic system operation using reinforcement-learned policies.,79dd79ae-a7c2-4db0-8b72-17c626c26cbe,1,2019-06-27 21:42:07.276000+02:00
optimize real-time control set-points for decentralized flexibility assets to balance supply and demand across the energy network.,6d6828e8-4917-4e4d-8125-71a78ef9c7ec,1,2025-01-08 18:40:41.891000+01:00
"optimize water-distribution network configurations by simulating hydraulic performance and recommending pipe diameters, valve settings, and pump schedules that minimize pressure loss, leakage, and energy cost.",0d03cf16-e798-4342-9a5a-cc7bdfc5ac38,1,2019-07-12 07:20:32.419000+02:00
orchestrate and route end-to-end digital business workflow tasks across systems according to predefined bpm rules.,151124a3-5d15-4ccf-860d-b4f54eb0896e,1,2020-08-04 15:50:20.454000+02:00
"orchestrate end-to-end data extraction, transformation, and loading workflows across multiple source and target systems.",5663ed9c-d91f-4509-a887-6fd4c0f0289c,1,2020-09-07 00:34:21.854000+02:00
orchestrate end-to-end task sequences that pass data and execution commands between disparate enterprise applications to complete business workflows automatically.,79dd79ae-a7c2-4db0-8b72-17c626c26cbe,1,2019-06-27 21:42:07.276000+02:00
"orchestrate unified, end-to-end workflow pipelines that automatically synchronize and trigger tasks across multiple disparate source systems.",4d3c7506-5753-44af-87ad-f374954db900,1,2019-06-27 00:35:00.581000+02:00
"output a cleaned, validated, and standardized dataset by detecting anomalies, imputing missing values, and reformatting raw data for downstream analytics.",c082ae47-ff0b-494c-85dc-6f9eef5f7cef,1,2018-11-20 17:19:48.961000+01:00
"output a corrected, de-duplicated dataset that resolves data entry errors and value inconsistencies for downstream analytics.",3ae47cf6-96ed-497d-89e0-86984c0807b8,1,2019-11-28 16:49:35.061000+01:00
output optimized action plans predicted to maximize each customer’s specified business objective,79dd79ae-a7c2-4db0-8b72-17c626c26cbe,1,2019-06-27 21:42:07.276000+02:00
output optimized spatial nesting layouts for multiple dental parts to maximize material usage and machining efficiency.,cc13b0d3-7b49-4a51-9a39-25829ca27021,1,2019-11-19 09:11:48.318000+01:00
output trained predictive models that forecast customer outcomes from ingested customer data.,4a726393-e8a7-4476-9c43-e91d42dd509b,1,2023-06-09 10:13:05.405000+02:00
overlay patient-specific 3d dental models onto live real-world views to guide clinical and laboratory procedures.,4108406f-398a-4a89-bd00-088782062204,1,2017-06-14 09:14:38+02:00
overlay patient-specific 3d dental models onto real-time camera feeds to create augmented-reality visualizations of oral structures.,9b5bc1d8-197d-49d5-a2db-2f643de2450f,1,2025-01-16 12:01:03.872000+01:00
overlay patient-specific dental anatomy and treatment guidance onto the dentist’s live intra-oral video feed in real time.,0cbd7e24-fd57-4557-9c14-c6e511769cc2,1,2024-12-06 17:42:16.657000+01:00
overlay real-time augmented-reality guidance cues onto live intraoral video feeds to assist dental procedures.,dca9c528-94a5-4309-9373-343b6e1f93d1,1,2018-01-20 10:16:13+01:00
"partition and store petabyte-scale datasets across distributed nodes to enable fault-tolerant, parallel computation.",c9b1fcab-0cc4-4718-a8a9-3b4bf2445a5d,1,2022-08-11 13:11:05.680000+02:00
populate and refresh interactive performance dashboards for decision makers in real time.,988d98c6-7cd2-4dc0-a0fc-882635c21762,1,2018-11-08 15:54:08.405000+01:00
populate and update metadata fields for digital assets.,5663ed9c-d91f-4509-a887-6fd4c0f0289c,1,2020-09-07 00:34:21.854000+02:00
populate business-intelligence platforms with curated datasets on a scheduled or event-triggered cadence.,c4deee69-4625-4993-8135-ee9271f70386,1,2023-09-25 10:53:56.845000+02:00
"populate standardized client profiles by extracting submitted documents, verifying identity information, and scoring onboarding risk for immediate account activation.",c7abbf2a-0b43-4a42-a670-b406b0f881dd,1,2020-07-27 16:51:00.883000+02:00
"populate structured tables with consolidated fan-related data extracted from multiple non-tabular sources (apis, json) across channels.",a96d5a62-983e-4238-9a23-a1cfa94a8ac6,1,2024-01-10 15:38:20.105000+01:00
"populate the target data repository by automatically extracting, transforming, and loading datasets from heterogeneous source systems.",8e813757-4791-4e85-bb57-c459913c7aae,1,2020-10-19 14:44:59.801000+02:00
predict outcome probabilities for incoming data streams in real time or scheduled batches using deployed machine-learning models.,00fdc1e5-4c72-47b2-a0eb-b604d030f1cb,1,2019-11-28 16:49:35.061000+01:00
predict outcomes for each incoming production data record in real time.,cf749ec0-baa8-42c8-ab22-0ebc4b803dca,1,2019-06-27 00:35:00.580000+02:00
predict outcomes for incoming data streams and scheduled data batches using deployed machine-learning models.,39dab1b1-f039-4e66-8da7-6aa9086dde85,1,2019-06-27 21:42:07.276000+02:00
predict target outcomes in real time by executing and serving machine-learning models built by data scientists.,8e813757-4791-4e85-bb57-c459913c7aae,1,2020-10-19 14:44:59.801000+02:00
predict target outcomes in real time for each incoming data record during operational deployment.,5663ed9c-d91f-4509-a887-6fd4c0f0289c,1,2020-09-07 00:34:21.854000+02:00
predict target variable values for supplied datasets using python-based machine-learning models.,8ecadb6f-b6b9-4e7a-86be-6898501fce45,1,2025-04-14 21:01:50.632000+02:00
prioritize and transmit geolocated sensor readings and contextual environmental data to search-and-rescue teams in real time during emergency operations.,7c9cfe87-4196-44e7-bdc4-4f03c87dc0db,1,2025-05-29 05:09:44.231000+02:00
"produce a cleaned, normalized, and feature-engineered dataset ready for downstream analytics and machine-learning modeling",00fdc1e5-4c72-47b2-a0eb-b604d030f1cb,1,2019-11-28 16:49:35.061000+01:00
"produce a cleaned, normalized, and integrated dataset from heterogeneous structured and unstructured sources for direct use in downstream analytics.",c9b1fcab-0cc4-4718-a8a9-3b4bf2445a5d,1,2022-08-11 13:11:05.680000+02:00
"produce a cleaned, structured dataset by extracting, standardizing, and formatting information from heterogeneous unstructured data sources for downstream analytical modeling.",ed8afde5-3530-4856-a937-25808f6ab09b,1,2021-10-13 19:38:34.666000+02:00
"produce a cleansed dataset by correcting corrupt values, standardizing formats, and imputing missing information across records.",c9ac2369-88c6-42a7-8f28-af45cd68e356,1,2023-11-22 19:16:21.510000+01:00
"produce a cleansed, transformed dataset ready for downstream analytics.",313accd4-b7c6-4ac7-b898-cd174ea9c3b0,1,2018-11-20 10:38:34.366000+01:00
"produce a standardized, de-duplicated, and imputed dataset ready for downstream analysis.",39f6729e-c13d-4c9c-9310-8ff6812519e8,1,2021-06-11 12:33:23.649000+02:00
"produce cleansed datasets by removing duplicates, correcting errors, and standardizing formats in real-time, near-real-time, or batch modes.",753c35b5-1e4c-4439-b8fc-10ca2b5baa51,1,2022-05-31 10:02:38.718000+02:00
"produce cleansed, transformed datasets ready for analytics by executing automated etl workflows.",9a9254ed-c57e-4028-9264-6b80823f94a5,1,2023-03-30 11:08:28.473000+02:00
produce correlation matrices that quantify and rank relationships between manufacturing process variables and product defect causes.,bd644e4d-bbe5-4608-b123-d42763601e16,1,2023-05-30 15:26:01.789000+02:00
"produce enriched datasets by appending additional contextual attributes to incoming data streams in real-time, near-real-time, or batch mode.",753c35b5-1e4c-4439-b8fc-10ca2b5baa51,1,2022-05-31 10:02:38.718000+02:00
produce high-resolution finite-element simulation results for dental prosthetic designs in reduced computation time.,0cbd7e24-fd57-4557-9c14-c6e511769cc2,1,2024-12-06 17:42:16.657000+01:00
produce interactive dashboards that depict results of complex data analyses for stakeholders.,c082ae47-ff0b-494c-85dc-6f9eef5f7cef,1,2018-11-20 17:19:48.961000+01:00
produce interactive dashboards that visualize and summarize key performance metrics from complex data sets to support data-driven decisions.,860fba3b-5a64-4b40-9249-6ca151ec44df,1,2022-08-11 13:11:05.700000+02:00
produce interactive dashboards that visualize cleaned and aggregated football match data to highlight team and player performance trends.,c236c088-36f4-4b66-9871-e1e3bded16da,1,2023-11-10 20:34:52.196000+01:00
"produce interactive visualizations that present analytical insights in user-friendly, digestible formats for end-users.",e5370c08-41c6-4a22-a409-3f00b63f3e75,1,2024-01-10 09:31:18.412000+01:00
produce live dashboards that display continuously updated performance metrics from incoming data streams.,4edb9146-4f16-451a-a7c7-05d5e4bcd0ec,1,2019-06-27 00:35:00.582000+02:00
produce natural-language responses that provide requested administrative information to citizens and sem stakeholders through a digital chatbot.,1efd25b2-3ea5-42b2-b505-21afd937626d,1,2022-02-07 18:02:57.097000+01:00
produce optimized water-distribution network configurations that enhance hydraulic performance and system reliability.,796a6c7e-0073-428b-b2d3-cc8aa0e3bf35,1,2018-04-04 14:56:54+02:00
"produce optimized, fully trained predictive or descriptive models ready for deployment.",21101116-154f-48c4-8546-95616c66f2fc,1,2019-11-28 16:49:35.063000+01:00
"produce predictive, classification, and optimization models of complex dental-technology phenomena.",69eb4346-50d7-4525-afad-496602c3a611,1,2016-10-07 12:07:20+02:00
produce real-time alerts flagging detected events and emerging trends within live data streams.,59935f81-a12e-407e-8f94-f6721415ddf4,1,2018-02-22 21:06:56.659000+01:00
produce real-time and batch prediction scores from deployed machine-learning models for downstream applications.,39dab1b1-f039-4e66-8da7-6aa9086dde85,1,2019-06-27 21:42:07.276000+02:00
produce statistical reports summarizing key metrics and predictive findings derived from modern machine-learning models.,a51ca921-26a8-4f6d-91c5-80a3c9a1b461,1,2023-12-14 14:37:34.691000+01:00
produce trained decision-automation models that recommend optimal actions for predefined business scenarios.,b70d5701-e80c-46bd-bed1-d16ed2d86288,1,2018-02-22 14:58:46.658000+01:00
produce validated predictive models trained on curated datasets for decision-support applications.,47d92ac8-a8b8-463b-8a7d-abdc841569f2,1,2023-10-12 16:42:43.103000+02:00
"produce versioned, fully transformed and scaled feature datasets for downstream machine-learning training and inference.",cc85673f-2a1b-4b36-a727-10c4c1f6364d,1,2021-10-13 19:38:37.278000+02:00
"provision an interactive graphical or code-based workspace that enables users to build, train, and deploy data-mining and machine-learning models.",c9b1fcab-0cc4-4718-a8a9-3b4bf2445a5d,1,2022-08-11 13:11:05.680000+02:00
provision and resize cloud-storage capacity across data-warehouse or data-lake platforms in real time to accommodate fluctuating big-data workloads.,a4b7351c-82f1-448d-995b-2a065cde077e,1,2023-09-22 15:53:35.772000+02:00
provision autoscaling cloud pipelines that output trained model artifacts and real-time inference endpoints.,50232a33-3041-4c71-a1ab-b2ef294fe7ec,1,2025-04-15 11:20:16.969000+02:00
"provision cleaned, formatted data sets to business applications on demand.",ed8afde5-3530-4856-a937-25808f6ab09b,1,2021-10-13 19:38:34.666000+02:00
provision cloud-native query endpoints that return feature datasets and real-time feature vectors to machine-learning pipelines for training and inference.,50232a33-3041-4c71-a1ab-b2ef294fe7ec,1,2025-04-15 11:20:16.969000+02:00
publish cleaned and transformed datasets to a production data store for on-demand consumption by analytics and business applications.,3ae47cf6-96ed-497d-89e0-86984c0807b8,1,2019-11-28 16:49:35.061000+01:00
publish curated datasets to downstream consumers via public apis and open-data channels.,9a9254ed-c57e-4028-9264-6b80823f94a5,1,2023-03-30 11:08:28.473000+02:00
publish interactive analytical dashboards in power bi to designated user portals automatically.,55dc8ec7-d7fc-49c0-9e48-7a17e738c15c,1,2022-12-13 13:08:02.166000+01:00
publish interactive analytical reports in power bi for end-user consumption,55dc8ec7-d7fc-49c0-9e48-7a17e738c15c,1,2022-12-13 13:08:02.166000+01:00
publish preprocessed datasets to downstream analytics systems at specified times or in response to triggering events.,c4deee69-4625-4993-8135-ee9271f70386,1,2023-09-25 10:53:56.845000+02:00
publish structured datasets to open-data portals and expose them through public rest apis for external applications.,55dc8ec7-d7fc-49c0-9e48-7a17e738c15c,1,2022-12-13 13:08:02.166000+01:00
rank inspection workshops by compiling benchmark reports that compare their key performance metrics.,47d92ac8-a8b8-463b-8a7d-abdc841569f2,1,2023-10-12 16:42:43.103000+02:00
rank sensory inspection criteria by their predictive strength for overall product quality,84bfc7cb-a8ea-460a-b50b-676f3a12d384,1,2025-05-16 09:52:25.338000+02:00
"recognize complex patterns in customer-supplied data (e.g., identify objects in images, extract key information from text, detect anomalies in signals) using deep-learning models.",526b76ca-c4bb-474b-b03e-a8b44a602730,1,2019-11-28 16:49:35.060000+01:00
"recommend a personalized, step-by-step onboarding plan for each new client and automatically schedule the required meetings and document submissions.",151124a3-5d15-4ccf-860d-b4f54eb0896e,1,2020-08-04 15:50:20.454000+02:00
recommend actionable business insights by detecting patterns in quantitative data and visualizing key metrics.,cf749ec0-baa8-42c8-ab22-0ebc4b803dca,1,2019-06-27 00:35:00.580000+02:00
recommend actionable optimisation strategies derived from detected patterns in customer data.,b14c1459-5699-4dd2-9bfb-6fe1cb06e5a3,1,2020-06-02 19:09:59.712000+02:00
recommend conversion-optimizing actions ranked by projected improvement in key performance metrics,653fa515-c53e-4739-b9cc-6859a171e8b4,1,2019-08-26 04:20:06.910000+02:00
recommend corrective actions to resolve identified issues,84bfc7cb-a8ea-460a-b50b-676f3a12d384,1,2025-05-16 09:52:25.338000+02:00
recommend cost-reducing acquisition strategies based on data-driven optimization analyses.,653fa515-c53e-4739-b9cc-6859a171e8b4,1,2019-08-26 04:20:06.910000+02:00
recommend data-backed strategic actions to stakeholders across the organization.,d8756e31-1a37-468c-8d97-a99ce7695f43,1,2025-06-04 20:43:01.363000+02:00
recommend data-driven actions to support organization-wide decision making,5a0fdbb3-8ff2-49f5-bd19-05172df925c8,1,2024-02-16 14:17:28.341000+01:00
recommend data-driven business actions aligned with predefined hypotheses to support decision making.,4d3c7506-5753-44af-87ad-f374954db900,1,2019-06-27 00:35:00.581000+02:00
recommend data-driven customer-experience optimizations.,653fa515-c53e-4739-b9cc-6859a171e8b4,1,2019-08-26 04:20:06.910000+02:00
recommend data-driven decision options aligned with each predefined business hypothesis.,79dd79ae-a7c2-4db0-8b72-17c626c26cbe,1,2019-06-27 21:42:07.276000+02:00
recommend data-driven decision options by extracting actionable insights from advanced analytics.,526b76ca-c4bb-474b-b03e-a8b44a602730,1,2019-11-28 16:49:35.060000+01:00
recommend evidence-based future learning strategies.,183b1e3b-e069-4423-9ab6-e6b33565ca8d,1,2024-02-15 12:08:32.546000+01:00
"recommend go/no-go inspection decisions by computing objective, data-driven scores for each item under review.",84bfc7cb-a8ea-460a-b50b-676f3a12d384,1,2025-05-16 09:52:25.338000+02:00
recommend high-value audience segments for enrichment using real-time scoring and campaign feedback.,3cafa8c9-f507-4462-b9f6-4c09f34a8d0d,1,2023-10-17 12:16:13.940000+02:00
recommend market-differentiation strategies for client companies based on patterns detected in their operational and customer data,8d108c53-9348-4cef-9bb6-ccaed7e79abb,1,2018-02-22 14:58:46.658000+01:00
recommend next-best marketing actions for individual customers to drive automated campaigns.,151124a3-5d15-4ccf-860d-b4f54eb0896e,1,2020-08-04 15:50:20.454000+02:00
recommend next-step actions and disposition options for administrative case files within digital case-management systems.,1efd25b2-3ea5-42b2-b505-21afd937626d,1,2022-02-07 18:02:57.097000+01:00
recommend optimal audience segments for activation using real-time engagement scores and ongoing campaign performance feedback.,3cafa8c9-f507-4462-b9f6-4c09f34a8d0d,1,2023-10-17 12:16:13.940000+02:00
recommend optimal business actions to stakeholders based on discovered data patterns.,375739d6-ba39-4fe9-aca7-27d0573f0f67,1,2025-06-05 08:58:12.793000+02:00
recommend optimized business process changes that reduce cycle time and cost based on real-time performance data,15903ac0-232e-4338-a4d0-8727772ed13e,1,2024-12-23 00:03:43.969000+01:00
recommend patient-specific dental design options within the software interface.,63f682cc-a259-4680-9688-11dddcab823e,1,2021-03-15 13:48:54.745000+01:00
recommend prescriptive actions for decision-makers by applying machine-learning models to large-scale datasets.,59935f81-a12e-407e-8f94-f6721415ddf4,1,2018-02-22 21:06:56.659000+01:00
recommend prioritized actionable business opportunities based on advanced analytics of organizational data.,6bb7eb47-d5d7-4971-be79-e46cfcbbe2fc,1,2022-04-19 19:37:10.451000+02:00
recommend prioritized actions for business stakeholders based on machine-learning model outputs.,988d98c6-7cd2-4dc0-a0fc-882635c21762,1,2018-11-08 15:54:08.405000+01:00
recommend prioritized business actions based on predictive data-analytics models applied to current operational datasets.,988d98c6-7cd2-4dc0-a0fc-882635c21762,1,2018-11-08 15:54:08.405000+01:00
recommend prioritized business decisions to guide operational strategy.,825250ee-2514-4bf7-8c1c-9dcf6cd1ac9a,1,2022-08-11 13:11:05.675000+02:00
recommend prioritized customer-lifecycle optimization actions that maximize customer lifetime value.,653fa515-c53e-4739-b9cc-6859a171e8b4,1,2019-08-26 04:20:06.910000+02:00
recommend prioritized efficiency and quality improvement opportunities derived from mining administrative and open datasets.,092197f8-b87e-4f6f-8e49-a1ff93b2242f,1,2021-05-21 17:31:03.811000+02:00
"recommend prioritized strategic actions to uefa by scoring and ranking historical competition, financial, and fan-engagement data.",c9ac2369-88c6-42a7-8f28-af45cd68e356,1,2023-11-22 19:16:21.510000+01:00
"recommend prioritized, actionable business strategies by integrating quantitative metrics with pattern-rich visualizations.",8d108c53-9348-4cef-9bb6-ccaed7e79abb,1,2018-02-22 14:58:46.658000+01:00
recommend real-time flight control and safety actions for civil aviation systems.,8a32d293-46bb-49bf-a8c3-5409d5a20bc0,1,2019-02-26 06:20:39.873000+01:00
recommend real-time next-best marketing actions for each individual customer within an automated workflow.,2b899b9a-702c-462d-ac7d-abdaf515118f,1,2020-08-26 13:13:03.809000+02:00
recommend revenue-optimizing business actions from multi-source performance datasets.,b70d5701-e80c-46bd-bed1-d16ed2d86288,1,2018-02-22 14:58:46.658000+01:00
"recommend settlement amounts and approval decisions for individual insurance claims based on policy coverage, damage evidence, and historical payout patterns.",151124a3-5d15-4ccf-860d-b4f54eb0896e,1,2020-08-04 15:50:20.454000+02:00
recommend settlement amounts and auto-approve payouts for submitted insurance claims.,c7abbf2a-0b43-4a42-a670-b406b0f881dd,1,2020-07-27 16:51:00.883000+02:00
recommend the appropriate course of action for each input case based on machine-learning model outputs.,6bb7eb47-d5d7-4971-be79-e46cfcbbe2fc,1,2022-04-19 19:37:10.451000+02:00
recommend the next best marketing action for each individual fan at every stage of the customer lifecycle.,3cafa8c9-f507-4462-b9f6-4c09f34a8d0d,1,2023-10-17 12:16:13.940000+02:00
recommend the next-best marketing action for each customer in an automated campaign workflow.,e295d50f-cb7f-45a4-9b5c-ec6e05604d3c,1,2021-09-16 22:08:45.741000+02:00
recommend the optimal next marketing action for each individual customer in real time based on their current context and behavior data.,c7abbf2a-0b43-4a42-a670-b406b0f881dd,1,2020-07-27 16:51:00.883000+02:00
recommend topology modifications to existing water-distribution networks to improve hydraulic performance and efficiency.,2deb983f-5a8c-450b-992f-a21826508edd,1,2018-04-05 06:16:03+02:00
recommend underperforming audience segments for deletion using real-time engagement scores and campaign feedback.,3cafa8c9-f507-4462-b9f6-4c09f34a8d0d,1,2023-10-17 12:16:13.940000+02:00
reconstruct high-resolution 3d digital models of patients’ dental geometry from intraoral scan images.,63f682cc-a259-4680-9688-11dddcab823e,1,2021-03-15 13:48:54.745000+01:00
"record, archive, and distribute video clips of validated incidents for assessment and technology trial review.",b9d1f851-a559-431e-bced-2e7f0da83287,1,2023-02-03 16:17:06.833000+01:00
"record, update, and retrieve citizen interaction records in the crm database automatically.",1efd25b2-3ea5-42b2-b505-21afd937626d,1,2022-02-07 18:02:57.097000+01:00
"refresh and transform incoming marketing data streams into an up-to-date, query-ready dataset for business users.",a96d5a62-983e-4238-9a23-a1cfa94a8ac6,1,2024-01-10 15:38:20.105000+01:00
render alternative visualizations that communicate system-derived insights to stakeholders.,c9ac2369-88c6-42a7-8f28-af45cd68e356,1,2023-11-22 19:16:21.510000+01:00
render and stream interactive free-form 3-d dental models to cloud-based user interfaces.,63f682cc-a259-4680-9688-11dddcab823e,1,2021-03-15 13:48:54.745000+01:00
render augmented-reality dental guides precisely aligned with the patient’s real-world oral structures for use during clinical or laboratory procedures.,4108406f-398a-4a89-bd00-088782062204,1,2017-06-14 09:14:38+02:00
render augmented-reality overlays that superimpose proposed dental modifications onto patients’ live video feeds in real time.,908fc3d2-0878-4854-bd5a-10a24a08648e,1,2022-05-11 13:55:49.372000+02:00
render data visualizations that illustrate key patterns and analytical results uncovered in the data.,39dab1b1-f039-4e66-8da7-6aa9086dde85,1,2019-06-27 21:42:07.276000+02:00
render explanatory visualizations that highlight key patterns and findings discovered in the dataset.,00fdc1e5-4c72-47b2-a0eb-b604d030f1cb,1,2019-11-28 16:49:35.061000+01:00
render high-fidelity 3d dental models from patient scan data for clinical visualization and treatment planning.,9b5bc1d8-197d-49d5-a2db-2f643de2450f,1,2025-01-16 12:01:03.872000+01:00
render high-resolution 3-d models of patient dental anatomy for clinical visualization.,3926f308-27f7-4897-bcd2-a57e78575cb0,1,2021-10-01 11:31:44.596000+02:00
render interactive business-intelligence dashboards from prepared datasets,9a9254ed-c57e-4028-9264-6b80823f94a5,1,2023-03-30 11:08:28.473000+02:00
render interactive business-intelligence dashboards from prepared datasets.,9a9254ed-c57e-4028-9264-6b80823f94a5,1,2023-03-30 11:08:28.473000+02:00
render interactive charts that communicate analytical findings to end users.,d8a4820d-a7ad-435b-8526-82902a9c30ad,1,2017-04-27 13:57:05+02:00
render interactive dashboards that visualize analytic results for stakeholder viewing.,fe2ec994-3665-44dd-a540-6c1ba96c29eb,1,2024-09-13 12:46:32.673000+02:00
render interactive dashboards that visualize analytical findings in digestible formats for end-users.,e5370c08-41c6-4a22-a409-3f00b63f3e75,1,2024-01-10 09:31:18.412000+01:00
"render interactive dashboards that visualize cleaned data with dynamic charts, filters, and drill-downs.",8ebecf5e-9efe-48f5-a650-c9a553b714b6,1,2024-06-26 21:44:24.401000+02:00
render interactive dashboards that visualize manufacturing quality metrics from production data.,47d92ac8-a8b8-463b-8a7d-abdc841569f2,1,2023-10-12 16:42:43.103000+02:00
render interactive dashboards that visualize predictive model results for end users.,8ebecf5e-9efe-48f5-a650-c9a553b714b6,1,2024-06-26 21:44:24.401000+02:00
render interactive data visualizations for end-users.,825250ee-2514-4bf7-8c1c-9dcf6cd1ac9a,1,2022-08-11 13:11:05.675000+02:00
render interactive data visualizations tailored to the expertise level of each target audience.,39f6729e-c13d-4c9c-9310-8ff6812519e8,1,2021-06-11 12:33:23.649000+02:00
render interactive data visualizations that communicate analytical results in an actionable format.,1e63e2c5-c3d0-4a90-b43a-b0b23e0c66d3,1,2018-04-10 10:31:02+02:00
render interactive data visualizations that depict complex analytics results for stakeholder consumption.,34b55766-eccf-4834-88a3-bef5e91db810,1,2021-06-10 21:33:50.997000+02:00
render interactive data visualizations that present analytical results in a decision-ready format.,f2d4be67-0a3c-4b08-bf0e-f9c1c292db52,1,2018-02-22 14:50:42+01:00
render interactive digital interfaces that display pre-structured evaluation grids for streamlined sensory analysis and result communication.,84bfc7cb-a8ea-460a-b50b-676f3a12d384,1,2025-05-16 09:52:25.338000+02:00
render interactive visualizations that allow end-users to explore data dynamically.,a51ca921-26a8-4f6d-91c5-80a3c9a1b461,1,2023-12-14 14:37:34.691000+01:00
render interactive visualizations that convey complex analytical findings to stakeholders with varying expertise.,313accd4-b7c6-4ac7-b898-cd174ea9c3b0,1,2018-11-20 10:38:34.366000+01:00
render interactive visualizations that display statistical summaries and metrics computed from datasets containing millions of observations.,a96d5a62-983e-4238-9a23-a1cfa94a8ac6,1,2024-01-10 15:38:20.105000+01:00
render interactive visualizations that illustrate key patterns and trends in input datasets.,653fa515-c53e-4739-b9cc-6859a171e8b4,1,2019-08-26 04:20:06.910000+02:00
render patient-specific augmented-reality overlays of dental structures onto live intraoral video feeds.,dca9c528-94a5-4309-9373-343b6e1f93d1,1,2018-01-20 10:16:13+01:00
"render patient-specific, photorealistic 3-d visualizations of dental structures and planned procedures.",55f4a582-0781-4736-bb56-1a70112e2e27,1,2023-06-21 11:01:22.057000+02:00
render photorealistic 3-d facial models for visualization or animation use.,3926f308-27f7-4897-bcd2-a57e78575cb0,1,2021-10-01 11:31:44.596000+02:00
render real-time 3-d visualizations of complex freeform dental models for clinician review.,cc13b0d3-7b49-4a51-9a39-25829ca27021,1,2019-11-19 09:11:48.318000+01:00
render real-time augmented-reality overlays that align virtual dental models and treatment information with the clinician’s live camera view.,6a787c58-6206-4e51-9243-5aebd08b8ff3,1,2022-10-06 09:23:53.002000+02:00
render real-time augmented-reality overlays that depict user smile modifications.,908fc3d2-0878-4854-bd5a-10a24a08648e,1,2022-05-11 13:55:49.372000+02:00
render real-time augmented-reality overlays that display accurate 3-d dental structures and procedural guidance onto the patient’s mouth.,55f4a582-0781-4736-bb56-1a70112e2e27,1,2023-06-21 11:01:22.057000+02:00
render real-time surgical guides onto the live intraoral video feed to assist dental procedures.,4e787ea1-a8f7-4b96-9d47-791cb7131104,1,2017-05-31 09:12:57+02:00
"render real-time, patient-specific augmented-reality overlays that guide dentists through procedural steps.",3926f308-27f7-4897-bcd2-a57e78575cb0,1,2021-10-01 11:31:44.596000+02:00
"repair, smooth, and decimate 3-d dental scan meshes to output watertight, manufacturing-ready dental models.",cc13b0d3-7b49-4a51-9a39-25829ca27021,1,2019-11-19 09:11:48.318000+01:00
"replicate and partition terabyte-scale datasets across distributed storage nodes to deliver a fault-tolerant, scalable data repository.",98b96b27-0c44-443c-acac-3957458c30f7,1,2019-07-16 03:02:01.947000+02:00
"replicate and shard very large structured and unstructured datasets across distributed storage nodes to provide scalable, fault-tolerant data access.",c2645884-23f6-402a-8c95-ab47342cb7e4,1,2021-10-13 19:38:37.279000+02:00
reply to user messages with contextually appropriate answers or trigger corresponding actions through a conversational interface.,59935f81-a12e-407e-8f94-f6721415ddf4,1,2018-02-22 21:06:56.659000+01:00
respond to end-user queries by generating contextually appropriate natural-language messages via a chatbot interface.,1e63e2c5-c3d0-4a90-b43a-b0b23e0c66d3,1,2018-04-10 10:31:02+02:00
"respond to user questions through a natural-language chatbot, delivering real-time, context-appropriate answers autonomously.",f2d4be67-0a3c-4b08-bf0e-f9c1c292db52,1,2018-02-22 14:50:42+01:00
"retrieve ad-hoc sql query results in real time from petabyte-scale, distributed data clusters.",c2645884-23f6-402a-8c95-ab47342cb7e4,1,2021-10-13 19:38:37.279000+02:00
retrieve and aggregate data across distributed data lakes using high-performance sql-like queries.,180b3d96-9772-438e-a857-abe72db566ea,1,2022-08-11 13:11:05.704000+02:00
retrieve and aggregate terabyte-scale datasets from distributed big-data stores by executing automatically generated sql queries.,315604d2-432a-400a-9c83-a0132d0fb3c0,1,2020-04-28 19:04:43.611000+02:00
retrieve and return requested subsets or aggregations of large-scale datasets in response to sql-like user queries.,23358189-fb91-412f-842c-bef9229956ff,1,2019-06-27 00:35:00.581000+02:00
"retrieve and return results from petabyte-scale, distributed datasets in response to user queries within defined latency limits.",c4deee69-4625-4993-8135-ee9271f70386,1,2023-09-25 10:53:56.845000+02:00
retrieve pertinent documents from designated knowledge sources and embed their excerpts into generated user responses,375739d6-ba39-4fe9-aca7-27d0573f0f67,1,2025-06-05 08:58:12.793000+02:00
retrieve requested records from petabyte-scale datasets within sub-millisecond latency using hashing-based indexing.,d8a4820d-a7ad-435b-8526-82902a9c30ad,1,2017-04-27 13:57:05+02:00
"return a de-duplicated, error-free dataset by removing erroneous entries, duplicates, and inconsistencies.",ed8afde5-3530-4856-a937-25808f6ab09b,1,2021-10-13 19:38:34.666000+02:00
return a ranked list of nearest-neighbor items for each query by applying locality-sensitive hashing across the entire dataset.,8d108c53-9348-4cef-9bb6-ccaed7e79abb,1,2018-02-22 14:58:46.658000+01:00
return distributed query results for massive datasets using big-data execution frameworks.,41c157a1-e5ee-401f-bd31-e0c6f5a42f2e,1,2019-06-27 21:42:07.276000+02:00
return real-time analytical query results from large-scale data stores to support interactive exploration.,315604d2-432a-400a-9c83-a0132d0fb3c0,1,2020-04-28 19:04:43.611000+02:00
return real-time query results by executing sql-like statements across distributed data stores.,21101116-154f-48c4-8546-95616c66f2fc,1,2019-11-28 16:49:35.063000+01:00
return real-time result sets for complex queries over enterprise-wide datasets.,5663ed9c-d91f-4509-a887-6fd4c0f0289c,1,2020-09-07 00:34:21.854000+02:00
"route incoming customer calls to the appropriate queue, serve scripted responses to callers, and push real-time contextual information to agents during live interactions.",1efd25b2-3ea5-42b2-b505-21afd937626d,1,2022-02-07 18:02:57.097000+01:00
route real-time data packets into distributed kafka topics to supply low-latency analytic applications.,a4b7351c-82f1-448d-995b-2a065cde077e,1,2023-09-22 15:53:35.772000+02:00
schedule and orchestrate data workflow execution plans that keep ai/ml pipelines running continuously and efficiently.,50232a33-3041-4c71-a1ab-b2ef294fe7ec,1,2025-04-15 11:20:16.969000+02:00
schedule and trigger interconnected cloud-based data pipeline tasks to execute complete end-to-end workflows automatically.,8ecadb6f-b6b9-4e7a-86be-6898501fce45,1,2025-04-14 21:01:50.632000+02:00
score and flag employees on skill-gap risk and high-potential likelihood in a predictive talent-analytics dashboard.,183b1e3b-e069-4423-9ab6-e6b33565ca8d,1,2024-02-15 12:08:32.546000+01:00
score and rank candidate machine-learning models on benchmark datasets to quantify their predictive and descriptive performance.,21101116-154f-48c4-8546-95616c66f2fc,1,2019-11-28 16:49:35.063000+01:00
score business data records with predicted outcome classes for downstream decision systems,860fba3b-5a64-4b40-9249-6ca151ec44df,1,2022-08-11 13:11:05.700000+02:00
score each company customer for churn risk using historical usage and transaction data.,988d98c6-7cd2-4dc0-a0fc-882635c21762,1,2018-11-08 15:54:08.405000+01:00
score each customer with a predicted churn probability to support retention decisions,4edb9146-4f16-451a-a7c7-05d5e4bcd0ec,1,2019-06-27 00:35:00.582000+02:00
score each customer with predicted likelihood of churn and recommend targeted retention actions.,cc85673f-2a1b-4b36-a727-10c4c1f6364d,1,2021-10-13 19:38:37.278000+02:00
score each fan with a monetary valuation value.,3cafa8c9-f507-4462-b9f6-4c09f34a8d0d,1,2023-10-17 12:16:13.940000+02:00
score each fan’s behavioral engagement level and output an individual engagement score.,3cafa8c9-f507-4462-b9f6-4c09f34a8d0d,1,2023-10-17 12:16:13.940000+02:00
score each incident by its predicted probability of successful resolution versus persistent irregularity.,e5370c08-41c6-4a22-a409-3f00b63f3e75,1,2024-01-10 09:31:18.412000+01:00
score each product with predicted robustness metrics indicating expected durability.,47d92ac8-a8b8-463b-8a7d-abdc841569f2,1,2023-10-12 16:42:43.103000+02:00
score each sports match with a probability indicating the likelihood that it was fixed or otherwise irregular.,e5370c08-41c6-4a22-a409-3f00b63f3e75,1,2024-01-10 09:31:18.412000+01:00
score enterprise-wide learner engagement metrics to pinpoint departmental skill gaps.,183b1e3b-e069-4423-9ab6-e6b33565ca8d,1,2024-02-15 12:08:32.546000+01:00
score financial transactions to flag potential compliance violations for audit review,c9ac2369-88c6-42a7-8f28-af45cd68e356,1,2023-11-22 19:16:21.510000+01:00
score future outcomes for specified target variables using trained machine-learning models on large-scale datasets.,55dc8ec7-d7fc-49c0-9e48-7a17e738c15c,1,2022-12-13 13:08:02.166000+01:00
score inspected items to provide objective go/no-go recommendations for inspectors.,84bfc7cb-a8ea-460a-b50b-676f3a12d384,1,2025-05-16 09:52:25.338000+02:00
score operational risks for each business operation on a standardized risk scale,11e87048-f3c5-4cd7-beda-b4ad26c61d25,1,2019-02-19 23:46:33.843000+01:00
score proposed drone flight plans for safety and regulatory compliance to provide risk-mitigation recommendations during the pre-flight approval process,11e87048-f3c5-4cd7-beda-b4ad26c61d25,1,2019-02-19 23:46:33.843000+01:00
score sem keywords by predicted conversion likelihood to guide bid allocation decisions.,abe39638-9d6a-46d9-842f-00ab50ba9056,1,2024-05-06 17:07:49.272000+02:00
segment and classify anatomical structures in 3-d dental scans to output ready-to-mill cad models with optimized cam toolpaths.,a831d277-b45b-436c-a429-e093a0c62d17,1,2021-03-16 15:25:13.953000+01:00
"segment and classify intra-oral scan images to label teeth, gingiva, and pathologies for automatic inclusion in patient records.",63f682cc-a259-4680-9688-11dddcab823e,1,2021-03-15 13:48:54.745000+01:00
segment and label objects within 3-d scan data to produce a fully annotated point-cloud file.,55f4a582-0781-4736-bb56-1a70112e2e27,1,2023-06-21 11:01:22.057000+02:00
segment and size customer audiences within the data platform using algorithmic rules to refine each audience cohort.,3cafa8c9-f507-4462-b9f6-4c09f34a8d0d,1,2023-10-17 12:16:13.940000+02:00
segment customers into actionable cohorts based on purchasing patterns,4edb9146-4f16-451a-a7c7-05d5e4bcd0ec,1,2019-06-27 00:35:00.582000+02:00
segment customers into behavior-based cohorts that expose revenue opportunities from provided data sets.,f9ede764-ab55-4e43-ad92-195caddf272e,1,2019-06-27 21:42:08.426000+02:00
segment datasets into meaningful clusters to produce labeled group assignments for each record.,d8a4820d-a7ad-435b-8526-82902a9c30ad,1,2017-04-27 13:57:05+02:00
segment dental images and classify detected structures or pathologies to output annotated images with corresponding diagnostic labels.,34b55766-eccf-4834-88a3-bef5e91db810,1,2021-06-10 21:33:50.997000+02:00
segment football fans into distinct marketing personas based on historical engagement data.,a96d5a62-983e-4238-9a23-a1cfa94a8ac6,1,2024-01-10 15:38:20.105000+01:00
"segment input datasets into homogeneous clusters, assigning each record to a group for downstream decision workflows.",8d108c53-9348-4cef-9bb6-ccaed7e79abb,1,2018-02-22 14:58:46.658000+01:00
segment multi-source fan data to identify and output new high-potential audience groups.,3cafa8c9-f507-4462-b9f6-4c09f34a8d0d,1,2023-10-17 12:16:13.940000+02:00
segment teeth and detect dental pathologies in intra-oral images for automatic inclusion in digital patient records,9b5bc1d8-197d-49d5-a2db-2f643de2450f,1,2025-01-16 12:01:03.872000+01:00
segment users into cohorts and summarize key performance metrics for each group for stakeholder review.,3cafa8c9-f507-4462-b9f6-4c09f34a8d0d,1,2023-10-17 12:16:13.940000+02:00
sequence and trigger multi-system workflow steps to execute end-to-end processes across disparate source platforms.,526b76ca-c4bb-474b-b03e-a8b44a602730,1,2019-11-28 16:49:35.060000+01:00
"serve indexed, low-latency datasets that integrate and partition incoming large-scale data, making them immediately queryable for downstream analytics and machine-learning pipelines.",8ecadb6f-b6b9-4e7a-86be-6898501fce45,1,2025-04-14 21:01:50.632000+02:00
serve interactive dashboards that visualize association data in real time.,c236c088-36f4-4b66-9871-e1e3bded16da,1,2023-11-10 20:34:52.196000+01:00
serve real-time interactive dashboards that display and continuously update key performance indicators (kpis).,c236c088-36f4-4b66-9871-e1e3bded16da,1,2023-11-10 20:34:52.196000+01:00
serve real-time prediction scores from deployed models to downstream systems on a continuous basis.,0b3e65c9-b852-483a-b7c1-973e4217a5ad,1,2019-11-28 16:49:35.062000+01:00
serve synchronized multi-angle replay clips of specific match events to officials on demand,f37220a2-376d-4d5c-9791-209d92aa8f75,1,2023-12-21 14:19:45.929000+01:00
serve versioned rest or cli endpoints that deliver curated datasets to downstream applications.,753c35b5-1e4c-4439-b8fc-10ca2b5baa51,1,2022-05-31 10:02:38.718000+02:00
"shard and replicate petabyte-scale structured and unstructured data across distributed storage nodes to provide scalable, fault-tolerant persistence.",315604d2-432a-400a-9c83-a0132d0fb3c0,1,2020-04-28 19:04:43.611000+02:00
signal goal or no-goal status in real time to the referee,f37220a2-376d-4d5c-9791-209d92aa8f75,1,2023-12-21 14:19:45.929000+01:00
simulate and forecast future system behaviors across multiple data-driven scenarios.,8d108c53-9348-4cef-9bb6-ccaed7e79abb,1,2018-02-22 14:58:46.658000+01:00
simulate scenario outcomes based on varying input assumptions.,d8a4820d-a7ad-435b-8526-82902a9c30ad,1,2017-04-27 13:57:05+02:00
slice digital 3-d dental models into ordered cross-sectional layers for additive manufacturing or cam machining.,cc13b0d3-7b49-4a51-9a39-25829ca27021,1,2019-11-19 09:11:48.318000+01:00
standardize and ingest incoming football data into uefa’s approved data warehouse.,e5370c08-41c6-4a22-a409-3f00b63f3e75,1,2024-01-10 09:31:18.412000+01:00
"standardize and normalize heterogeneous structured and unstructured data into a unified, analytics-ready format.",3532fa40-6d94-48df-9165-b0ff18449441,1,2019-06-27 00:35:00.582000+02:00
"standardize and reconcile incoming financial records across platforms to deliver a cleansed, integrity-verified dataset ready for downstream reporting.",0f7221e3-7463-4f9c-bfcf-364a9f21022e,1,2024-07-29 14:45:05.929000+02:00
"standardize raw police incident records into a structured, analysis-ready crime dataset.",42b4d243-c7c2-4a33-b202-3f75a30d7da0,1,2025-06-17 01:26:49.929000+02:00
"standardize, harmonize, and merge multi-format structured and unstructured data into a single analytics-ready dataset.",98b96b27-0c44-443c-acac-3957458c30f7,1,2019-07-16 03:02:01.947000+02:00
"stream synchronized, multi-angle, real-time video replays of detected potential match incidents to referees’ review interfaces.",b9d1f851-a559-431e-bced-2e7f0da83287,1,2023-02-03 16:17:06.833000+01:00
"summarize and visualize validated, linked aviation datasets into standardized and ad-hoc operational reports.",86815f19-7f14-4fa4-b28c-60935bf619c0,1,2022-03-03 04:51:00.274000+01:00
summarize audience performance metrics into stakeholder-ready reports.,3cafa8c9-f507-4462-b9f6-4c09f34a8d0d,1,2023-10-17 12:16:13.940000+02:00
summarize correlations and trends across structured and unstructured datasets to highlight actionable insights.,313accd4-b7c6-4ac7-b898-cd174ea9c3b0,1,2018-11-20 10:38:34.366000+01:00
summarize key business insights extracted from quantitative datasets.,39dab1b1-f039-4e66-8da7-6aa9086dde85,1,2019-06-27 21:42:07.276000+02:00
summarize key correlations and patterns found within structured and unstructured datasets.,34b55766-eccf-4834-88a3-bef5e91db810,1,2021-06-10 21:33:50.997000+02:00
summarize key patterns and trends in datasets into visual analytical reports using machine-learning techniques.,a51ca921-26a8-4f6d-91c5-80a3c9a1b461,1,2023-12-14 14:37:34.691000+01:00
summarize key performance metrics into formatted periodic reports and automatically dispatch them to designated recipient lists.,c236c088-36f4-4b66-9871-e1e3bded16da,1,2023-11-10 20:34:52.196000+01:00
summarize key statistical metrics from unstructured data sets into structured reports.,65782da5-0cea-4f05-a6cd-628469b232d9,1,2023-05-09 12:22:13.146000+02:00
summarize performance metrics across customer return categories into automated comparative analytics reports.,47d92ac8-a8b8-463b-8a7d-abdc841569f2,1,2023-10-12 16:42:43.103000+02:00
summarize relevant operational and performance metrics into stakeholder-ready periodic and on-demand analytical reports.,a96d5a62-983e-4238-9a23-a1cfa94a8ac6,1,2024-01-10 15:38:20.105000+01:00
summarize unstructured data into a concise report of statistical findings.,bb043b39-2e3c-47ff-a720-a20ad70c2d69,1,2018-11-19 10:28:52.665000+01:00
surface and visualize actionable business insights in interactive dashboards for decision-makers.,79dd79ae-a7c2-4db0-8b72-17c626c26cbe,1,2019-06-27 21:42:07.276000+02:00
synchronize datasets across designated source and target platforms according to predefined pipeline workflows.,753c35b5-1e4c-4439-b8fc-10ca2b5baa51,1,2022-05-31 10:02:38.718000+02:00
synchronize scheduled data feeds into target databases at predefined intervals.,c236c088-36f4-4b66-9871-e1e3bded16da,1,2023-11-10 20:34:52.196000+01:00
tabulate and statistically score incoming questionnaire responses to produce a summarized survey-results report.,b14c1459-5699-4dd2-9bfb-6fe1cb06e5a3,1,2020-06-02 19:09:59.712000+02:00
"tailor course content, difficulty levels, and delivery formats to create individualized learning pathways for each employee.",183b1e3b-e069-4423-9ab6-e6b33565ca8d,1,2024-02-15 12:08:32.546000+01:00
timestamp and store structured metadata for every var and glt incident across competitions to enable monitoring and reporting,f37220a2-376d-4d5c-9791-209d92aa8f75,1,2023-12-21 14:19:45.929000+01:00
train and validate predictive models from curated datasets to support data-driven decision making.,47d92ac8-a8b8-463b-8a7d-abdc841569f2,1,2023-10-12 16:42:43.103000+02:00
train machine-learning models in a managed cloud platform and output production-ready model endpoints.,825250ee-2514-4bf7-8c1c-9dcf6cd1ac9a,1,2022-08-11 13:11:05.675000+02:00
train predictive models from customer data to forecast future customer behavior metrics.,4a726393-e8a7-4476-9c43-e91d42dd509b,1,2023-06-09 10:13:05.405000+02:00
"train, deploy, and serve machine-learning models across cloud infrastructure at production scale.",860fba3b-5a64-4b40-9249-6ca151ec44df,1,2022-08-11 13:11:05.700000+02:00
"transfer, transform, and validate datasets into designated target repositories via fully automated data pipelines.",a4b7351c-82f1-448d-995b-2a065cde077e,1,2023-09-22 15:53:35.772000+02:00
"transform and aggregate petabyte-scale datasets across distributed nodes into finalized, query-ready data outputs.",c4deee69-4625-4993-8135-ee9271f70386,1,2023-09-25 10:53:56.845000+02:00
"transform and consolidate heterogeneous raw data into a cleansed, analysis-ready dataset.",180b3d96-9772-438e-a857-abe72db566ea,1,2022-08-11 13:11:05.704000+02:00
"transform and index massive structured and unstructured datasets into a consolidated, query-ready repository.",315604d2-432a-400a-9c83-a0132d0fb3c0,1,2020-04-28 19:04:43.611000+02:00
"transform and partition petabyte-scale raw data into structured, query-ready datasets using distributed processing frameworks.",21101116-154f-48c4-8546-95616c66f2fc,1,2019-11-28 16:49:35.063000+01:00
"transform and partition raw, large-scale datasets across a distributed cluster into query-optimized data files ready for downstream consumption.",3532fa40-6d94-48df-9165-b0ff18449441,1,2019-06-27 00:35:00.582000+02:00
"transform diverse structured and unstructured data sources into a unified, cleaned, and formatted dataset ready for downstream analytics.",41c157a1-e5ee-401f-bd31-e0c6f5a42f2e,1,2019-06-27 21:42:07.276000+02:00
transform heterogeneous structured and unstructured data into standardized analytics-ready datasets within distributed big-data environments.,a4b7351c-82f1-448d-995b-2a065cde077e,1,2023-09-22 15:53:35.772000+02:00
"transform incoming raw data streams into structured, cleaned datasets in real-time, near-real-time, or batch modes.",753c35b5-1e4c-4439-b8fc-10ca2b5baa51,1,2022-05-31 10:02:38.718000+02:00
"transform massive structured and unstructured datasets in parallel to output a unified, cleaned, and normalized data repository.",c2645884-23f6-402a-8c95-ab47342cb7e4,1,2021-10-13 19:38:37.279000+02:00
"transform raw data streams into structured, quality-validated datasets and automatically supply them to downstream analytics and machine-learning services.",39dab1b1-f039-4e66-8da7-6aa9086dde85,1,2019-06-27 21:42:07.276000+02:00
"transform raw operational data into reproducible, scalable feature datasets that automatically feed downstream machine-learning and analytics workloads.",cf749ec0-baa8-42c8-ab22-0ebc4b803dca,1,2019-06-27 00:35:00.580000+02:00
"transform raw source data into cleaned, normalized feature datasets that are reproducibly stored for downstream machine-learning model training.",0b3e65c9-b852-483a-b7c1-973e4217a5ad,1,2019-11-28 16:49:35.062000+01:00
"transform raw source data into reproducible, scalable, and versioned feature datasets for downstream machine-learning and analytics models.",4edb9146-4f16-451a-a7c7-05d5e4bcd0ec,1,2019-06-27 00:35:00.582000+02:00
"transform raw, distributed data into validated, production-grade datasets ready for downstream applications.",55dc8ec7-d7fc-49c0-9e48-7a17e738c15c,1,2022-12-13 13:08:02.166000+01:00
"transform raw, large-scale datasets into aggregated, query-ready tables across distributed computing clusters using spark/hadoop frameworks.",ed8afde5-3530-4856-a937-25808f6ab09b,1,2021-10-13 19:38:34.666000+02:00
"transform, clean, and standardize heterogeneous structured and unstructured datasets into a machine-ready format for downstream analytics or model training.",23358189-fb91-412f-842c-bef9229956ff,1,2019-06-27 00:35:00.581000+02:00
"translate and linguistically adapt documents between german, french, and english to suit specified target audiences.",09fd1fa5-f634-4c39-84aa-2405538b3437,1,2025-01-16 17:21:38.295000+01:00
"translate and localize presentation slide decks between german, french, and english to fit specified audience profiles.",09fd1fa5-f634-4c39-84aa-2405538b3437,1,2025-01-16 17:21:38.295000+01:00
trigger and route tasks across integrated applications to complete end-to-end business process workflows within the bpm engine.,c7abbf2a-0b43-4a42-a670-b406b0f881dd,1,2020-07-27 16:51:00.883000+02:00
trigger data-remediation workflows for detected data-quality issues.,753c35b5-1e4c-4439-b8fc-10ca2b5baa51,1,2022-05-31 10:02:38.718000+02:00
update and publish an up-to-date data catalog for end-users.,753c35b5-1e4c-4439-b8fc-10ca2b5baa51,1,2022-05-31 10:02:38.718000+02:00
update live dashboards of key performance indicators from continuous data streams.,860fba3b-5a64-4b40-9249-6ca151ec44df,1,2022-08-11 13:11:05.700000+02:00
update real-time dashboards with continuously aggregated metrics derived from incoming data streams.,f2d4be67-0a3c-4b08-bf0e-f9c1c292db52,1,2018-02-22 14:50:42+01:00
"version and snapshot each trained model and its data-processing pipeline into immutable, lineage-tracked artifacts that enable exact reproducibility.",825250ee-2514-4bf7-8c1c-9dcf6cd1ac9a,1,2022-08-11 13:11:05.675000+02:00
visualize analytic results into interactive reports and dashboards for stakeholder consumption.,fe2ec994-3665-44dd-a540-6c1ba96c29eb,1,2024-09-13 12:46:32.673000+02:00
visualize detected patterns and model results in interactive charts and dashboards.,a956f957-f910-4173-b48b-197cd0d8a909,1,2020-04-28 19:04:43.611000+02:00
visualize interactive business-intelligence dashboards from enterprise resource-planning data to guide real-time goods-management decisions.,4a726393-e8a7-4476-9c43-e91d42dd509b,1,2023-06-09 10:13:05.405000+02:00
visualize sensory-analysis results in interactive digital dashboards to facilitate clear result communication.,84bfc7cb-a8ea-460a-b50b-676f3a12d384,1,2025-05-16 09:52:25.338000+02:00
visualize structured financial data as interactive power bi dashboards and reports.,0f7221e3-7463-4f9c-bfcf-364a9f21022e,1,2024-07-29 14:45:05.929000+02:00
visualize system-derived insights in interactive dashboards for stakeholder use.,c9ac2369-88c6-42a7-8f28-af45cd68e356,1,2023-11-22 19:16:21.510000+01:00
