uid,title,company_name,company_size,location_raw,detected_language,original_language,content_clean,translated_text,Final
522cf09f-2591-4f8e-ae84-aa27f77f8698,Technical IT Consultant - Zurich [100000 - 110000 CHF] (neuvoo),Innovation Process Technology AG,Kleinunternehmen,Horgen,de,de,"Salary 100000 - 110000 CHF per year Requirements:- Das bringst du mit- Abgeschlossenes Studium (Informatik, Wirtschaftsinformatik, Mathematik, Elektrotechnik, Physik) - Erste Projekterfahrung in der IT z.B. in der Softwareentwicklung - Breites Interesse an innovativen Technologien und Themen wie Cloud Computing, Machine Learning, API Management oder IT-Security - Konzeptionelle Fhigkeiten - Professionelles Auftreten und fliessende Deutsch- und EnglischkenntnisseResponsibilities:- Deine Challenges- Einnahme einer spezifischen Rolle in einem mixed Projektteam (Kunde & ipt)- Entwicklung von IT-Lsungen fr innovative Geschftsideen in modernsten Themen wie Cloud, API Management, Security, Advanced Analytics oder Machine Learning - Umsetzung von individualisierten Software-Lsungen sogenannte asset-based Software Solutions mit Hilfe fhrender Produkte von Google Cloud, Kafka, Microsoft Azure, Red Hat u.a. Stetige - bernahme von VerantwortungTechnologies:- API- Frontend- Backend- Kafka- Cloud- Security- Azure- AWSMore: Hast du krzlich dein Studium erfolgreich beendet oder stehst du gerade vor dem Abschluss? Dann wag den Schritt in die IT Consulting-Welt.Wir sind eine Schweizer IT-Consulting Firma. Wir bauen innovative Lsungen beim Kunden vor Ort. Uns gibt es schon seit ber 20 Jahren, aber wir leben immer noch eine Start-up Mentalitt 160 Leute, Flat Hierarchy, No Politics, Lots of Fun! Bei uns gilt: People First! Jeder kann sich bei uns einbringen und zum Experten werden. Wissen wird geteilt und gegenseitige Untersttzung ist zentral. Were ONE Team!Das sind unsere Benefits fr dich- Bonus fr alle gleich: Bonus gibt es bei uns fr alle Mitarbeitende und verteilt wird er proportional gleichmssig - Entwicklung & Perspektive: Individuelle Weiterbildungs- und Entwicklungsmglichkeiten basierend auf deinen Karrierevorstellungen - Austausch unter Experten: Monatliche Mitarbeiterevents, TechBiers und Scrum
n
Wines garantieren Know-How Austausch und frische Ideen","Salary 100,000 - 110,000 CHF per year

Requirements:
- What you bring to the table
- Completed degree (Computer Science, Business Informatics, Mathematics, Electrical Engineering, Physics)
- First project experience in IT, e.g., in software development
- Broad interest in innovative technologies and topics such as Cloud Computing, Machine Learning, API Management, or IT Security
- Conceptual skills
- Professional demeanor and fluent German and English skills

Responsibilities:
- Your challenges
- Taking on a specific role within a mixed project team (client & ipt)
- Developing IT solutions for innovative business ideas in cutting-edge areas such as Cloud, API Management, Security, Advanced Analytics, or Machine Learning
- Implementing customized software solutions, so-called asset-based Software Solutions, using leading products from Google Cloud, Kafka, Microsoft Azure, Red Hat, among others
- Continuous assumption of responsibility

Technologies:
- API
- Frontend
- Backend
- Kafka
- Cloud
- Security
- Azure
- AWS

More:
Have you recently successfully completed your studies or are you about to graduate? Then take the step into the world of IT consulting.
We are a Swiss IT consulting company. We build innovative solutions on-site at the client. We have been around for over 20 years, but we still maintain a start-up mentality — 160 people, flat hierarchy, no politics, lots of fun! Our motto: People First! Everyone can contribute and become an expert. Knowledge is shared, and mutual support is central. We are ONE team!

Our benefits for you:
- Bonus for everyone: Bonuses are given to all employees and distributed proportionally
- Development & Perspective: Individual training and development opportunities based on your career goals
- Exchange among experts: Monthly employee events, TechBiers, and Scrum Wines ensure knowledge sharing and fresh ideas","{
  ""ai_application_tasks"": [
    {
      ""task_id"": 1,
      ""ai_capability"": ""Deliver machine‑learning capabilities within customer solutions to support innovative business ideas."",
      ""brief_description"": ""Systems developed for clients will embed machine‑learning functionality to support innovative business ideas."",
      ""raw_excerpt"": ""Entwicklung von IT‑Lösungen für innovative Geschäftsideen in modernsten Themen wie Cloud, API Management, Security, Advanced Analytics oder Machine Learning"",
      ""explanation"": ""The advert explicitly includes Machine Learning among the focal technologies for client solutions, indicating that deployed systems will perform ML‑driven functions rather than relying solely on human analysis.""
    },
    {
      ""task_id"": 2,
      ""ai_capability"": ""Provide advanced analytics to generate data‑driven insights for business innovation."",
      ""brief_description"": ""AI‑enabled advanced‑analytics components will analyze data and surface insights for customers’ new business initiatives."",
      ""raw_excerpt"": ""Entwicklung von IT‑Lösungen für innovative Geschäftsideen in modernsten Themen wie Cloud, API Management, Security, Advanced Analytics oder Machine Learning"",
      ""explanation"": ""The mention of Advanced Analytics alongside Machine Learning signals that deployed tools will automate complex data analysis, producing actionable insights for downstream business users.""
    }
  ]
}"
db8546ec-3560-4985-8ab8-5b3077d4933a,ML Engineering Consultant (m/w) 80% - 100%,Innovation Process Technology AG,Kleinunternehmen,"Deutschschweiz (ZH, LU, BS, BE)",de,de,"ipt Innovation Process Technology AG

Deutschschweiz (ZH, LU, BS, BE)

WE ARE ONE TEAM! Bei uns baust du im Team innovative Lösungen beim Kunden vor Ort, verhilfst dem Kunden ML-Strategien umzusetzen und implementierst ...

ML Engineering Consultant (m/w)","ipt Innovation Process Technology AG

German-speaking Switzerland (ZH, LU, BS, BE)

WE ARE ONE TEAM! With us, you build innovative solutions on-site at the customer's location, help the customer implement ML strategies, and execute ...

ML Engineering Consultant (m/f)","{
""ai_application_tasks"": []
}"
1ed8eb07-c4eb-4bda-af0b-456c1d4c0ed0,Project Manager Software,Ivoclar Vivadent AG,Grossunternehmen,9494 Schaan,de,de,"2018-03-26
Project Manager Software

Ivoclar Vivadent - Inspiriert zum Lächeln
Mit hochwertigen Erzeugnissen für die moderne Zahntechnik und Zahnmedizin sorgt Ivoclar Vivadent dafür, dass Menschen gerne lächeln. Das gilt auch für die rund 3500 Mitarbeitenden in Schaan, Liechtenstein, und an 30 weiteren Standorten rund um den Globus: An attraktiven Arbeitsplätzen lassen sie sich so zu innovativen Leistungen inspirieren, die Ivoclar Vivadent zu einem der weltweit führenden Dentalunternehmen gemacht haben.

Stellenbezeichnung
Zur Verstärkung unseres Teams in der Forschung & Entwicklung am Hauptsitz in Schaan, Liechtenstein, suchen wir einen:

Ihre Aufgaben:

Projektleitung von innovativen Softwarelösungen mit Fokus auf den Bereich Maschinensteuerung (CAD/CAM).

Leitung von Software-Entwicklungsprojekten im Umfeld von zukunftsorientierten Technologien wie «Augmented Reality» und «Artificial Intelligence».

Umsetzung innovativer Softwarelösungen vom Aufnehmen der Anforderungen und Projektplanung über die Evaluation und Auswahl der Software-Entwicklungspartner bis zur Steuerung der Partner sowie der Durchführung und Dokumentation der Projekte.

Ihr Profil:

Abgeschlossene Ausbildung im Bereich Informatik, Softwareengineering (FH, Uni) oder eine vergleichbare Qualifikation

Mehrjährige Projektmanagementerfahrung im technischen Umfeld

Fundierte Kenntnisse in agilen Methoden, idealerweise mit Zertifizierung nach anerkannten internationalen Standards (z.B. PMI, Scrum Master, Product Owner), vorzugsweise im industriellen Software-Entwicklungsumfeld

Erfahrung im Management von Kooperationen und externen Partnern

Freude an interdisziplinären und komplexen Aufgaben sowie innovativen Lösungen

Eigenverantwortliche und flexible Persönlichkeit mit Stärke im Schnittstellenmanagement

Kommunikationsfähigkeit, hohe Sozialkompetenz und Offenheit für interkulturelles Arbeiten

Sehr gutes Deutsch und Englisch in Wort und Schrift

Reisebereitschaft

Ihre Vorteile:

Eine herausfordernde und abwechslungsreiche Tätigkeit in einem internationalen und professionellen Arbeitsumfeld

Gestaltungsmöglichkeiten in zukunftsweisenden Themen

Innovative, hochwertige Produkte und Systemlösungen

Zusammenarbeit in einem passionierten und kollegialen Umfeld

Moderne Arbeitsbedingungen, flexible Arbeitszeiten, marktgerechte Entlohnung und vorbildliche Gesundheitsförderung

Arbeitsort

9494 Schaan, Liechtenstein

Schaan, Liechtenstein

9494

Schaan, Liechtenstein","2018-03-26
Project Manager Software

Ivoclar Vivadent - Inspired to Smile
With high-quality products for modern dental technology and dentistry, Ivoclar Vivadent ensures that people enjoy smiling. This also applies to the approximately 3,500 employees in Schaan, Liechtenstein, and at 30 other locations around the world: they are inspired by attractive workplaces to deliver innovative services that have made Ivoclar Vivadent one of the leading dental companies worldwide.

Job Title
To strengthen our Research & Development team at the headquarters in Schaan, Liechtenstein, we are looking for a:

Your Responsibilities:

Leading projects for innovative software solutions with a focus on machine control (CAD/CAM).

Managing software development projects in the environment of forward-looking technologies such as ""Augmented Reality"" and ""Artificial Intelligence"".

Implementing innovative software solutions from requirements gathering and project planning through to evaluation and selection of software development partners, managing these partners, and overseeing the execution and documentation of the projects.

Your Profile:

Completed education in computer science, software engineering (FH, university), or a comparable qualification

Several years of project management experience in a technical environment

Solid knowledge of agile methods, ideally with certification according to recognized international standards (e.g., PMI, Scrum Master, Product Owner), preferably in industrial software development

Experience in managing collaborations and external partners

Enjoyment of interdisciplinary and complex tasks as well as innovative solutions

Self-reliant and flexible personality with strengths in interface management

Excellent communication skills, high social competence, and openness to intercultural work

Very good command of German and English, both written and spoken

Willingness to travel

Your Benefits:

A challenging and varied role in an international and professional work environment

Opportunities to shape future-oriented topics

Innovative, high-quality products and system solutions

Collaboration within a passionate and collegial team

Modern working conditions, flexible working hours, competitive compensation, and exemplary health promotion

Work Location

9494 Schaan, Liechtenstein

Schaan, Liechtenstein

9494

Schaan, Liechtenstein","{
  ""ai_application_tasks"": [
    {
      ""task_id"": 1,
      ""ai_capability"": ""Automated control of dental CAD/CAM machinery, converting digitally designed restorations into precise machine instructions for milling or 3‑D printing with minimal human intervention."",
      ""brief_description"": ""Software solutions focused on machine control (CAD/CAM)."",
      ""raw_excerpt"": ""Projektleitung von innovativen Softwarelösungen mit Fokus auf den Bereich Maschinensteuerung (CAD/CAM)."",
      ""explanation"": ""The advertisement highlights software aimed at CAD/CAM machine control, implying an AI‑enabled system that automates the translation of design data into actionable manufacturing steps.""
    },
    {
      ""task_id"": 2,
      ""ai_capability"": ""Real‑time augmented‑reality overlays that guide technicians or clinicians by projecting virtual dental models or instructions onto physical objects to streamline design, fitting, or training workflows."",
      ""brief_description"": ""Projects involving augmented‑reality technologies."",
      ""raw_excerpt"": ""Leitung von Software‑Entwicklungsprojekten im Umfeld von zukunftsorientierten Technologien wie «Augmented Reality» …"",
      ""explanation"": ""Augmented reality is explicitly cited as a core technology area, indicating the end product will deliver AR‑based guidance or visualization functionalities to users.""
    },
    {
      ""task_id"": 3,
      ""ai_capability"": ""Artificial‑intelligence modules that analyze dental CAD data to recommend optimal restoration designs, material parameters, or machining strategies, reducing manual planning effort."",
      ""brief_description"": ""Projects involving artificial‑intelligence technologies."",
      ""raw_excerpt"": ""… und «Artificial Intelligence»."",
      ""explanation"": ""‘Artificial Intelligence’ is singled out as a key technology, suggesting the software will embed AI algorithms that perform analytical and decision‑support tasks within the dental CAD/CAM workflow.""
    }
  ]
}
"
7bc6c85d-93e4-4d75-a997-f620c71029e0,Senior Data Engineer (w/m/d),CKW AG,Mittelunternehmen,Emmen (Rathausen),de,de,"Pensum 80-100%
Mein zukünftiger Alltag
Als Senior Data Engineer kümmerst du dich um alle Prozesse rund um die Generierung, Speicherung, Pflege, Aufbereitung, Anreicherung und Weitergabe von Daten
Als Entwickler in einem Scrum Team arbeitest du an unserer neuen BI & Analytics Plattform auf Basis von Databricks
Zudem hilfst du bei unseren Open Data und die Public API Initiativen mit
Du baust Pipelines und Daten Produkte auf der Azure Databricks Plattform

Was ich mitbringe
Abgeschlossenes Fachhochschulstudium in Informatik oder Statistik mit einer Weiterbildung in Data Engineering
Erfahrungen mit ETL-Prozessen und Pipelines (Azure Synapse Analytics und Databricks)
Erfahrungen mit Datenbanken, Big Data Infrastrukturen, Machine Learning, Report Design (Power BI) sowie Python
Kenntnisse ins Data Produkten auf Basis von Spark (idealerweise Databricks)
Fliessende Deutsch- und Englischkenntnisse

Hast du Fragen zur Bewerbung?
Kontaktiere Ana Arsic
041 249 58 07","Workload 80-100%
My future daily routine
As a Senior Data Engineer, you will be responsible for all processes related to the generation, storage, maintenance, preparation, enrichment, and distribution of data.
As a developer in a Scrum team, you will work on our new BI & Analytics platform based on Databricks.
Additionally, you will assist with our Open Data and Public API initiatives.
You will build pipelines and data products on the Azure Databricks platform.

What I bring
A completed university degree in Computer Science or Statistics with further training in Data Engineering.
Experience with ETL processes and pipelines (Azure Synapse Analytics and Databricks).
Experience with databases, Big Data infrastructures, Machine Learning, report design (Power BI), and Python.
Knowledge of data products based on Spark (ideally Databricks).
Fluent in German and English.

Do you have questions about the application?
Contact Ana Arsic
041 249 58 07","{
  ""ai_application_tasks"": [
    {
      ""task_id"": 1,
      ""ai_capability"": ""Automate ingestion, cleansing, transformation, enrichment and delivery of data via Databricks pipelines."",
      ""brief_description"": ""Databricks pipelines will continuously process and enrich raw data, producing analytics‑ready datasets."",
      ""raw_excerpt"": ""Generierung, Speicherung, Pflege, Aufbereitung, Anreicherung und Weitergabe von Daten"",
      ""explanation"": ""These end‑to‑end data‑processing steps are executed by the platform’s automated pipelines rather than manual effort, representing an AI‑enabled data‑engineering workflow.""
    },
    {
      ""task_id"": 2,
      ""ai_capability"": ""Execute machine‑learning models on large‑scale data to generate predictive insights."",
      ""brief_description"": ""The platform’s ML component trains and scores models on big‑data infrastructure to provide predictions for the business."",
      ""raw_excerpt"": ""Erfahrungen mit … Machine Learning"",
      ""explanation"": ""Machine learning is highlighted as a core competency, indicating that the deployed system runs ML workloads that output predictions or classifications.""
    },
    {
      ""task_id"": 3,
      ""ai_capability"": ""Automatically create and refresh interactive BI analytics dashboards and reports."",
      ""brief_description"": ""Using Power BI, the system generates self‑service reports that update as new data arrives."",
      ""raw_excerpt"": ""Report Design (Power BI)"",
      ""explanation"": ""Once configured, BI tools like Power BI refresh reports automatically, providing continuous analytics without manual report building.""
    },
    {
      ""task_id"": 4,
      ""ai_capability"": ""Serve curated datasets and analytics results through a public API to programmatically share processed data with external users."",
      ""brief_description"": ""Open‑data and public‑API initiatives allow the platform to programmatically share processed data with external users."",
      ""raw_excerpt"": ""Open Data und die Public API Initiativen"",
      ""explanation"": ""Mention of a Public API indicates the system will expose data products via API endpoints, enabling automated external access rather than manual distribution.""
    }
  ]
}"
988d98c6-7cd2-4dc0-a0fc-882635c21762,Leiter Business Intelligence & Analytics 100% (m/w) 100%,CKW AG,Mittelunternehmen,Emmen (Rathausen),de,de,"Leiter Business Intelligence & Analytics 100% (m/w)
100% / Emmen (Rathausen)
Ihre Aufgaben

Führung, Weiterentwicklung und den Ausbau der Business Intelligence & Data Analytics Abteilung

Operationeller Betrieb und Weiterentwicklung von Business Intelligence Anwendungen sowie Data Analytics Modellen

Weiterentwicklung von Data Warehouse, Big Data Architekturen

Festlegung und Entwicklung von Datenstrategien mit den Themengebieten Business Intelligence und Big Data, sowie Artificial Intelligence und Machine Learning

Business Analyse, konzeptionelle und technische Umsetzung neuer Anforderungen in Abstimmung mit den entsprechenden Fachverantwortlichen und Stakeholdern

Mitarbeiten in agilen Teams (Scrum, Kanban)

Ihr Profil

Abgeschlossenes Hochschulstudium (ETH, Uni), technische oder betriebswirtschaftliche Richtung

Programmiererfahrung, z.B. C#, Python, NodeJs, Matlab, R

Erfahrung mit Cloudthemen (z.B. Azure) sowie im Big Data Umfeld und nicht relationalen Datenbanken (z.B. Cassandra, InfluxDB, GraphDB) von Vorteil

Erfahrung in der Konzeption und Umsetzung von Business Intelligence-basierten Lösungen sowie im Bereich Datenbankmodellierung und Programmierung

Mehrjährige Führungserfahrung im BI und Data Analytics Umfeld

Erfahrung in agilen Vorgehensmethoden

Hervorragende analytische Fähigkeiten

Exzellente Kommunikations- und Präsentationsfähigkeiten, insbesondere mit Senior Business Stakeholders

Ihre Benefits
Zum Auf- und Zuklappen klickenZusatzleistungenMarkt- und leistungsgerechte Entlöhnung mit Bonussystem, fortschrittliche Sozialleistungen mit attraktiven Finanzierungsmodellen, finanziell gesunde Pensionskasse, 100% Lohnfortzahlung bei Krankheit, Unfall, Jugend-, Vaterschafts- oder Mutterschaftsurlaub.Gehalt & SozialleistungenGrosszügige Lohnnebenleistungen wie Vergünstigungen bei Mobilität (Halbtax / GA / Passpartout, Benzin, Fahrzeugpool, Gratisparkplatz), Strom, Verpflegung, Versicherungen und Freizeit (MobileAbos, Reka-Checks, Ferienwohnungen, Sportartikel).Entwicklung und Weiterbildung / Entwicklung / FörderungMitarbeiterförderung mittels Potenzialerhebung, Talent Management, breitem internen Kursangebot, Unterstützung bei externer Aus- und Weiterbildung, Coaching und Führungskräfteentwicklung. Lehrlingsausbildung, Einstiegsstellen für Hochschulabsolventen.UmfeldKollegiales und unkompliziertes Arbeitsklima: Du-Kultur, vielfältige Anlässe, moderne Arbeitsplätze mit offenen Raumstrukturen und Stehpulten, attraktive Begegnungszonen, Kleiderservice im Haus. Die grösste E-Flotte der Schweiz steht für geschäftliche und private Zwecke bereit.Flexible ArbeitszeitMindestens 5 Wochen Ferien, flexible Jahresarbeitszeit (Basis 41-Stunden-Woche), Möglichkeit von Teilzeitarbeit, Home Office und unbezahltem Urlaub, schönste Kinderkrippe der Zentralschweiz (mit Kostenbeteiligung).
Ihr Kontakt bei FragenUrsula Meierhofer
Human Resources
Tel.: 041 249 50 63Informationen zum Bewerbungsablauf »

BewerbungsunterlagenWir arbeiten mit einem professionellen Bewerber-Management-System und bearbeiten nur Online-Bewerbungen. Nach Eingang Ihrer Unterlagen erhalten Sie eine E-Mail mit den Zugangsdaten zu Ihrem Profil, in dem Sie Ihre Bewerbungen verwalten können und Einblick in alle offene Stelle haben.

SelektionWir prüfen alle Bewerbungen sorgfältig und handhaben die Informationen absolut vertraulich.

VorstellungsgesprächKandidaten, die wir als geeignet erachten, laden wir zu einem ersten Vorstellungsgespräch ein. Ziel dieses Gesprächs ist, dass Sie sich ein ganzheitliches Bild von Ihrer möglichen neuen Position und Ihrem Umfeld machen können und wir gleichzeitig einen abgerundeten Eindruck von Ihnen erhalten.
Bei gegenseitigem Interesse folgt ein zweites Vorstellungsgespräch. Die Gespräche werden vom direkten Vorgesetzten und/oder vom zuständigen HR-Business-Partner begleitet. Zudem erhalten Sie die Möglichkeit, das Team kennen zu lernen. Je nach Funktion führen wir mit Ihnen noch ein Assessment durch oder Sie erhalten eine konkrete Fragestellung aus dem Fachbereich zum Lösen. Bei Bedarf prüfen wir noch Referenzen bei Ihren früheren Arbeitgebern.
Interview-Tipps
Eine gute Vorbereitung ist die Grundlage für ein erfolgreiches Gespräch. Denken Sie an all die Erfahrungen, die Sie bereits gemacht haben. Erzählen Sie uns von persönlichen Herausforderungen oder speziellen beruflichen Erlebnissen. Das Interview soll ein Dialog sein. Profitieren Sie davon und öffnen Sie sich Ihren Interviewern. Nehmen Sie aber auch die Chance wahr, soviel wie möglich zu erfahren und stellen Sie Fragen. Was möchten Sie am Ende des Gesprächs wissen? Was ist Ihnen wichtig in Erfahrung zu bringen? Am besten notieren Sie vor dem Gespräch die Fragen, die sich Ihnen bei der Recherche über unser Unternehmen und der Auseinandersetzung mit dem Stelleninserat ergeben haben. Seien Sie ehrlich, natürlich und authentisch – wir sind es auch! So können wir gemeinsam herausfinden, ob wir zu einander passen.

Job-AboAls smarter und kundenorientierter Energiedienstleister benötigen wir immer wieder qualifizierte Mitarbeitende wie Sie. Auch wenn Sie auf die ausgeschriebene Stelle eine Absage erhalten haben, möchten wir mit Ihnen in Kontakt bleiben. Deshalb bieten wir Ihnen die Möglichkeit, bei uns ein Job-Abo zu lösen. Damit sind Sie stets über neue Vakanzen bei uns informiert.

Über uns
Als führende Dienstleisterin für Energie, Daten, Infrastruktur in der Schweiz haben wir die Erfahrung, das Know-how und den Mut, die Herausforderungen einer neuen Energiewelt anzupacken. Als verantwortungsvolle Arbeitgeberin bietet CKW attraktive Anstellungsbedingungen. Gestalten Sie gemeinsam mit uns die Energiezukunft.
Weitere Informationen
Ihr Arbeitsumfeld

Ihr Arbeitsort
weitere offene Stellen bei CKW","Head of Business Intelligence & Analytics 100% (m/f)
100% / Emmen (Rathausen)
Your Tasks

Leadership, further development, and expansion of the Business Intelligence & Data Analytics Department

Operational management and further development of Business Intelligence applications as well as Data Analytics models

Advancement of Data Warehouse, Big Data architectures

Definition and development of data strategies in the areas of Business Intelligence and Big Data, as well as Artificial Intelligence and Machine Learning

Business analysis, conceptual and technical implementation of new requirements in coordination with relevant specialists and stakeholders

Participation in agile teams (Scrum, Kanban)

Your Profile

Completed university degree (ETH, university), in a technical or business administration field

Programming experience, e.g., C#, Python, NodeJs, Matlab, R

Experience with cloud topics (e.g., Azure) as well as in the Big Data environment and non-relational databases (e.g., Cassandra, InfluxDB, GraphDB) is advantageous

Experience in designing and implementing Business Intelligence-based solutions as well as in database modeling and programming

Several years of leadership experience in the BI and Data Analytics environment

Experience with agile methodologies

Excellent analytical skills

Outstanding communication and presentation skills, especially with senior business stakeholders

Your Benefits
Click to expand/collapse Additional services Competitive and performance-based salary with bonus system, progressive social benefits with attractive financing models, financially healthy pension fund, 100% salary continuation in case of illness, accident, youth, paternity, or maternity leave. Salary & Social Benefits Generous fringe benefits such as discounts on mobility (Half-Fare / GA / Passpartout, fuel, vehicle pool, free parking), electricity, catering, insurance, and leisure (mobile subscriptions, Reka checks, holiday apartments, sports equipment). Development and Training / Advancement Employee support through potential assessment, talent management, a wide range of internal courses, support for external training and education, coaching, and leadership development. Apprenticeship programs, entry-level positions for university graduates. Environment Collegial and straightforward working atmosphere: informal culture, various events, modern workplaces with open-plan layouts and standing desks, attractive meeting zones, in-house clothing service. The largest e-fleet in Switzerland is available for business and private use. Flexible Working Hours At least 5 weeks of vacation, flexible annual working hours (based on a 41-hour week), options for part-time work, home office, and unpaid leave, the most beautiful daycare in Central Switzerland (with cost sharing). Your Contact for Questions Ursula Meierhofer Human Resources Tel.: 041 249 50 63 Information on the application process »

Application Documents We work with a professional applicant management system and only process online applications. After receiving your documents, you will get an email with access data to your profile, where you can manage your applications and view all open positions.

Selection We review all applications carefully and handle the information with absolute confidentiality.

Interview Candidates we consider suitable will be invited to an initial interview. The goal of this interview is for you to get a comprehensive picture of your potential new position and environment, and for us to gain a well-rounded impression of you. If there is mutual interest, a second interview will follow. The interviews are conducted by the direct supervisor and/or the responsible HR business partner. You will also have the opportunity to meet the team. Depending on the role, we may conduct an assessment or provide a specific technical question to solve. If needed, we will also check references with your previous employers. Interview Tips Good preparation is the foundation for a successful interview. Think about all the experiences you have had. Share personal challenges or special professional experiences. The interview should be a dialogue. Take advantage of this and open up to your interviewers. Also, seize the opportunity to learn as much as possible and ask questions. What do you want to know at the end of the conversation? What is important for you to find out? It’s best to note down the questions that arise from your research about our company and the job posting before the interview. Be honest, natural, and authentic – we are too! This way, we can jointly determine if we are a good fit.

Job Subscription As a smart and customer-oriented energy service provider, we constantly need qualified employees like you. Even if you receive a rejection for the advertised position, we want to stay in contact with you. Therefore, we offer you the opportunity to subscribe to job alerts. This way, you will always be informed about new vacancies with us.

About Us As a leading service provider for energy, data, and infrastructure in Switzerland, we have the experience, expertise, and courage to tackle the challenges of a new energy world. As a responsible employer, CKW offers attractive employment conditions. Help shape the energy future together with us. More Information Your Work Environment Your Workplace Further open positions at CKW","{
  ""ai_application_tasks"": [
    {
      ""task_id"": 1,
      ""ai_capability"": ""The BI system automatically aggregates, visualizes, and reports key business metrics through interactive dashboards and reports to stakeholders."",
      ""brief_description"": ""Business‑intelligence applications deliver automated dashboards and reporting to stakeholders."",
      ""raw_excerpt"": ""Operationeller Betrieb und Weiterentwicklung von Business Intelligence Anwendungen"",
      ""explanation"": ""This excerpt refers to running and enhancing BI applications, whose core automated function is to generate and present reports and dashboards without manual compilation.""
    },
    {
      ""task_id"": 2,
      ""ai_capability"": ""Data‑analytics models automatically analyze large datasets to uncover patterns, correlations, and actionable insights."",
      ""brief_description"": ""Data‑analytics models are executed to produce insights from corporate data."",
      ""raw_excerpt"": ""Data Analytics Modellen"",
      ""explanation"": ""Mentioning the operation of data‑analytics models implies automated statistical or machine‑learning analysis that processes data and surfaces insights with minimal human intervention.""
    },
    {
      ""task_id"": 3,
      ""ai_capability"": ""Machine‑learning algorithms generate predictive analytics, forecasting future business outcomes based on historical and real‑time data to provide predictive insights for the business."",
      ""brief_description"": ""AI/ML techniques are applied to provide predictive insights for the business."",
      ""raw_excerpt"": ""Festlegung und Entwicklung von Datenstrategien mit den Themengebieten Business Intelligence und Big Data, sowie Artificial Intelligence und Machine Learning"",
      ""explanation"": ""The explicit inclusion of Artificial Intelligence and Machine Learning within data‑strategy development signals that ML models will be deployed to deliver forward‑looking, predictive capabilities.""
    }
  ]
}"
d66947ee-4576-42b6-8b24-2352afbe67f1,Solution Architect,Innovation Process Technology AG,Kleinunternehmen,CH-6300 Zug,de,de,"Solution Architect

Wir sind eine Schweizer IT-Consulting Firma. Wir bauen innovative Lösungen beim Kunden vor Ort. Uns gibt es schon seit über 20 Jahren, aber wir leben immer noch eine Start-up Mentalität – 160 Leute, Flat Hierarchy, No Politics, Lots of Fun! Bei uns gilt: People First! Jeder kann sich bei uns einbringen und zum Experten werden. Wissen wird geteilt und gegenseitige Unterstützung ist zentral. We’re ONE Team!

Deine Challenges

Du berätst unsere Kunden neutral, wie sie ihre aktuellen Systeme langfristig und stabil weiterentwickeln können (z.B. in API-Management, DevOps, Cloud Integration, Security oder Machine Learning). Das Ziel ist stets, die beste Lösung für und mit dem Kunden zusammen zu entwickeln und umzusetzen

Zusammen mit verschiedenen Stakeholdern (Business, Security, Netzwerk, SW-Entwickler usw.) erarbeitest du neue Use Cases

Konzeption der technischen Lösungsarchitektur hinsichtlich Industry Best-Practices, Technologietrends und den lokalen Gegebenheiten des Kunden

Entwerfen einer ersten PoC Version, um dem Kunden den Nutzen aufzuzeigen

Du übernimmst den technischen Lead in der Umsetzung der Lösung und wendest state-of-the-art Tooling und agile Projektmethoden an

Du führst neue Projekt-Mitarbeitende ein und coachst das Team

Das bringst du mit

5+ Jahre Projekterfahrung im Software Engineering und/oder Softwarearchitektur

Erfahrung mit verschiedenen IT-Architekturen

Guter Überblick über aktuelle Trends in der IT Industrie (Cloud Native, Machine Learning, Serverless, o.ä.)

Abgeschlossenes Studium (Informatik, Wirtschaftsinformatik, Mathematik, Elektrotechnik, Physik o.ä.)

Teamplayer und starke kommunikative Fähigkeiten

Professionelles Auftreten und fliessende Deutsch- und Englischkenntnisse

Das sind unsere Benefits für dich

Austausch unter Experten: Monatliche Mitarbeiterevents, TechBiers und Scrum’n’Wines garantieren Know-How Austausch und frische Ideen

Bonus für alle gleich: Bonus gibt es bei uns für alle Mitarbeitenden – und verteilt wird er proportional gleichmässig

Entwicklung + Perspektive: Individuelle Weiterbildungs- und Entwicklungsmöglichkeiten basierend auf deinen Karrierevorstellungen

Hardfacts

Dein Arbeitsort ist vor Ort beim Kunden in der Deutschschweiz (ZH, LU, BS, BE)

80-100% Pensum

Dieses Stelleninserat umschreibt ein Szenario, das dich in einem Projekt erwarten könnte. Wir suchen daher Talente, die für verschiedene Themen und Technologien offen sind.

P.S. Wir schauen optimistisch in die Zukunft und suchen auch in Zeiten von COVID-19 passende Bewerbende, die unser Team verstärken und uns weiterbringen.

Hast du Fragen?

Sina Bachmann
Human Resources

Wir freuen uns auf deine Bewerbung!
Anrede Herr Frau Vorname Name E-Mail Telefon Dein Xing-Profil Dein Linkedin-Profil Bewerbungsschreiben

.pdf, .doc, .docx, .zip (max. 20MB)

Lebenslauf

.pdf, .doc, .docx, .zip (max. 20MB)

Weitere Dokumente

.pdf, .doc, .docx, .zip (max. 20MB)

Weitere Links Bemerkung Wie bist du auf ipt aufmerksam geworden? Ich habe die Datenschutzbestimmungen gelesen und bin damit einverstanden. Comments","Solution Architect

We are a Swiss IT consulting company. We build innovative solutions on-site at our clients' locations. We have been around for over 20 years, but we still maintain a start-up mentality – 160 people, flat hierarchy, no politics, lots of fun! Our motto: People First! Everyone can contribute and become an expert. Knowledge is shared, and mutual support is central. We’re ONE Team!

Your Challenges

You will advise our clients impartially on how they can develop their current systems in a long-term and stable manner (e.g., in API management, DevOps, cloud integration, security, or machine learning). The goal is always to develop and implement the best solution together with the client.

Together with various stakeholders (business, security, network, software developers, etc.), you will develop new use cases.

Designing the technical solution architecture in accordance with industry best practices, technological trends, and the local conditions of the client.

Creating an initial proof-of-concept version to demonstrate the benefits to the client.

Taking technical leadership in the implementation of the solution and applying state-of-the-art tooling and agile project methods.

Introducing new project team members and coaching the team.

What You Bring

5+ years of project experience in software engineering and/or software architecture.

Experience with various IT architectures.

Good overview of current trends in the IT industry (Cloud Native, Machine Learning, Serverless, etc.).

Completed degree (Computer Science, Business Informatics, Mathematics, Electrical Engineering, Physics, or similar).

Team player with strong communication skills.

Professional demeanor and fluent in German and English.

Our Benefits for You

Expert exchange: Monthly employee events, TechBiers, and Scrum’n’Wines ensure knowledge sharing and fresh ideas.

Equal bonus: Bonuses are awarded to all employees and distributed proportionally and evenly.

Development + Perspective: Individual training and development opportunities based on your career aspirations.

Hard Facts

Your workplace is on-site with the client in German-speaking Switzerland (ZH, LU, BS, BE).

80-100% workload.

This job posting describes a scenario you might encounter in a project. We are therefore looking for talents who are open to various topics and technologies.

P.S. We look optimistically into the future and are also seeking suitable candidates during COVID-19 times to strengthen our team and help us grow.

Do you have questions?

Sina Bachmann  
Human Resources

We look forward to your application!  
Salutation Mr. Ms. First Name Last Name Email Phone Your Xing Profile Your LinkedIn Profile Cover Letter

.pdf, .doc, .docx, .zip (max. 20MB)

Resume

.pdf, .doc, .docx, .zip (max. 20MB)

Other Documents

.pdf, .doc, .docx, .zip (max. 20MB)

Additional Links Remarks How did you hear about ipt? I have read the data protection regulations and agree to them.","{
""ai_application_tasks"": []
}"
820a4a46-a137-4e5e-8089-e7a1354a327b,Senior Data Scientist (m/w),Innovation Process Technology AG,Kleinunternehmen,CH-6300 Zug,de,de,"Wir sind eine Schweizer IT Consulting Firma, fokussiert auf Software Integration. Wir bauen innovative Lösungen beim Kunden vor Ort. Uns gibt es schon seit über 20 Jahren, aber wir leben immer noch eine Start-up Mentalität – 130 Leute, Flat Hierarchy, No Politics, Lots of Fun! Bei uns gilt: People First! Jeder kann sich bei uns einbringen und zum Experten werden. Wissen wird geteilt und gegenseitige Unterstützung ist zentral. We’re ONE Team!

Deine Challenges

Du erstellst für den Kunden Entscheidungsgrundlagen auf Basis von definierten Hypothesen und verhilfst ihnen, Erkenntnisse mittels Advanced Analytics zu gewinnen

Du sammelst, analysierst und interpretierst grosse Datenmengen mithilfe von Big Data Werkzeugen und geeigneten Algorithmen. Daraus entwickelst du Modelle, um dem Kunden dabei zu helfen seine Geschäftsziele zu erreichen

Automatisierung und Integration von Arbeits-/Datenflüssen aus verschiedenen Systemen

Du bringst dich mit modernen Machine Learning Methoden z.B. Deep Learning, Reinforcement Learning oder Federated Learning beim Kunden ein

Das bringst du mit

2-6 Jahre Projekterfahrung mit unterschiedlichen Machine Learning Techniken und Big Data Technologien

Fundierte Kenntnisse in mind. einer Programmiersprache wie Python, R, Java oder Scala

Abgeschlossenes Studium (Informatik, Wirtschaftsinformatik, Mathematik, Statistik, Elektrotechnik, Physik o.ä.)

Leidenschaft, sich schnell in neue Themen und Technologien einzuarbeiten

Teamplayer und starke kommunikative Fähigkeiten

Professionelles Auftreten und fliessende Deutsch- und Englischkenntnisse

Das sind unsere Benefits für dich

Austausch unter Experten: Monatliche Mitarbeiterevents, TechBiers und Scrum’n’Wines garantieren Know-How Austausch und frische Ideen

Garantierte Abwechslung: Verschiedene Kunden, Themen, Methoden und Technologien – als Consultant wird es nicht langweilig

Bonus für alle gleich: Bonus gibt es bei uns für alle Mitarbeitenden – und verteilt wird er proportional gleichmässig

Weitere Benefits findest du hier

Das sind die Hard Facts

Dein Arbeitsort ist vor Ort beim Kunden in der Deutschschweiz (ZH, LU, BS, BE)

80-100% Pensum

Dieses Stelleninserat umschreibt ein Szenario, das dich in einem Projekt erwarten könnte. Wir suchen daher Talente die für verschiedene Themen und Technologien offen sind.

Wir freuen uns schon jetzt auf deine Bewerbung!

Jetzt bewerben!

Noch Fragen?

Michaela KuhnHR, Mitglied der Geschäftsleitung
Nachricht schicken
ipt als Arbeitgeber

Wir haben stolze und zufriedene Mitarbeitende. Überzeuge dich auf kununu.

Fred über sein Leben als ipt Consultant

Wie man sich einen ganz normalen Alltag bei ipt vorstellen kann, zeigt hier unser Lead Consultant Fred!

Dein Arbeitsplatz als ipt-Consultant
In der DeutschschweizVor Ort beim KundenGemeinsam im Team","We are a Swiss IT consulting company focused on software integration. We develop innovative solutions on-site at the customer's location. We have been around for over 20 years, but we still maintain a start-up mentality – 130 people, flat hierarchy, no politics, lots of fun! Our motto is: People First! Everyone can contribute and become an expert. Knowledge is shared, and mutual support is central. We’re ONE team!

Your Challenges

You create decision-making bases for the customer based on defined hypotheses and help them gain insights through advanced analytics.

You collect, analyze, and interpret large amounts of data using big data tools and suitable algorithms. From this, you develop models to help the customer achieve their business goals.

Automation and integration of workflows/data flows from various systems.

You contribute with modern machine learning methods, e.g., deep learning, reinforcement learning, or federated learning, at the customer site.

What you bring

2-6 years of project experience with various machine learning techniques and big data technologies.

Solid knowledge in at least one programming language such as Python, R, Java, or Scala.

Completed studies (Computer Science, Business Informatics, Mathematics, Statistics, Electrical Engineering, Physics, or similar).

Passion for quickly learning new topics and technologies.

Team player with strong communication skills.

Professional demeanor and fluent German and English skills.

Our Benefits for You

Expert exchange: Monthly employee events, TechBiers, and Scrum’n’Wines ensure knowledge sharing and fresh ideas.

Guaranteed variety: Different clients, topics, methods, and technologies – as a consultant, it will never get boring.

Equal bonus for everyone: Bonuses are awarded to all employees and distributed proportionally and evenly.

Find more benefits here.

The Hard Facts

Your workplace is on-site with the customer in German-speaking Switzerland (ZH, LU, BS, BE).

80-100% workload.

This job posting describes a scenario you might encounter in a project. We are therefore looking for talents who are open to various topics and technologies.

We are already looking forward to your application!

Apply now!

Still have questions?

Michaela Kuhn HR, Member of the Management Board
Send message
ipt as employer

We have proud and satisfied employees. Convince yourself on kununu.

Fred about his life as an ipt consultant

Here’s how a typical day at ipt might look, as shown by our Lead Consultant Fred!

Your workplace as an ipt consultant
In the German-speaking part of Switzerland On-site at the customer’s location Working together in a team","{
  ""ai_application_tasks"": [
    {
      ""task_id"": 1,
      ""ai_capability"": ""Generate actionable decision‑support insights by applying advanced analytics to business‑defined hypotheses."",
      ""brief_description"": ""Creates evidence‑based decision foundations for the client using advanced analytics."",
      ""raw_excerpt"": ""Du erstellst für den Kunden Entscheidungsgrundlagen auf Basis von definierten Hypothesen und verhilfst ihnen, Erkenntnisse mittels Advanced Analytics zu gewinnen"",
      ""explanation"": ""This excerpt states that the solution delivers ‘Entscheidungsgrundlagen’ (decision foundations) and ‘Erkenntnisse’ (insights) through advanced analytics, indicating an AI system that surfaces insights for business decision‑making.""
    },
    {
      ""task_id"": 2,
      ""ai_capability"": ""Build predictive or descriptive models from large‑scale data using big‑data tools and algorithms to support customer business goals."",
      ""brief_description"": ""Transforms massive datasets into models that help the client reach its objectives."",
      ""raw_excerpt"": ""Du sammelst, analysierst und interpretierst grosse Datenmengen mithilfe von Big Data Werkzeugen und geeigneten Algorithmen. Daraus entwickelst du Modelle, um dem Kunden dabei zu helfen seine Geschäftsziele zu erreichen"",
      ""explanation"": ""The excerpt describes using big‑data tooling and algorithms to create models that advance business goals, which is a core AI/ML function delivered to end users.""
    },
    {
      ""task_id"": 3,
      ""ai_capability"": ""Automate and orchestrate data and workflow pipelines across multiple enterprise systems."",
      ""brief_description"": ""Integrates and automates work/data flows coming from different systems."",
      ""raw_excerpt"": ""Automatisierung und Integration von Arbeits-/Datenflüssen aus verschiedenen Systemen"",
      ""explanation"": ""The wording explicitly references automation and integration of work and data flows, implying an AI‑enabled orchestration layer that removes manual hand‑offs.""
    },
    {
      ""task_id"": 4,
      ""ai_capability"": ""Apply deep learning models to detect complex patterns and deliver high‑accuracy predictions within client solutions."",
      ""brief_description"": ""Uses deep learning techniques to extract sophisticated insights or predictions."",
      ""raw_excerpt"": ""…modernen Machine Learning Methoden z.B. Deep Learning…"",
      ""explanation"": ""Deep learning is singled out as a method to be brought to clients, representing an AI capability for pattern recognition and prediction.""
    },
    {
      ""task_id"": 5,
      ""ai_capability"": ""Employ reinforcement learning to autonomously optimize sequential decisions or control strategies in customer processes."",
      ""brief_description"": ""Uses reinforcement learning to improve decision or control policies automatically."",
      ""raw_excerpt"": ""…modernen Machine Learning Methoden z.B. Deep Learning, Reinforcement Learning…"",
      ""explanation"": ""Reinforcement learning is mentioned, indicating an AI system that iteratively learns optimal actions, a distinct capability from other ML methods.""
    },
    {
      ""task_id"": 6,
      ""ai_capability"": ""Utilize federated learning to train models collaboratively across distributed data sources while preserving data locality and privacy."",
      ""brief_description"": ""Applies federated learning so models learn from decentralized client data without sharing raw data."",
      ""raw_excerpt"": ""…modernen Machine Learning Methoden z.B. Deep Learning, Reinforcement Learning oder Federated Learning…"",
      ""explanation"": ""Federated learning is expressly listed, pointing to an AI approach that enables cross‑site model training without centralizing sensitive data.""
    }
  ]
}
"
313accd4-b7c6-4ac7-b898-cd174ea9c3b0,Praktikant Data Analytics,Ivoclar Vivadent AG,Grossunternehmen,"9494 Schaan, Liechtenstein",de,de,"2019-01-25
Praktikant Data Analytics

Ivoclar Vivadent inspiriert zum Lächeln
Sie unterstützen unser Data Science Team in verschiedenen Problemstellungen wie Imaging, Clustering, Time Series Analysis and Prediction, Classification. Sie bringen Motivation und Geduld mit, um sich komplexen Fragestellungen in Zusammenhang mit Daten zu widmen. Sie finden ein Umfeld, in dem Sie ein interessantes und abwechslungsreiches Praktikum von sechs bis 12 Monaten absolvieren und bei Interesse eine Bachelor-/ oder Masterarbeit verfassen können.
Wir freuen uns auf Sie!
Das sind Ihre Aufgaben

Mitarbeit bei verschiedensten Problemstellungen der Data Science

Selbstständige Durchführung von statistischen Analysen auf Basis von strukturierten und unstrukturierten Daten

Entwicklung von Datenaufbereitungsprozessen für anschliessende Analysen

Visualisierung der Ergebnisse komplexer Datenanalysen für verschiedene Stakeholder

Das bringen Sie mit

Grundkenntnisse in der Statistik sowie Erfahrung im Bereich Data Science (Data Mining, Analytics, Machine Learning, Deep Learning, Visualisierung, etc.)

Erfahrungen mit Data Science Tools und Frameworks (z.B. Python, R, Matlab, Numpy, Scikit-learn, TensorFlow, Theano, Caffe, Tableau, etc.)

Flexibilität und Freude an den interdisziplinären Tätigkeiten der Data Science auf R&D Level

Teamfähige und aufgeschlossene Persönlichkeit

Gestalten Sie mit uns die Zukunft der Dentalbranche
Ivoclar Vivadent ist ein weltweit führendes Dentalunternehmen mit 3600 Mitarbeitenden. Wir leben und lieben Innovation und stehen für Tradition und Qualität – dabei leiten uns die Werte und die Kultur eines nachhaltig agierenden Familienunternehmens mit langfristiger Perspektive.

Wir bringen Menschen zum Lächeln
Um dieses Ziel zu erreichen, suchen wir Leute mit Ideen, Mut und Tatkraft. Köpfe und Kräfte, die unsere Leidenschaft teilen. Bei uns finden Sie eine Welt der Vielfalt, des gegenseitigen Respekts und der Zusammenarbeit. Wir lassen Worten Taten folgen und entwickeln uns stetig weiter. Werden Sie Teil unseres Teams.

Arbeitsort

9494 Schaan, Liechtenstein

Schaan, Liechtenstein

9494

Schaan, Liechtenstein","2019-01-25
Intern Data Analytics

Ivoclar Vivadent Inspires a Smile
You will support our Data Science team in various challenges such as imaging, clustering, time series analysis and prediction, classification. You bring motivation and patience to tackle complex questions related to data. You will find an environment where you can complete an interesting and diverse internship lasting six to twelve months and, if interested, write a bachelor’s or master’s thesis.
We look forward to meeting you!
Here are your tasks

Contributing to various data science problems

Independently conducting statistical analyses based on structured and unstructured data

Developing data preparation processes for subsequent analyses

Visualizing the results of complex data analyses for different stakeholders

What you bring

Basic knowledge of statistics and experience in the field of data science (data mining, analytics, machine learning, deep learning, visualization, etc.)

Experience with data science tools and frameworks (e.g., Python, R, MATLAB, Numpy, Scikit-learn, TensorFlow, Theano, Caffe, Tableau, etc.)

Flexibility and enthusiasm for the interdisciplinary activities of data science at R&D level

A team-oriented and open-minded personality

Shape the future of the dental industry with us
Ivoclar Vivadent is a globally leading dental company with 3,600 employees. We live and love innovation and stand for tradition and quality – guided by the values and culture of a sustainably operating family business with a long-term perspective.

We Make People Smile
To achieve this goal, we are looking for people with ideas, courage, and initiative. Minds and energies who share our passion. With us, you will find a world of diversity, mutual respect, and collaboration. We turn words into actions and continuously develop ourselves. Become part of our team.

Work Location

9494 Schaan, Liechtenstein

Schaan, Liechtenstein

9494

Schaan, Liechtenstein","{
""ai_application_tasks"": [
{
""task_id"": 1,
""ai_capability"": ""Automatically analyze image data—such as dental scans or photographs—to extract features, identify patterns, or detect anomalies relevant to research and product development."",
""brief_description"": ""The internship lists ""Imaging"" as a core problem area for the data‑science solutions."",
""raw_excerpt"": ""…verschiedenen Problemstellungen wie Imaging, Clustering, Time Series Analysis and Prediction, Classification."",
""explanation"": ""The term “Imaging” signals that the AI system will ingest and interpret visual data, a common computer‑vision application that automates feature extraction or defect detection.""
},
{
""task_id"": 2,
""ai_capability"": ""Group large structured or unstructured datasets into meaningful clusters to reveal hidden segments or behavioral patterns without prior labels."",
""brief_description"": ""Clustering is explicitly named as one of the problem domains the AI solutions will handle."",
""raw_excerpt"": ""…Problemstellungen wie Imaging, Clustering, Time Series Analysis and Prediction, Classification."",
""explanation"": ""Clustering is an unsupervised‑learning task done by the model itself, letting downstream teams automatically discover natural groupings in dental or business data.""
},
{
""task_id"": 3,
""ai_capability"": ""Perform time‑series modeling and generate forecasts that predict future values or trends (e.g., demand, equipment performance, or material properties)."",
""brief_description"": ""The advert includes ""Time Series Analysis and Prediction"" as a target workflow."",
""raw_excerpt"": ""…Problemstellungen wie Imaging, Clustering, Time Series Analysis and Prediction, Classification."",
""explanation"": ""Time‑series forecasting is an AI/ML function that automatically projects future outcomes, delivering actionable insights to operations or R&D.""
},
{
""task_id"": 4,
""ai_capability"": ""Classify data points—such as images, sensor readings, or customer records—into predefined categories using supervised machine‑learning models."",
""brief_description"": """"Classification"" is another explicit AI task area in the listing."",
""raw_excerpt"": ""…Problemstellungen wie Imaging, Clustering, Time Series Analysis and Prediction, Classification."",
""explanation"": ""Classification automates decision‑making by assigning labels, an ML capability directly referenced in the job ad.""
},
{
""task_id"": 5,
""ai_capability"": ""Automate data‑preparation pipelines that clean, transform, and integrate structured and unstructured data prior to downstream analytics."",
""brief_description"": ""The intern will build data‑preparation processes for subsequent analyses, implying automated ETL workflows."",
""raw_excerpt"": ""Entwicklung von Datenaufbereitungsprozessen für anschliessende Analysen"",
""explanation"": ""Although implemented by developers, the resulting pipeline is an AI/ML‑enabled tool that continuously prepares incoming data with minimal human intervention.""
},
{
""task_id"": 6,
""ai_capability"": ""Generate visualizations that automatically convert complex analytical results into stakeholder‑friendly charts and dashboards."",
""brief_description"": ""The ad notes visualization of analysis results for different stakeholders."",
""raw_excerpt"": ""Visualisierung der Ergebnisse komplexer Datenanalysen für verschiedene Stakeholder"",
""explanation"": ""Visualization tools (e.g., Tableau) use built‑in algorithms to automatically render insights, reducing manual plotting and enhancing communication.""
}
]
}"
1c1703a8-be0f-4b28-bee4-47ba8155d493,Senior Data Scientist,Innovation Process Technology AG,Kleinunternehmen,CH-6300 Zug,de,de,"Wir sind eine Schweizer IT Consulting Firma, fokussiert auf Software Integration. Wir bauen innovative Lösungen beim Kunden vor Ort. Uns gibt es schon seit über 20 Jahren, aber wir leben immer noch eine Start-up Mentalität – 130 Leute, Flat Hierarchy, No Politics, Lots of Fun! Bei uns gilt: People First! Jeder kann sich bei uns einbringen und zum Experten werden. Wissen wird geteilt und gegenseitige Unterstützung ist zentral. We’re ONE Team!

Deine Challenges

Du erstellst für den Kunden Entscheidungsgrundlagen auf Basis von definierten Hypothesen und verhilfst ihnen, Erkenntnisse mittels Advanced Analytics zu gewinnen

Du sammelst, analysierst und interpretierst grosse Datenmengen mithilfe von Big Data Werkzeugen und geeigneten Algorithmen. Daraus entwickelst du Modelle, um dem Kunden dabei zu helfen seine Geschäftsziele zu erreichen

Automatisierung und Integration von Arbeits-/Datenflüssen aus verschiedenen Systemen

Du bringst dich mit modernen Machine Learning Methoden z.B. Deep Learning, Reinforcement Learning oder Federated Learning beim Kunden ein

Das bringst du mit

2-6 Jahre Projekterfahrung mit unterschiedlichen Machine Learning Techniken und Big Data Technologien

Fundierte Kenntnisse in mind. einer Programmiersprache wie Python, R, Java oder Scala

Abgeschlossenes Studium (Informatik, Wirtschaftsinformatik, Mathematik, Statistik, Elektrotechnik, Physik o.ä.)

Leidenschaft, sich schnell in neue Themen und Technologien einzuarbeiten

Teamplayer und starke kommunikative Fähigkeiten

Professionelles Auftreten und fliessende Deutsch- und Englischkenntnisse

Das sind unsere Benefits für dich

Austausch unter Experten: Monatliche Mitarbeiterevents, TechBiers und Scrum’n’Wines garantieren Know-How Austausch und frische Ideen

Garantierte Abwechslung: Verschiedene Kunden, Themen, Methoden und Technologien – als Consultant wird es nicht langweilig

Bonus für alle gleich: Bonus gibt es bei uns für alle Mitarbeitenden – und verteilt wird er proportional gleichmässig

Das sind die Hard Facts

Dein Arbeitsort ist vor Ort beim Kunden in der Deutschschweiz (ZH, LU, BS, BE)

80-100% Pensum

Dieses Stelleninserat umschreibt ein Szenario, das dich in einem Projekt erwarten könnte. Wir suchen daher Talente, die für verschiedene Themen und Technologien offen sind.

Wir freuen uns schon jetzt auf deine Bewerbung!

Jetzt bewerben!

Noch Fragen?

Michaela KuhnHR, Mitglied der Geschäftsleitung
Nachricht schicken
ipt als Arbeitgeber

Wir haben stolze und zufriedene Mitarbeitende. Überzeuge dich auf kununu.

«Jeder kann ein ML-System bauen»

Jeder Mathematik-Experte kann ein ML-System bauen, welches für das Unternehmen Wert generiert. Ist das wirklich so? Daniel Albisser sorgt für Klärung und zwar hier:

Zum Mythos

Dein Arbeitsplatz als ipt-Consultant
In der DeutschschweizVor Ort beim KundenGemeinsam im Team","We are a Swiss IT consulting company focused on software integration. We develop innovative solutions on-site at the customer's location. We have been around for over 20 years, but we still maintain a start-up mentality – 130 people, flat hierarchy, no politics, lots of fun! Our motto: People First! Everyone can contribute and become an expert. Knowledge is shared, and mutual support is central. We’re ONE team!

Your Challenges

- You create decision-making bases for the customer based on defined hypotheses and help them gain insights through advanced analytics.
- You collect, analyze, and interpret large amounts of data using big data tools and suitable algorithms. From this, you develop models to help the customer achieve their business goals.
- Automating and integrating workflows and data flows from various systems.
- You contribute with modern machine learning methods, e.g., deep learning, reinforcement learning, or federated learning, at the customer’s site.

What you bring

- 2-6 years of project experience with various machine learning techniques and big data technologies.
- Solid knowledge in at least one programming language such as Python, R, Java, or Scala.
- Completed studies (Computer Science, Business Informatics, Mathematics, Statistics, Electrical Engineering, Physics, or similar).
- Passion for quickly learning new topics and technologies.
- Team player with strong communication skills.
- Professional appearance and fluent German and English skills.

Our benefits for you

- Exchange among experts: Monthly employee events, TechBiers, and Scrum’n’Wines guarantee knowledge sharing and fresh ideas.
- Guaranteed variety: Different clients, topics, methods, and technologies – as a consultant, it will never get boring.
- Equal bonus for everyone: Bonuses are awarded to all employees and distributed proportionally and evenly.

The hard facts

- Your workplace is on-site with the customer in German-speaking Switzerland (ZH, LU, BS, BE).
- 80-100% workload.
- This job posting describes a scenario you might encounter in a project. We are therefore looking for talents who are open to various topics and technologies.

We are already looking forward to your application!

Apply now!

Still have questions?

Michaela Kuhn HR, Member of the Management Board
Send message
ipt as employer

We have proud and satisfied employees. Convince yourself on kununu.

“Anyone can build an ML system”

Any math expert can build an ML system that generates value for the company. Is that really the case? Daniel Albisser provides clarification right here:

On the myth

Your workplace as an ipt consultant
In the German-speaking part of Switzerland On-site with the customer Working together in a team","{
  ""ai_application_tasks"": [
    {
      ""task_id"": 1,
      ""ai_capability"": ""Generate data‑driven decision‑support insights through advanced analytics for the client from predefined hypotheses."",
      ""brief_description"": ""The AI solution derives evidence‑based decision material for the client from predefined hypotheses."",
      ""raw_excerpt"": ""Du erstellst für den Kunden Entscheidungsgrundlagen auf Basis von definierten Hypothesen und verhilfst ihnen, Erkenntnisse mittels Advanced Analytics zu gewinnen"",
      ""explanation"": ""This line explicitly states that analytical outputs (‘Entscheidungsgrundlagen’ and ‘Erkenntnisse’) will be produced for client decision making.""
    },
    {
      ""task_id"": 2,
      ""ai_capability"": ""Collect, analyze and interpret large‑scale datasets with big‑data algorithms to uncover patterns and trends."",
      ""brief_description"": ""The system ingests and processes vast amounts of data using big‑data tooling and algorithms."",
      ""raw_excerpt"": ""Du sammelst, analysierst und interpretierst grosse Datenmengen mithilfe von Big Data Werkzeugen und geeigneten Algorithmen."",
      ""explanation"": ""The excerpt specifies automated handling and analytical processing of ‘grosse Datenmengen’ using specialized algorithms—an AI task.""
    },
    {
      ""task_id"": 3,
      ""ai_capability"": ""Build predictive or optimization machine‑learning models that help clients achieve their business goals."",
      ""brief_description"": ""Models developed from the analyzed data drive the client’s strategic objectives."",
      ""raw_excerpt"": ""Daraus entwickelst du Modelle, um dem Kunden dabei zu helfen seine Geschäftsziele zu erreichen"",
      ""explanation"": ""Creating ML models aimed at meeting business objectives is a distinct AI deliverable described here.""
    },
    {
      ""task_id"": 4,
      ""ai_capability"": ""Automate and orchestrate the integration of data and workflow streams across multiple enterprise systems."",
      ""brief_description"": ""AI‑enabled pipelines automatically move and unify work/data flows from different sources."",
      ""raw_excerpt"": ""Automatisierung und Integration von Arbeits-/Datenflüssen aus verschiedenen Systemen"",
      ""explanation"": ""The phrase indicates automation of cross‑system workflows, a classic AI‑driven integration use case.""
    },
    {
      ""task_id"": 5,
      ""ai_capability"": ""Apply deep learning techniques to extract complex patterns and high‑level representations from client data."",
      ""brief_description"": ""Deep learning is leveraged at the customer site for advanced pattern recognition tasks."",
      ""raw_excerpt"": ""Du bringst dich mit modernen Machine Learning Methoden z.B. Deep Learning, Reinforcement Learning oder Federated Learning beim Kunden ein"",
      ""explanation"": ""Deep learning is singled out as a method to be applied, implying capabilities such as image, text, or signal pattern extraction.""
    },
    {
      ""task_id"": 6,
      ""ai_capability"": ""Use reinforcement learning to optimize sequential decision processes and adaptive policies."",
      ""brief_description"": ""Reinforcement learning will learn optimal actions in dynamic client environments."",
      ""raw_excerpt"": ""Du bringst dich mit modernen Machine Learning Methoden z.B. Deep Learning, Reinforcement Learning oder Federated Learning beim Kunden ein"",
      ""explanation"": ""Mention of reinforcement learning implies automated policy learning for decision optimization.""
    },
    {
      ""task_id"": 7,
      ""ai_capability"": ""Implement federated learning to train models collaboratively across distributed data sources without sharing raw data."",
      ""brief_description"": ""Federated learning enables privacy‑preserving model training on decentralized client datasets."",
      ""raw_excerpt"": ""Du bringst dich mit modernen Machine Learning Methoden z.B. Deep Learning, Reinforcement Learning oder Federated Learning beim Kunden ein"",
      ""explanation"": ""Federated learning is explicitly listed, highlighting an AI capability focused on decentralized, privacy‑aware training.""
    }
  ]
}"
4e787ea1-a8f7-4b96-9d47-791cb7131104,Project Manager Digital Solutions (m/w),Ivoclar Vivadent AG,Grossunternehmen,LI-9494 Schaan,de,de,"Inspiriert zum Lächeln

Mit hochwertigen Erzeugnissen für die moderne Zahntechnik und Zahnmedizin sorgt Ivoclar Vivadent dafür, dass Menschen gerne lächeln. Das gilt auch für die rund 3500 Mitarbeitenden in Schaan, Liechtenstein, und an 30 weiteren Standorten rund um den Globus: An attraktiven Arbeitsplätzen lassen sie sich so zu innovativen Leistungen inspirieren, die Ivoclar Vivadent zu einem der weltweit führenden Dentalunternehmen gemacht haben.
Zur Verstärkung unseres Teams in der Forschung & Entwicklung am Hauptsitz in Schaan, Liechtenstein, suchen wir einen:

1172 - Project Manager Digital Solutions (m/w)

Ihre Aufgaben:

* Projektleitung von innovativen Softwarelösungen mit Fokus auf den Bereich Maschinensteuerung (CAD/CAM).
* Leitung von Software-Entwicklungsprojekten mit zukunftsorientierten Lösungen wie «Augmented Reality» und «Artificial Intelligence».
* Umsetzung von innovativen Softwarelösungen und Software-Entwicklungsprojekten vom Aufnehmen der Anforderungen und Projektplanung über die Evaluation und Auswahl der Software-Entwicklungspartner bis zur Steuerung der Partner sowie der Durchführung und Dokumentation der Projekte.

Ihr Profil:

* Abgeschlossene technische Ausbildung wie z.B. Studium Wirtschaftsinformatik, Software-Entwicklung oder eine vergleichbare Qualifikation
* Mehrjährige Projektmanagementerfahrung und fundierte Kenntnisse in agilen Methoden
* Erfahrung im Management von Kooperationen und externen Partnern
* Freude an interdisziplinären und komplexen Aufgaben sowie innovativen Lösungen
* Eigenverantwortliche und flexible Persönlichkeit mit Stärke im Schnittstellenmanagement
* Kommunikationsfähigkeit, hohe Sozialkompetenz und Offenheit für interkulturelles Arbeiten
* Sehr gutes Deutsch und Englisch in Wort und Schrift

Ihre Vorteile:

* Eine herausfordernde und abwechslungsreiche Tätigkeit in einem internationalen und professionellen Arbeitsumfeld
* Gestaltungsmöglichkeiten in zukunftsweisenden Themen
* Innovative, hochwertige Produkte und Systemlösungen
* Zusammenarbeit in einem passionierten und kollegialen Umfeld
* Moderne Arbeitsbedingungen, flexible Arbeitszeiten, marktgerechte Entlohnung und vorbildliche Gesundheitsförderung

Ihr Stellenantritt:

nach Vereinbarung

Pascale Netzer  +423 235 3043 freut sich auf IhreOnlinebewerbungIch möchte mich bewerbenZurück zur Stellenübersicht","Inspired to Smile

With high-quality products for modern dental technology and dentistry, Ivoclar Vivadent ensures that people enjoy smiling. This also applies to the approximately 3,500 employees in Schaan, Liechtenstein, and at 30 other locations around the world: At attractive workplaces, they are inspired to deliver innovative performance, which has made Ivoclar Vivadent one of the leading dental companies worldwide.
To strengthen our Research & Development team at the headquarters in Schaan, Liechtenstein, we are looking for:

1172 - Project Manager Digital Solutions (m/f)

Your Responsibilities:

* Lead projects for innovative software solutions focusing on machine control (CAD/CAM).
* Manage software development projects with forward-looking solutions such as ""Augmented Reality"" and ""Artificial Intelligence"".
* Implement innovative software solutions and software development projects from requirements gathering and project planning through evaluation and selection of software development partners, to managing the partners as well as executing and documenting the projects.

Your Profile:

* Completed technical education such as a degree in Business Informatics, Software Development, or a comparable qualification
* Several years of project management experience and solid knowledge of agile methods
* Experience in managing collaborations and external partners
* Enjoyment of interdisciplinary and complex tasks as well as innovative solutions
* Self-reliant and flexible personality with strength in interface management
* Strong communication skills, high social competence, and openness to intercultural work
* Very good German and English skills, both written and spoken

Your Benefits:

* A challenging and varied role in an international and professional work environment
* Opportunities for shaping future-oriented topics
* Innovative, high-quality products and system solutions
* Collaboration in a passionate and collegial environment
* Modern working conditions, flexible working hours, market-competitive compensation, and exemplary health promotion

Your Start Date:

By agreement

Pascale Netzer +423 235 3043 looks forward to your online application. I want to apply Back to job overview","{
  ""ai_application_tasks"": [
    {
      ""task_id"": 1,
      ""ai_capability"": ""Augmented‑reality functionality that overlays digital guidance onto real‑world dental equipment and workflows to present visual instructions or data in CAD/CAM or clinical contexts."",
      ""brief_description"": ""The system will use AR to present visual instructions or data in CAD/CAM or clinical contexts."",
      ""raw_excerpt"": ""Leitung von Software‑Entwicklungsprojekten mit zukunftsorientierten Lösungen wie «Augmented Reality» und «Artificial Intelligence»."",
      ""explanation"": ""Augmented Reality is called out as a future‑oriented solution, implying an AR module that delivers real‑time visual overlays to end users.""
    },
    {
      ""task_id"": 2,
      ""ai_capability"": ""Artificial‑intelligence algorithms that automate or optimise machine‑control and other digital dentistry processes to improve or automate CAD/CAM machine operations or decision‑making steps."",
      ""brief_description"": ""The software will embed AI features to improve or automate CAD/CAM machine operations or decision‑making steps."",
      ""raw_excerpt"": ""Leitung von Software‑Entwicklungsprojekten mit zukunftsorientierten Lösungen wie «Augmented Reality» und «Artificial Intelligence»."",
      ""explanation"": ""Artificial Intelligence is explicitly listed, indicating the product will use AI to handle tasks such as automation or optimisation within dental digital solutions.""
    }
  ]
}"
96c6c6a3-3a84-41c2-8c97-346984ddeaaa,Senior AI Strategy Consultant,Innovation Process Technology AG,Kleinunternehmen,Deutschschweiz,de,de,"Senior AI Strategy Consulting

Wir sind eine Schweizer IT-Consulting-Firma. Wir bauen innovative Lösungen bei unseren Kunden vor Ort. Uns gibt es seit über 25 Jahren, aber wir leben immer noch eine Start-up-Mentalität – 170 Leute, Flat Hierarchy, No Politics, Lots of Fun! Bei uns gilt: People First! Alle können sich bei uns einbringen und zu Expertinnen und Experten werden. Wissen wird geteilt und gegenseitige Unterstützung ist zentral. We’re ONE Team!
Bewirb Dich jetzt!
Deine Challenges

Du berätst unsere Kunden und entwickelst mit ihnen eine AI Strategie. Dabei diskutierst Du den Impact von AI auf das Unternehmen, weist auf Chancen und Gefahren in der Branche hin und entwickelst Szenarien für den Einsatz von AI

Du entwickelst mit den Fachabteilungen zusammen neue AI Use Cases in Workshops

Nutzen Analyse, Bewertung und Priorisierung von AI Use Cases

Definieren der Zielarchitektur und dem Vorgehen für die Umsetzung

In der Umsetzung der AI Strategie arbeitest Du Hand in Hand und auf Augenhöhe mit z.B. Fachvertretern und dem Analytics Team zusammen

Das bringst Du mit

Expertise im Bereich Strategieentwicklung und –beratung

Know-how in den Bereichen Artificial Intelligence, Advanced Analytics, Machine Learning, Big Data, Business Intelligence o.ä.

Abgeschlossenes Studium (Informatik, Wirtschaftsinformatik, Mathematik, Statistik, Elektrotechnik, Physik o.ä.)

Stilsicherer Umgang mit C-Level und Fachverantwortlichen

Leidenschaft, sich schnell in neue Themen und Technologien einzuarbeiten

Teamplayer und gute kommunikative Fähigkeiten

Fliessende Deutsch- und Englischkenntnisse

Das sind unsere Benefits für Dich

Wissensaustausch untereinander: Monatliche Mitarbeitendenevents, TechBiers und Scrum’n’Wines garantieren Know-How Austausch und frische Ideen

Life-Balance: Jahresarbeitszeit, Überzeitkompensation, 5 Wochen Ferien, die Zuger Feiertage und Teilzeitangebote – denn der Ausgleich ist uns wichtig

Garantierte Abwechslung: Verschiedene Kunden, Themen, Methoden und Technologien

Hardfacts

Dein Arbeitsort ist vor Ort beim Kunden in der Deutschschweiz (Zürich, Luzern, Basel, Bern, St.Gallen)

Pensum: 80% oder mehr

Dieses Stelleninserat umschreibt ein Szenario, das Dich in einem Projekt erwarten könnte. Wir suchen Talente, die für verschiedene Themen und Technologien offen sind.

Hast Du Fragen?

Michaela Kuhn
People & Development + Associate Partner

Wir freuen uns auf Deine Bewerbung!
Anrede Herr Frau Vorname Name E-Mail Telefon Dein Xing-Profil Dein Linkedin-Profil Bewerbungsschreiben

.pdf, .doc, .docx, .zip (max. 20MB)

Lebenslauf

.pdf, .doc, .docx, .zip (max. 20MB)

Weitere Dokumente

.pdf, .doc, .docx, .zip (max. 20MB)

Weitere Links Bemerkung Wie bist Du auf ipt aufmerksam geworden? Ich habe die Datenschutzbestimmungen gelesen und bin damit einverstanden. Comments","Senior AI Strategy Consulting

We are a Swiss IT consulting firm. We develop innovative solutions on-site at our clients' locations. We have been around for over 25 years, but we still maintain a start-up mentality – 170 people, flat hierarchy, no politics, lots of fun! Our guiding principle: People First! Everyone can contribute and become an expert with us. Knowledge is shared, and mutual support is central. We’re ONE Team!
Apply now!
Your Challenges

You advise our clients and develop an AI strategy with them. This involves discussing the impact of AI on the company, highlighting opportunities and risks in the industry, and developing scenarios for AI deployment.

You collaborate with business departments to develop new AI use cases in workshops.

Conduct benefit analysis, evaluate, and prioritize AI use cases.

Define the target architecture and the approach for implementation.

In implementing the AI strategy, you work hand-in-hand and on equal footing with stakeholders such as business representatives and the analytics team.

What you bring

Expertise in strategy development and consulting

Knowledge in the areas of Artificial Intelligence, Advanced Analytics, Machine Learning, Big Data, Business Intelligence, or similar

Completed degree (Computer Science, Business Informatics, Mathematics, Statistics, Electrical Engineering, Physics, or similar)

Confident communication with C-level executives and specialists

Passion for quickly learning new topics and technologies

Team player with good communication skills

Fluent in German and English

Our Benefits for You

Knowledge sharing among colleagues: Monthly employee events, TechBiers, and Scrum’n’Wines ensure knowledge exchange and fresh ideas

Work-life balance: Annual working hours, overtime compensation, 5 weeks of vacation, Zug holidays, and part-time options – because balance is important to us

Guaranteed variety: Different clients, topics, methods, and technologies

Hard Facts

Your workplace is on-site at the client’s location in German-speaking Switzerland (Zurich, Lucerne, Basel, Bern, St. Gallen)

Workload: 80% or more

This job posting describes a scenario you might encounter in a project. We are looking for talents who are open to various topics and technologies.

Do you have questions?

Michaela Kuhn
People & Development + Associate Partner

We look forward to your application!
Salutation Mr. Ms. First Name Last Name Email Phone Your Xing Profile Your LinkedIn Profile Cover Letter

.pdf, .doc, .docx, .zip (max. 20MB)

Resume

.pdf, .doc, .docx, .zip (max. 20MB)

Additional Documents

.pdf, .doc, .docx, .zip (max. 20MB)

Additional Links Remarks How did you find out about ipt? I have read the data protection regulations and agree to them. Comments","{
""ai_application_tasks"": []
}"
eaa9c2aa-36d2-4f6f-890c-0d9a86f5a224,N.A. Data Scientist,Union des Associations Européennes de Football (UEFA),Mittelunternehmen,CH-1260 Nyon,en,en,"N.A. Data Scientist
Job information
Division / Unit: National Associations / N.A. Strategic Development
Contract type: Permanent
Start date: 08.01.2024 or as soon as possible
Location: Nyon
Main goal
The National Associations’ Strategic Development unit exists to help national associations achieve their potential.
Our mission is to generate and gather knowledge, to establish services for national associations, and to bring
people together. Insights is a key domain of our UEFA Grow programme. We work with and for national
associations to grow football. To help us deliver on this mission, we are looking for a N.A. Data Scientist to join our
team.
The NA Data Scientist will be responsible for collecting, processing and analysing large sets of structured and
unstructured data from UEFA’s 55 member associations, their markets and football in general. The NA Data
Scientist will work towards centralising all national association data and knowledge.
The position entails working with data from various sources such as surveys, reports, databases and cloud
computing platforms, and using it for statistical modelling with R or Python to provide actionable insights for the
strategic development of UEFA member associations. The NA Data Scientist will primarily serve the NA Strategic
Development unit, and will liaise regularly with the UEFA Data Management team to ensure that practices are
aligned. The role will also collaborate with a broad range of stakeholders, including other UEFA units inside and
outside the National Associations division, UEFA member associations and external agencies.
Key responsibilities
Performing cleaning, preparation, analysis and reporting/visualisation processes and curating meaningful insights
Structuring, consolidating and harmonising data across various tools and sources to bring data from several fields
in UEFA’s 55 member associations into UEFA’s data warehouse (Snowflake)
Complying with the Data Management team’s procedures on internal business data governance
Automating data inputs and reporting outputs, and developing predictive models where feasible and appropriate
Helping to map out the national associations’ data landscape, prioritising strategic questions and identifying and
collecting the required data sources
Identifying missing data and using open data (e.g. global and national data sets) to enrich our data offer
Implementing data collection and sharing initiatives, in collaboration with various internal and external
stakeholders
Developing tools to showcase national associations’ data and monitor key performance indicators of relevant
strategic development initiatives (e.g. UEFA programmes such as Grow and HatTrick);
Assisting the unit with other tasks and project/event support as required
Profile
Experience required:
At least two years of experience in a similar role
Experience working with global institutions (e.g. Eurostat, UN, WHO, OECD) and with their data sets would be an
asset
Previous work experience in or an understanding of the sports governance landscape, including UEFA’s member
associations, would be an asset
Education:
Masters in computer science, data science, economics, mathematics, statistics or a similar field
Certificates relating to data analytics/science would be a plus
Languages:
English / Proficient
Additional requirements:
MS Office / Proficient
Strong background in data mining, data science, statistical analysis or machine learning
Experience in building compelling data-based tools that enable top management to make well-informed strategic
decisions
Experience with Tableau and/or Dataiku would be a plus
Advanced skills with high-level programming languages, such as R or Python
Ability to integrate APIs, scrape data from the web and wrangle structured and unstructured data sets
Proven ability to design, implement and validate modelling techniques e.g. parametric methods, Bayesian
non-parametric methods, hierarchical Bayesian models, discrete choice models and machine learning
Experience with process-flow technology, e.g. Knime, Alteryx, Dataiku, would be an asset
Understanding of Streamlit web app functionality would be an asset
Ability to read and write SQL would be an asset
Knowledge of cloud-based technologies, e.g. AWS and Snowflake, would be an asset
Experience with AI tools
Data enthusiast who loves to work with data
Able to provide senior management with a solid foundation on which to build recommendations on the strategic
development of national associations
Approachable, personable and willing to work in a collaborative manner
Willing to travel occasionally","N.A. Data Scientist
Job information
Division / Unit: National Associations / N.A. Strategic Development
Contract type: Permanent
Start date: 08.01.2024 or as soon as possible
Location: Nyon
Main goal
The National Associations’ Strategic Development unit exists to help national associations achieve their potential.
Our mission is to generate and gather knowledge, to establish services for national associations, and to bring
people together. Insights is a key domain of our UEFA Grow programme. We work with and for national
associations to grow football. To help us deliver on this mission, we are looking for a N.A. Data Scientist to join our
team.
The NA Data Scientist will be responsible for collecting, processing and analysing large sets of structured and
unstructured data from UEFA’s 55 member associations, their markets and football in general. The NA Data
Scientist will work towards centralising all national association data and knowledge.
The position entails working with data from various sources such as surveys, reports, databases and cloud
computing platforms, and using it for statistical modelling with R or Python to provide actionable insights for the
strategic development of UEFA member associations. The NA Data Scientist will primarily serve the NA Strategic
Development unit, and will liaise regularly with the UEFA Data Management team to ensure that practices are
aligned. The role will also collaborate with a broad range of stakeholders, including other UEFA units inside and
outside the National Associations division, UEFA member associations and external agencies.
Key responsibilities
Performing cleaning, preparation, analysis and reporting/visualisation processes and curating meaningful insights
Structuring, consolidating and harmonising data across various tools and sources to bring data from several fields
in UEFA’s 55 member associations into UEFA’s data warehouse (Snowflake)
Complying with the Data Management team’s procedures on internal business data governance
Automating data inputs and reporting outputs, and developing predictive models where feasible and appropriate
Helping to map out the national associations’ data landscape, prioritising strategic questions and identifying and
collecting the required data sources
Identifying missing data and using open data (e.g. global and national data sets) to enrich our data offer
Implementing data collection and sharing initiatives, in collaboration with various internal and external
stakeholders
Developing tools to showcase national associations’ data and monitor key performance indicators of relevant
strategic development initiatives (e.g. UEFA programmes such as Grow and HatTrick);
Assisting the unit with other tasks and project/event support as required
Profile
Experience required:
At least two years of experience in a similar role
Experience working with global institutions (e.g. Eurostat, UN, WHO, OECD) and with their data sets would be an
asset
Previous work experience in or an understanding of the sports governance landscape, including UEFA’s member
associations, would be an asset
Education:
Masters in computer science, data science, economics, mathematics, statistics or a similar field
Certificates relating to data analytics/science would be a plus
Languages:
English / Proficient
Additional requirements:
MS Office / Proficient
Strong background in data mining, data science, statistical analysis or machine learning
Experience in building compelling data-based tools that enable top management to make well-informed strategic
decisions
Experience with Tableau and/or Dataiku would be a plus
Advanced skills with high-level programming languages, such as R or Python
Ability to integrate APIs, scrape data from the web and wrangle structured and unstructured data sets
Proven ability to design, implement and validate modelling techniques e.g. parametric methods, Bayesian
non-parametric methods, hierarchical Bayesian models, discrete choice models and machine learning
Experience with process-flow technology, e.g. Knime, Alteryx, Dataiku, would be an asset
Understanding of Streamlit web app functionality would be an asset
Ability to read and write SQL would be an asset
Knowledge of cloud-based technologies, e.g. AWS and Snowflake, would be an asset
Experience with AI tools
Data enthusiast who loves to work with data
Able to provide senior management with a solid foundation on which to build recommendations on the strategic
development of national associations
Approachable, personable and willing to work in a collaborative manner
Willing to travel occasionally","{
  ""ai_application_tasks"": [
    {
      ""task_id"": 1,
      ""ai_capability"": ""Automatically structure, consolidate, harmonise and load multi‑source data into UEFA’s Snowflake data warehouse."",
      ""brief_description"": ""ETL pipelines will bring disparate member‑association datasets into a central Snowflake warehouse."",
      ""raw_excerpt"": ""Structuring, consolidating and harmonising data across various tools and sources to bring data from several fields in UEFA’s 55 member associations into UEFA’s data warehouse (Snowflake)"",
      ""explanation"": ""This excerpt explicitly states that data from many sources will be automatically structured and loaded, which is an ETL capability of the data platform.""
    },
    {
      ""task_id"": 2,
      ""ai_capability"": ""Automated cleaning and preparation of large structured and unstructured football datasets."",
      ""brief_description"": ""Data pipelines will clean, prepare and standardise raw association data before analysis."",
      ""raw_excerpt"": ""Performing cleaning, preparation, analysis and reporting/visualisation processes and curating meaningful insights"",
      ""explanation"": ""The phrase highlights systematic data cleaning and preparation steps that the system will perform.""
    },
    {
      ""task_id"": 3,
      ""ai_capability"": ""Ingest external data feeds via API integration and web‑scraping."",
      ""brief_description"": ""The system will automatically pull data through APIs and web scraping routines."",
      ""raw_excerpt"": ""Ability to integrate APIs, scrape data from the web and wrangle structured and unstructured data sets"",
      ""explanation"": ""The job calls for automated API integration and web scraping, indicating ingestion automation by the AI toolchain.""
    },
    {
      ""task_id"": 4,
      ""ai_capability"": ""Automate recurring reporting and visual dashboard outputs for stakeholders."",
      ""brief_description"": ""Automated workflows will generate reports and visualisations for national associations and management."",
      ""raw_excerpt"": ""Automating data inputs and reporting outputs, and developing predictive models where feasible and appropriate; Developing tools to showcase national associations’ data and monitor key performance indicators of relevant strategic development initiatives (e.g. UEFA programmes such as Grow and HatTrick);"",
      ""explanation"": ""These sentences specify automatic generation of reports and dashboards to showcase data and KPIs.""
    },
    {
      ""task_id"": 5,
      ""ai_capability"": ""Generate predictive models to forecast outcomes relevant to member associations' strategic development."",
      ""brief_description"": ""Machine‑learning models will provide forward‑looking insights for UEFA Grow and similar programmes."",
      ""raw_excerpt"": ""Automating data inputs and reporting outputs, and developing predictive models where feasible and appropriate"",
      ""explanation"": ""The excerpt explicitly mentions developing predictive models, which is a core AI function.""
    },
    {
      ""task_id"": 6,
      ""ai_capability"": ""Detect missing data and enrich datasets with open national and global data sources."",
      ""brief_description"": ""Automated routines will identify gaps and augment records using sources like Eurostat or OECD."",
      ""raw_excerpt"": ""Identifying missing data and using open data (e.g. global and national data sets) to enrich our data offer"",
      ""explanation"": ""The line shows an automated process to spot missing data and fill it using external datasets.""
    },
    {
      ""task_id"": 7,
      ""ai_capability"": ""Continuously monitor and update key performance indicators for UEFA strategic initiatives."",
      ""brief_description"": ""Dashboards will track KPIs of programmes such as Grow and HatTrick in near‑real‑time."",
      ""raw_excerpt"": ""Developing tools to showcase national associations’ data and monitor key performance indicators of relevant strategic development initiatives (e.g. UEFA programmes such as Grow and HatTrick);"",
      ""explanation"": ""This sentence specifies tools that automatically monitor KPIs, an analytics automation task.""
    },
    {
      ""task_id"": 8,
      ""ai_capability"": ""Automatically generate actionable strategic insights for leadership based on statistical and machine‑learning analysis."",
      ""brief_description"": ""The analytics engine will surface meaningful insights to inform top‑management decisions."",
      ""raw_excerpt"": ""Experience in building compelling data-based tools that enable top management to make well-informed strategic decisions"",
      ""explanation"": ""The advert emphasises tools that convert data into insights for decision‑makers, implying automated insight generation.""
    }
  ]
}
"
602c20ba-8c88-4fe1-b7ce-8b80495ad945,Solution Architect [125000 - 140000 CHF] (neuvoo),Innovation Process Technology AG,Kleinunternehmen,Burgdorf,de,de,"Salary 125000 - 140000 CHF per year Requirements:- Das bringst du mit- 5+ Jahre Projekterfahrung im Software Engineering und/oder Softwarearchitektur - Erfahrung mit verschiedenen IT-Architekturen - Guter berblick ber aktuelle Trends in der IT Industrie (Cloud Native, Machine Learning, Serverless, o..) - Abgeschlossenes Studium (Informatik, Wirtschaftsinformatik, Mathematik, Elektrotechnik, Physik o..) - Teamplayer und starke kommunikative Fhigkeiten - Professionelles Auftreten und fliessende Deutsch- und EnglischkenntnisseResponsibilities:- Deine Challenges- Du bertst unsere Kunden neutral, wie sie ihre aktuellen Systeme langfristig und stabil weiterentwickeln knnen (z.B. in API-Management, DevOps, Cloud Integration, Security oder Machine Learning). Das Ziel ist stets, die beste Lsung fr und mit dem Kunden zusammen zu entwickeln und umzusetzen - Zusammen mit verschiedenen Stakeholdern (Business, Security, Netzwerk, SW-Entwickler usw.) erarbeitest du neue Use Cases - Konzeption der technischen Lsungsarchitektur hinsichtlich Industry Best-Practices, Technologietrends und den lokalen Gegebenheiten des Kunden - Entwerfen einer ersten PoC Version, um dem Kunden den Nutzen aufzuzeigen - Du bernimmst den technischen Lead in der Umsetzung der Lsung und wendest state-of-the-art Tooling und agile Projektmethoden an - Du fhrst neue Projekt-Mitarbeitende ein und coachst das TeamTechnologies:- DevOps- Cloud- Security- Machine Learning- Java EEMore: Wir sind eine Schweizer IT-Consulting Firma. Wir bauen innovative Lsungen beim Kunden vor Ort. Uns gibt es schon seit ber 20 Jahren, aber wir leben immer noch eine Start-up Mentalitt 160 Leute, Flat Hierarchy, No Politics, Lots of Fun! Bei uns gilt: People First! Jeder kann sich bei uns einbringen und zum Experten werden. Wissen wird geteilt und gegenseitige Untersttzung ist zentral. Were ONE Team!Das sind unsere Benefits fr dich- Austausch unter Experten: Monatliche Mitarbeiterevents, TechBiers und ScrumnWines garantieren Know-How Austausch und frische Ideen - Bonus fr alle gleich: Bonus gibt es bei uns fr alle Mitarbeitenden und verteilt wird er proportional gleichmssig - Entwicklung + Perspektive: Individuelle Weiterbildungs- und Entwicklungsmglichkeiten basierend auf deinen Karrierevorstellungen","Salary 125,000 - 140,000 CHF per year

Requirements:
- What you bring to the table
- 5+ years of project experience in Software Engineering and/or Software Architecture
- Experience with various IT architectures
- Good overview of current trends in the IT industry (Cloud Native, Machine Learning, Serverless, etc.)
- Completed degree (Computer Science, Business Informatics, Mathematics, Electrical Engineering, Physics, etc.)
- Team player with strong communication skills
- Professional demeanor and fluent German and English skills

Responsibilities:
- Your challenges
- You advise our clients objectively on how they can develop their current systems in the long term and with stability (e.g., in API Management, DevOps, Cloud Integration, Security, or Machine Learning). The goal is always to develop and implement the best solution together with the client
- Collaborate with various stakeholders (Business, Security, Network, Software Developers, etc.) to develop new use cases
- Design the technical solution architecture considering industry best practices, technological trends, and the client's local conditions
- Create an initial proof-of-concept (PoC) to demonstrate the value to the client
- Take technical leadership in implementing the solution and apply state-of-the-art tooling and agile project methods
- Onboard new project team members and coach the team

Technologies:
- DevOps
- Cloud
- Security
- Machine Learning
- Java EE

More:
We are a Swiss IT consulting company. We build innovative solutions on-site at the client. We have been around for over 20 years, but we still maintain a start-up mentality. 160 people, flat hierarchy, no politics, lots of fun! Our motto: People First! Everyone can contribute and become an expert. Knowledge is shared, and mutual support is central. We are ONE team!

These are our benefits for you:
- Exchange among experts: Monthly employee events, TechBiers, and ScrumWines ensure knowledge sharing and fresh ideas
- Bonus for everyone: Bonuses are given to all employees and distributed proportionally
- Development + Perspective: Individual training and development opportunities based on your career aspirations","{
""ai_application_tasks"": []
}"
0c7da0cb-15f6-4faa-8ca2-2203c22af428,ML Engineering,Innovation Process Technology AG,Kleinunternehmen,Deutschschweiz,de,de,"ML Engineering
Wir sind eine Schweizer IT-Consulting-Firma. Wir bauen innovative Lösungen bei unseren Kunden vor Ort. Uns gibt es seit über 25 Jahren, aber wir leben immer noch eine Start-up-Mentalität – Über 200 Leute, Flat Hierarchy, No Politics, Lots of Fun! Bei uns gilt: People First! Alle können sich bei uns einbringen und zu Expertinnen und Experten werden. Wissen wird geteilt und gegenseitige Unterstützung ist zentral. We’re ONE Team!
Hast Du kürzlich Dein Studium beendet oder stehst Du gerade vor dem Abschluss? Dann wag den Schritt in die IT-Consulting-Welt.
Bitte beachte, dass wir nur Kandidat:innen mit sehr guten Deutschkenntnissen berücksichtigen können.

Deine Challenges
Du unterstützt den Kunden dabei, seine AI & ML Vorhaben umzusetzen
Du bist in einem mixed Team (ipt & Kunde) und agierst als Bindeglied zwischen Software Entwicklung und Data Science
Du erhebst Requirements für Machine Learning und Advanced Analytics Anwendungsfälle und implementierst diese mit modernen Technologien
Du unterstützt dabei trainierte ML Modelle auf Produktionsniveau zu bringen und für deren Operationalisierung und Betrieb zu sorgen
Du implementierst Data Pipelines und versionierst Datenstände für eine saubere Reproduzierbarkeit und betriebsbereite Skalierbarkeit von Daten
Das bringst Du mit
Abgeschlossenes Studium (Data Science, Informatik, Wirtschaftsinformatik, Mathematik, Elektrotechnik, Physik o.ä.)
Erste Projekterfahrung im ML und Data Engineering oder Software Engineering, z.B. im Rahmen eines Praktikums
Know-how in mind. einer Programmiersprache resp. Data Engeering Framework, z.B. Spark, Python, SQL, Java, .NET
Kenntnisse von Cloud-native ML Technologien von Vorteil, z.B. Microsoft Azure Machine Learning, AWS Sagemaker, Google Cloud Vertex AI, Seldon Core, o.ä.
Leidenschaft an innovativen Technologien, Methoden und Themen wie Machine Learning, Data Analytics oder Stream Analytics
Teamplayer und gute kommunikative Fähigkeiten
Professionelles Auftreten und fliessende Deutsch- und Englischkenntnisse
Das sind unsere Benefits für Dich
Entwicklung + Perspektive: Persönliche Weiterbildungs- und Entwicklungsmöglichkeiten basierend auf Deinen Karrierevorstellungen
Gemeinsame Aktivitäten: Nach getaner Arbeit treffen wir uns auch gerne mal zum Sport oder Feierabendbier
Garantierte Abwechslung: Verschiedene Kunden, Themen, Methoden und Technologien
Hardfacts
Dein Arbeitsort ist vor Ort beim Kunden in der Deutschschweiz (Zürich, Luzern, Basel, Bern, St. Gallen)
Pensum: 80% oder mehr
Dieses Stelleninserat umschreibt ein Szenario, das Dich in einem Projekt erwarten könnte. Wir suchen Talente, die für verschiedene Themen und Technologien offen sind.

«We hire for attitude and train for skills» – Wir erwarten nicht, dass Du bereits mehrjährige Berufserfahrung mitbringst. Vielmehr wollen wir Dich gezielt fördern. Bist Du technisch affin und hast Freude an Kundenkontakt und Beratung? Magst Du es technisch hands-on zu arbeiten? Dann ist ipt genau die richtige Firma!

Hast Du Fragen?
Tamara Zardin
People & Development","ML Engineering  
We are a Swiss IT consulting company. We develop innovative solutions on-site at our clients' locations. We have been around for over 25 years, but we still maintain a start-up mentality – Over 200 people, flat hierarchy, no politics, lots of fun! Our motto: People First! Everyone can contribute and become an expert. Knowledge is shared, and mutual support is central. We’re ONE Team!  

Have you recently finished your studies or are you about to graduate? Then take the step into the world of IT consulting.  
Please note that we can only consider candidates with very good German language skills.  

Your Challenges  
- Support the client in implementing their AI & ML projects  
- Work in a mixed team (internal & client) and act as a link between software development and data science  
- Gather requirements for machine learning and advanced analytics use cases and implement them using modern technologies  
- Assist in bringing trained ML models to production level and ensure their operationalization and maintenance  
- Implement data pipelines and version data states for clean reproducibility and operational scalability of data  

What You Bring  
- Completed degree (Data Science, Computer Science, Business Informatics, Mathematics, Electrical Engineering, Physics, or similar)  
- Initial project experience in ML and data engineering or software engineering, e.g., during an internship  
- Know-how in at least one programming language or data engineering framework, e.g., Spark, Python, SQL, Java, .NET  
- Knowledge of cloud-native ML technologies is a plus, e.g., Microsoft Azure Machine Learning, AWS Sagemaker, Google Cloud Vertex AI, Seldon Core, or similar  
- Passion for innovative technologies, methods, and topics such as machine learning, data analytics, or stream analytics  
- Team player with good communication skills  
- Professional demeanor and fluent in German and English  

Our Benefits for You  
- Development + Perspective: Personal training and development opportunities tailored to your career goals  
- Shared activities: After work, we like to meet for sports or a beer  
- Guaranteed variety: Different clients, topics, methods, and technologies  

Hard Facts  
- Your workplace is on-site at the client in German-speaking Switzerland (Zurich, Lucerne, Basel, Bern, St. Gallen)  
- Workload: 80% or more  

This job posting describes a scenario you might encounter in a project. We are looking for talents who are open to various topics and technologies.  

“We hire for attitude and train for skills” – We do not expect you to have several years of professional experience. Instead, we want to support you specifically. Are you technically inclined and enjoy client contact and consulting? Do you like working hands-on technically? Then ipt is the right company for you!  

Do you have questions?  
Tamara Zardin  
People & Development","{
  ""ai_application_tasks"": [
    {
      ""task_id"": 1,
      ""ai_capability"": ""Serve trained machine‑learning models in production so they can automatically generate predictions or decisions for end users or downstream systems."",
      ""brief_description"": ""The system operationalizes ML models at production level for continuous use."",
      ""raw_excerpt"": ""trainierte ML Modelle auf Produktionsniveau zu bringen und für deren Operationalisierung und Betrieb zu sorgen"",
      ""explanation"": ""This line states that models will be moved to production and run in operation, implying the AI will autonomously produce inferences once deployed.""
    },
    {
      ""task_id"": 2,
      ""ai_capability"": ""Automatically ingest, transform, and version data through scalable pipelines to guarantee reproducible analytics and reliable data availability."",
      ""brief_description"": ""Data pipelines automate data handling and version control for scalability and reproducibility."",
      ""raw_excerpt"": ""implementierst Data Pipelines und versionierst Datenstände für eine saubere Reproduzierbarkeit und betriebsbereite Skalierbarkeit von Daten"",
      ""explanation"": ""The excerpt describes automated data‑pipeline and versioning capabilities, which are AI‑enabled data‑engineering functions rather than human tasks.""
    },
    {
      ""task_id"": 3,
      ""ai_capability"": ""Execute advanced analytics and machine‑learning workflows that derive insights from customer data to support business decisions."",
      ""brief_description"": ""AI runs ML and advanced‑analytics use cases on client data."",
      ""raw_excerpt"": ""Machine Learning und Advanced Analytics Anwendungsfälle"",
      ""explanation"": ""The mention of ML and advanced‑analytics use cases implies automated analytical processing by AI systems to yield insights.""
    },
    {
      ""task_id"": 4,
      ""ai_capability"": ""Perform real‑time stream analytics that continuously processes incoming data streams to identify patterns, trends, or anomalies as they occur."",
      ""brief_description"": ""AI analyzes live data streams for immediate insights."",
      ""raw_excerpt"": ""Methoden und Themen wie Machine Learning, Data Analytics oder Stream Analytics"",
      ""explanation"": ""Stream Analytics is listed as a focus area, indicating systems that automatically analyze data in motion without human intervention.""
    },
    {
      ""task_id"": 5,
      ""ai_capability"": ""Orchestrate automated training, deployment, and scaling of ML models using cloud‑native platforms such as Azure ML, AWS SageMaker, or Google Vertex AI."",
      ""brief_description"": ""Cloud ML services handle the end‑to‑end model lifecycle automatically."",
      ""raw_excerpt"": ""Cloud-native ML Technologien ... z.B. Microsoft Azure Machine Learning, AWS Sagemaker, Google Cloud Vertex AI, Seldon Core"",
      ""explanation"": ""The reference to cloud‑native ML tools implies that these platforms provide automated pipelines for model training and deployment, reducing manual effort.""
    }
  ]
}
"
aea34e79-2b3d-43a7-8e34-9dda8af345f1,Technical IT Consultant,Innovation Process Technology AG,Kleinunternehmen,CH 6300 Zug,de,de,"Technical IT Consultant

Wir sind eine Schweizer IT-Consulting Firma. Wir bauen innovative Lösungen beim Kunden vor Ort. Uns gibt es schon seit über 20 Jahren, aber wir leben immer noch eine Start-up Mentalität – 150 Leute, Flat Hierarchy, No Politics, Lots of Fun! Bei uns gilt: People First! Jeder kann sich bei uns einbringen und zum Experten werden. Wissen wird geteilt und gegenseitige Unterstützung ist zentral. We’re ONE Team!

Hast du kürzlich dein Studium erfolgreich beendet oder stehst du gerade vor dem Abschluss? Dann wag den Schritt in die IT Consulting-Welt.

Deine Challenges

Einnahme einer spezifischen Rolle in einem mixed Projektteam (Kunde & ipt)

Entwicklung von IT-Lösungen für innovative Geschäftsideen in modernsten Themen wie Cloud, API Management, Security, Advanced Analytics oder Machine Learning

Umsetzung von individualisierten Software-Lösungen – sogenannte «asset-based Software Solutions» – mit Hilfe führender Produkte von Google Cloud, Kafka, Microsoft Azure, Red Hat u.a.

Stetige Übernahme von Verantwortung

Das bringst du mit

Abgeschlossenes Studium (Informatik, Wirtschaftsinformatik, Mathematik, Elektrotechnik, Physik)

Erste Projekterfahrung in der IT z.B. in der Softwareentwicklung

Breites Interesse an innovativen Technologien und Themen wie Cloud Computing, Machine Learning, API Management oder IT-Security

Konzeptionelle Fähigkeiten

Professionelles Auftreten und fliessende Deutsch- und Englischkenntnisse

Das sind unsere Benefits für dich

Bonus für alle gleich: Bonus gibt es bei uns für alle Mitarbeitende – und verteilt wird er proportional gleichmässig

Entwicklung & Perspektive: Individuelle Weiterbildungs- und Entwicklungsmöglichkeiten basierend auf deinen Karrierevorstellungen

Austausch unter Experten: Monatliche Mitarbeiterevents, TechBiers und Scrum`n`Wines garantieren Know-How Austausch und frische Ideen

Hardfacts

Dein Arbeitsort ist vor Ort beim Kunden in der Deutschschweiz (ZH, LU, BS, BE)

80-100% Pensum

Dieses Stelleninserat umschreibt ein Szenario, das dich in einem Projekt erwarten könnte. Wir suchen daher Talente, die für verschiedene Themen und Technologien offen sind.

«We hire for attitude and train for skills» – Wir erwarten nicht, dass du bereits mehrjährige Berufserfahrung mitbringst. Vielmehr wollen wir dich gezielt fördern. Bist du technisch affin und hast Freude an Kundenkontakt und Beratung? Magst du es technisch hands-on zu arbeiten? Dann ist ipt genau die richtige Firma!

P.S. Wir schauen optimistisch in die Zukunft und suchen auch in Zeiten von COVID-19 passende Bewerbende, die unser Team verstärken und uns weiterbringen.

Hast du Fragen?

Simal Papadopoulos
Human Resources

Wir freuen uns auf deine Bewerbung!
AnredeHerrFrauVornameNameE-MailTelefonDein Xing-ProfilDein Linkedin-ProfilBewerbungsschreiben

.pdf, .doc, .zip (max. 20MB)

Lebenslauf

.pdf, .doc, .zip (max. 20MB)

Weitere Dokumente

.pdf, .doc, .zip (max. 20MB)

Weitere LinksBemerkungWie bist du auf ipt aufmerksam geworden?Ich habe die Datenschutzbestimmungen gelesen und bin damit einverstanden.Comments","Technical IT Consultant

We are a Swiss IT consulting company. We develop innovative solutions on-site at our clients' locations. We have been around for over 20 years, but we still maintain a start-up mentality – 150 people, flat hierarchy, no politics, lots of fun! Our motto: People First! Everyone can contribute and become an expert. Knowledge is shared, and mutual support is central. We’re ONE team!

Have you recently completed your studies successfully or are you about to graduate? Then take the step into the world of IT consulting.

Your Challenges

- Taking on a specific role within a mixed project team (client & ipt)
- Developing IT solutions for innovative business ideas in cutting-edge topics such as Cloud, API Management, Security, Advanced Analytics, or Machine Learning
- Implementing customized software solutions – so-called “asset-based Software Solutions” – using leading products from Google Cloud, Kafka, Microsoft Azure, Red Hat, and others
- Continually taking on responsibility

What you bring

- Completed degree (Computer Science, Business Informatics, Mathematics, Electrical Engineering, Physics)
- Initial project experience in IT, e.g., in software development
- Broad interest in innovative technologies and topics such as Cloud Computing, Machine Learning, API Management, or IT Security
- Conceptual skills
- Professional demeanor and fluent German and English skills

Our benefits for you

- Bonus for everyone: We offer bonuses to all employees – and they are distributed proportionally and evenly
- Development & Perspective: Individual training and development opportunities based on your career goals
- Exchange among experts: Monthly employee events, TechBiers, and Scrum`n`Wines ensure knowledge sharing and fresh ideas

Hard facts

- Your workplace is on-site with the client in German-speaking Switzerland (ZH, LU, BS, BE)
- 80-100% workload

This job posting describes a scenario you might encounter in a project. We are therefore looking for talents who are open to various topics and technologies.

“We hire for attitude and train for skills” – We do not expect you to already have several years of professional experience. Instead, we want to support you specifically. Are you technically inclined and enjoy customer contact and consulting? Do you like working hands-on technically? Then ipt is the right company for you!

P.S. We look optimistically into the future and are still seeking suitable applicants during times of COVID-19 to strengthen our team and help us grow.

Do you have questions?

Simal Papadopoulos  
Human Resources

We look forward to your application!  
Salutation Mr./Ms. First Name Last Name  
Email  
Phone  
Your Xing Profile  
Your LinkedIn Profile  
Cover Letter

.pdf, .doc, .zip (max. 20MB)

Resume

.pdf, .doc, .zip (max. 20MB)

Additional Documents

.pdf, .doc, .zip (max. 20MB)

Other Links  
Remarks  
How did you find out about ipt?  
I have read the data protection regulations and agree to them.","{
  ""ai_application_tasks"": [
    {
      ""task_id"": 1,
      ""ai_capability"": ""Deliver advanced analytics that mine organisational data for patterns and actionable business insights."",
      ""brief_description"": ""The advertised solutions include 'Advanced Analytics', implying AI‑driven data analysis that uncovers trends and supports decision‑making for the client."",
      ""raw_excerpt"": ""Entwicklung von IT‑Lösungen für innovative Geschäftsideen in modernsten Themen wie ... **Advanced Analytics** ..."",
      ""explanation"": ""Advanced analytics is called out as a core topic; such systems typically automate data exploration, pattern detection and insight generation, which are AI/ML‑enabled tasks distinct from the human consultant’s implementation work.""
    },
    {
      ""task_id"": 2,
      ""ai_capability"": ""Apply machine‑learning models to generate predictions or classifications that enable new, innovative business ideas."",
      ""brief_description"": ""The role involves building solutions that use 'Machine Learning', indicating AI components that automatically learn from data to produce predictive outputs for the client."",
      ""raw_excerpt"": ""Entwicklung von IT‑Lösungen für innovative Geschäftsideen in modernsten Themen wie ... **Machine Learning**"",
      ""explanation"": ""Machine learning is explicitly mentioned; the automated task such systems perform is training on historical data and producing predictive or classificatory results, which the consulting solutions would deliver once deployed.""
    }
  ]
}
"
81d7ef9f-19ac-4585-9f8b-6bcad6ba817a,PRAKTIKANT DATA ANALYTICS (m/w/d),Ivoclar Vivadent AG,Grossunternehmen,LI-9494 Schaan,de,de,"PRAKTIKANT DATA ANALYTICS (m/w/d)
Sie unterstützen unser Data Science Team in unterschiedlichen Aufgabenstellungen wie Imaging, Clustering, Time Series Analysis und Prediction, Classification. Sie bringen Motivation und Geduld mit, um sich komplexen Fragestellungen in Zusammenhang mit Daten zu widmen. Sie finden ein Umfeld, in dem Sie ein interessantes und abwechslungsreiches Praktikum von sechs bis zwölf Monaten absolvieren und bei Interesse eine Bachelor-/ oder Masterarbeit verfassen können. Wir freuen uns auf Sie!

Das sind Ihre Aufgaben

Mitarbeit bei verschiedensten Aufgabenstellungen der Data Science und Data Analytic

Selbstständige Durchführung von statistischen Analysen auf Basis von strukturierten und unstrukturierten Daten

Entwicklung von Datenaufbereitungsprozessen für anschliessende Analysen

Visualisierung der Ergebnisse komplexer Datenanalysen für verschiedene Stakeholder

Präsentation der Ergebnisse an Fachexperten und Entscheidungsträger

Das bringen Sie mit

Sie verfügen über Grundkenntnisse in der Statistik sowie Erfahrung im Bereich Data Science (Data Mining, Analytics, Machine Learning, Deep Learning, Visualisierung, etc.).

Sie haben Erfahrungen mit Data Science Tools und Frameworks (z.B. Python, R, Matlab, Numpy, Scikit-learn, TensorFlow, Theano, Caffe, Tableau, etc.).

Sie überzeugen mit Flexibilität und Freude an den interdisziplinären Tätigkeiten der Data Science auf R&D Level.

Sie sind engagiert sowie teamfähig und arbeiten sorgfältig und gewissenhaft.

Sie verfügen über gute Deutsch- und Englischkenntnisse in Wort und Schrift.

Gestalten Sie mit uns die Zukunft der Dentalbranche

Ivoclar Vivadent ist ein weltweit führendes Dentalunternehmen mit 3500 Mitarbeitenden. Wir leben und lieben Innovation und stehen für Tradition und Qualität – dabei leiten uns die Werte und die Kultur eines nachhaltig agierenden Familienunternehmens mit langfristiger Perspektive.

Wir bringen Menschen zum Lächeln

Um dieses Ziel zu erreichen, suchen wir Leute mit Ideen, Mut und Tatkraft. Köpfe und Kräfte, die unsere Leidenschaft teilen. Bei uns finden Sie eine Welt der Vielfalt, des gegenseitigen Respekts und der Zusammenarbeit. Wir lassen Worten Taten folgen und entwickeln uns stetig weiter. Werden Sie Teil unseres Teams.

Verena Huter  (+423 235 3408)freut sich auf Ihre Onlinebewerbung
Jetzt bewerben
Arbeiten bei Ivoclar Vivadent
www.ivoclarvivadent.com/karriere","INTERNSHIP IN DATA ANALYTICS (m/f/d)
You will support our Data Science team in various tasks such as Imaging, Clustering, Time Series Analysis and Prediction, Classification. You bring motivation and patience to tackle complex questions related to data. You will find an environment where you can complete an interesting and diverse internship lasting six to twelve months and, if interested, write a Bachelor's or Master's thesis. We look forward to hearing from you!

These are your tasks

- Collaborate on various Data Science and Data Analytics projects
- Independently perform statistical analyses based on structured and unstructured data
- Develop data preprocessing processes for subsequent analyses
- Visualize the results of complex data analyses for different stakeholders
- Present findings to subject matter experts and decision-makers

What you bring

- Basic knowledge of statistics and experience in Data Science (Data Mining, Analytics, Machine Learning, Deep Learning, Visualization, etc.)
- Experience with Data Science tools and frameworks (e.g., Python, R, Matlab, Numpy, Scikit-learn, TensorFlow, Theano, Caffe, Tableau, etc.)
- Flexibility and enthusiasm for interdisciplinary activities in Data Science at R&D level
- Commitment, team spirit, and careful, conscientious work
- Good German and English skills, both written and spoken

Shape the future of the dental industry with us

Ivoclar Vivadent is a globally leading dental company with 3,500 employees. We live and love innovation and stand for tradition and quality – guided by the values and culture of a sustainably operating family business with a long-term perspective.

We make people smile

To achieve this goal, we are looking for people with ideas, courage, and initiative. Minds and energies who share our passion. With us, you will find a world of diversity, mutual respect, and collaboration. We turn words into actions and continuously develop ourselves. Become part of our team.

Verena Huter (+423 235 3408) looks forward to your online application
Apply now
Working at Ivoclar Vivadent
www.ivoclarvivadent.com/career","{
  ""ai_application_tasks"": [
    {
      ""task_id"": 1,
      ""ai_capability"": ""Automatically interpret and analyze imaging data to extract meaningful patterns or measurements."",
      ""brief_description"": ""AI/ML models process image‑based datasets (e.g., dental scans) as part of the advertised ‘Imaging’ workstream."",
      ""raw_excerpt"": ""…unterschiedlichen Aufgabenstellungen wie **Imaging**, Clustering, Time Series Analysis und Prediction, Classification."",
      ""explanation"": ""The keyword “Imaging” signals a computer‑vision function, implying that an AI system ingests images and generates analytical outputs rather than a human manually inspecting each image.""
    },
    {
      ""task_id"": 2,
      ""ai_capability"": ""Perform unsupervised clustering to group similar data points and reveal hidden structure in the dataset."",
      ""brief_description"": ""Clustering algorithms segment structured or unstructured data into homogeneous groups without predefined labels."",
      ""raw_excerpt"": ""…Aufgabenstellungen wie Imaging, **Clustering**, Time Series Analysis und Prediction, Classification."",
      ""explanation"": ""‘Clustering’ names a classic unsupervised‑learning capability delivered by the AI toolset, separating it from any human‑driven grouping activity.""
    },
    {
      ""task_id"": 3,
      ""ai_capability"": ""Analyze time‑ordered data and generate forecasts of future values or trends."",
      ""brief_description"": ""Time‑series models automatically learn from historical sequences to provide predictions (‘Prediction’)."",
      ""raw_excerpt"": ""…Aufgabenstellungen wie Imaging, Clustering, **Time Series Analysis und Prediction**…"",
      ""explanation"": ""The ad explicitly pairs Time Series Analysis with Prediction, indicating an AI system that both analyzes temporal patterns and outputs forward‑looking estimates.""
    },
    {
      ""task_id"": 4,
      ""ai_capability"": ""Classify data instances by assigning them to predefined categories based on learned patterns."",
      ""brief_description"": ""Supervised‑learning classifiers label records as part of the ‘Classification’ scope."",
      ""raw_excerpt"": ""…Time Series Analysis und Prediction, **Classification**."",
      ""explanation"": ""‘Classification’ refers to a standard supervised AI capability that automates the decision of which class a new sample belongs to.""
    },
    {
      ""task_id"": 5,
      ""ai_capability"": ""Run statistical analyses autonomously on both structured and unstructured data sources."",
      ""brief_description"": ""The system computes statistical metrics and insights without manual calculation."",
      ""raw_excerpt"": ""**Selbstständige Durchführung von statistischen Analysen auf Basis von strukturierten und unstrukturierten Daten**"",
      ""explanation"": ""The phrase ‘selbstständige Durchführung’ (independent execution) implies that software routines—not people—perform the statistical computations once configured.""
    },
    {
      ""task_id"": 6,
      ""ai_capability"": ""Automate data‑preparation workflows that clean, transform, and enrich raw data for downstream analysis."",
      ""brief_description"": ""Data‑processing pipelines handle extraction, cleaning, and feature engineering steps prior to modeling."",
      ""raw_excerpt"": ""**Entwicklung von Datenaufbereitungsprozessen für anschliessende Analysen**"",
      ""explanation"": ""Although humans design the pipeline, the recurrent execution of data‑preparation steps is carried out by scripts/AI‑enabled ETL processes, thus automating this labor‑intensive stage.""
    },
    {
      ""task_id"": 7,
      ""ai_capability"": ""Generate visualizations of complex analytical results for diverse stakeholder groups."",
      ""brief_description"": ""Visualization tools automatically convert model outputs into charts or dashboards."",
      ""raw_excerpt"": ""**Visualisierung der Ergebnisse komplexer Datenanalysen für verschiedene Stakeholder**"",
      ""explanation"": ""The visualization step is performed by software that turns numerical outputs into graphical formats, reducing the manual effort needed to craft each figure.""
    }
  ]
}
"
996db522-2707-447c-972c-75703a79947f,Machine Learning & Analytics Consultant (m/w),Innovation Process Technology AG,Kleinunternehmen,"Zürich, Bern, Luzern oder Basel",de,de,"Wir sind eine Schweizer IT Consulting Firma, fokussiert auf Software Integration. Wir bauen innovative Lösungen beim Kunden vor Ort. Uns gibt es schon seit über 20 Jahren, aber wir leben immer noch eine Start-up Mentalität – 100 Leute, Flat Hierarchy, No Politics, Lots of Fun! Bei uns gilt: People First! Jeder kann sich bei uns einbringen und zum Experten werden. Wissen wird geteilt und gegenseitige Unterstützung ist zentral. We’re ONE Team!

Machine Learning & Analytics Consultant (m/w)

Haben Sie kürzlich Ihr Studium erfolgreich beendet oder stehen Sie gerade vor dem Abschluss? Dann wagen Sie den Schritt in die IT Consulting-Welt. Der Beruf des Machine Learning & Analytics Consultants verbindet Mensch und Maschine. Sie verhelfen dem Kunden, sich über innovative Software-Lösungen mit leading-edge Technologien auf dem Markt zu differenzieren.

Das tun Sie bei uns

Erheben und Ableiten von Requirements für Machine Learning, Advanced Analytics und Chatbot Lösungen

Erstellung von Prototypen und Datenvisualisierungen

Design und Entwicklung von Softwarelösungen (MS Azure, IBM Watson) in den Bereichen Big Data, Advanced Analytics und Chatbot

Stetige Übernahme von Verantwortung

Das bringen Sie mit

Abgeschlossenes Studium (Informatik, Wirtschaftsinformatik, Mathematik, Elektrotechnik, Physik)

Erste Projekterfahrung in der IT z.B. im Software Engineering

Breites Interesse an innovativen Technologien und Themen wie Machine Learning, Data Analytics oder Stream Analytics

Konzeptionelle Fähigkeiten

Gutes Auftreten und fliessende Deutsch- und Englischkenntnisse

«We hire for attitude and train for skills» – Wir erwarten nicht, dass Sie bereits mehrjährige Berufserfahrung mitbringen. Vielmehr wollen wir Sie gezielt fördern. Sind Sie technisch affin und haben Freude an Kundenkontakt und Beratung? Mögen Sie es technisch hands-on zu arbeiten? Dann ist ipt genau die richtige Firma!

Wir freuen uns schon jetzt auf Ihre Bewerbung!

ipt Innovation Process Technology AG
Frau Sina Brun
Talent Acquisition Expert","We are a Swiss IT Consulting company focused on software integration. We develop innovative solutions on-site at the customer's location. We have been around for over 20 years, but we still maintain a start-up mentality – 100 people, flat hierarchy, no politics, lots of fun! Our motto is: People First! Everyone can contribute and become an expert. Knowledge is shared, and mutual support is central. We’re ONE Team!

Machine Learning & Analytics Consultant (m/f)

Have you recently completed your studies successfully or are you about to graduate? Then take the step into the world of IT consulting. The role of Machine Learning & Analytics Consultant combines human and machine. You help the client differentiate themselves in the market through innovative software solutions with leading-edge technologies.

What you will do with us

Gathering and deriving requirements for machine learning, advanced analytics, and chatbot solutions

Creating prototypes and data visualizations

Designing and developing software solutions (MS Azure, IBM Watson) in the areas of Big Data, Advanced Analytics, and Chatbots

Taking on responsibility continuously

What you bring

Completed degree (Computer Science, Business Informatics, Mathematics, Electrical Engineering, Physics)

Initial project experience in IT, e.g., in software engineering

Broad interest in innovative technologies and topics such as machine learning, data analytics, or stream analytics

Conceptual skills

Good appearance and fluent German and English skills

“We hire for attitude and train for skills” – We do not expect you to already have several years of professional experience. Instead, we want to support your development. Are you technically inclined and enjoy customer contact and consulting? Do you like working hands-on technically? Then ipt is the right company for you!

We are already looking forward to your application!

ipt Innovation Process Technology AG  
Ms. Sina Brun  
Talent Acquisition Expert","{
  ""ai_application_tasks"": [
    {
      ""task_id"": 1,
      ""ai_capability"": ""Build and run machine‑learning models that generate data‑driven predictions or classifications for business problems."",
      ""brief_description"": ""The advertised solutions include Machine Learning systems that give clients a competitive edge by extracting predictive insights from their data."",
      ""raw_excerpt"": ""Erheben und Ableiten von Requirements für **Machine Learning**, Advanced Analytics und Chatbot Lösungen"",
      ""explanation"": ""The excerpt explicitly lists “Machine Learning” solutions; the core function of such systems is to automate prediction or classification, which is the AI task being delivered to customers.""
    },
    {
      ""task_id"": 2,
      ""ai_capability"": ""Perform advanced analytics on large data sets to discover patterns, trends, and actionable insights that support decision‑making."",
      ""brief_description"": ""Solutions are positioned in the Big Data / Advanced Analytics space, indicating automated statistical and analytical processing at scale."",
      ""raw_excerpt"": ""Design und Entwicklung von Softwarelösungen (MS Azure, IBM Watson) in den Bereichen **Big Data, Advanced Analytics** und Chatbot"",
      ""explanation"": ""“Advanced Analytics” combined with “Big Data” implies AI/ML‑driven analytic pipelines that automate complex data exploration beyond simple reporting.""
    },
    {
      ""task_id"": 3,
      ""ai_capability"": ""Execute real‑time stream‑analytics pipelines that process continuous data flows to detect events or anomalies on the fly."",
      ""brief_description"": ""The role highlights interest in Stream Analytics, pointing to systems that automatically analyse data in motion rather than batches."",
      ""raw_excerpt"": ""Breites Interesse an innovativen Technologien und Themen wie Machine Learning, Data Analytics oder **Stream Analytics**"",
      ""explanation"": ""“Stream Analytics” denotes AI/ML tooling that continuously ingests and analyses streaming data, an automated capability distinct from batch analytics.""
    },
    {
      ""task_id"": 4,
      ""ai_capability"": ""Provide conversational chatbots that understand user queries and respond in natural language, automating routine interactions."",
      ""brief_description"": ""Chatbot solutions built, for example, with IBM Watson automate customer dialogues without human intervention."",
      ""raw_excerpt"": ""Erheben und Ableiten von Requirements für Machine Learning, Advanced Analytics und **Chatbot Lösungen**"",
      ""explanation"": ""The advertisement repeatedly cites “Chatbot” solutions; such systems use NLP to automate dialogue, a discrete AI capability delivered to clients.""
    }
  ]
}
"
896e8d6c-856b-44fb-be67-fc1ca3e82664,Advanced Analytics & Machine Learning Senior Consultant,Innovation Process Technology AG,Kleinunternehmen,CH-6300 Zug,de,de,"Advanced Analytics & Machine Learning Senior Consultant

Daten sind das neue Gold der Digitalisierung – helfe unseren Kunden zu Wettbewerbsvorteil.

Du willst coole Software-Lösungen mit leading-edge Technologien rund um Advanced Analytics und Machine Learning bauen und damit Blue Chip Firmen wie PostFinance, Helsana, Swiss Re oder SBB helfen sich über Daten auf dem Markt zu differenzieren. Du suchst Herausforderung und Innovation. Dann arbeite in einem abwechslungsreichen und inspirierenden Projektumfeld in cross-funktionalen Teams.

Was wir für dich tun

People First – Mitarbeitende stehen bei ipt an erster Stelle

Jeder kann sich einbringen und Verantwortung übernehmen

Wissen wird geteilt und wir unterstützen uns gegenseitig

Unser einzigartiger Teamspirit wird aktiv gelebt

Was du bei uns tust

Richtig gute Software-Lösungen rund um Data Analytics, Stream Analytics sowie Machine Learning (MS Azure, IBM Watson) bauen und diese erfolgreich einführen

Unsere Kunden beraten und gemeinsam eine Big Data und Analytics Strategie definieren

Geschäftsrelevante Erkenntnisse durch quantitative Daten Analysen, Visualisierungen und intelligenten Algorithmen gewinnen

Mit Design Thinking oder Lean Startup unsere Kunden durch den Innovationsprozess begleiten

Immer wieder neue Unternehmungen und Branchen als externe IT Consultants kennenlernen

Dazu beitragen, dass IT in der Schweiz nicht billiger, sondern besser wird

Was du mitbringst

Abgeschlossenes Studium (Informatik, Wirtschaftsinformatik, Mathematik, Elektrotechnik)

5-10 Jahre Projekterfahrung im Software Engineering

Erfahrung in Data Analytics, Stream Analytics oder Machine Learning

Breites Technologieverständnis für Parallelverarbeitung und hoch performante Systeme

Solide Kenntnisse mit Big Data und Machine Learning Methoden (Graph-Analysen, Text-Mining, Clustering, Hashing, Simulationen…)

Du lebst Teamspirit und Hands-on Mentalität

Du überzeugst mit deinem Auftreten und sprichst Deutsch und Englisch

Wir sind eine Schweizer Consulting Boutique, fokussiert auf Software Integration. Uns gibt es schon seit 20 Jahren, aber wir leben immer noch eine Start-up Mentalität – 100 Leute, Flat Hierarchy, no Politics und lots of Fun! Die Zukunft gehört uns, denn «IT is the Business» und wir sind richtig gut in IT und richtig nah am Business. Nur in der Schweiz. Immer on-site. Kein Nearshoring / Offshoring / Freelancing.

We’re ONE Team! Join us!

Die Mitarbeitenden sind stolz und wählen ipt zum beliebtesten Arbeitgeber der Schweiz!

Ps: Insider-News auf dem ipt-Blog undfacebook

Kontakt

Wir möchten wachsen und freuen uns auf Ihre vollständige Bewerbung!

Michaela Kuhn

HR Manager
Tel. 041 727 25 25
jobs@ipt.ch

Jetzt bewerben","Advanced Analytics & Machine Learning Senior Consultant

Data is the new gold of digitalization – help our clients gain a competitive advantage.

You want to build cool software solutions using leading-edge technologies around Advanced Analytics and Machine Learning and thereby help Blue Chip companies like PostFinance, Helsana, Swiss Re, or SBB differentiate themselves in the market through data. You are looking for challenges and innovation. Then work in a diverse and inspiring project environment within cross-functional teams.

What we do for you

People First – employees are our top priority at ipt

Everyone can contribute and take responsibility

Knowledge is shared, and we support each other

Our unique team spirit is actively lived

What you do with us

Build really good software solutions around Data Analytics, Stream Analytics, and Machine Learning (MS Azure, IBM Watson) and successfully implement them

Advise our clients and jointly define a Big Data and Analytics strategy

Gain business-relevant insights through quantitative data analysis, visualizations, and intelligent algorithms

Guide our clients through the innovation process using Design Thinking or Lean Startup

Continuously get to know new ventures and industries as external IT consultants

Contribute to making IT in Switzerland not cheaper, but better

What you bring with you

Completed degree (Computer Science, Business Informatics, Mathematics, Electrical Engineering)

5-10 years of project experience in Software Engineering

Experience in Data Analytics, Stream Analytics, or Machine Learning

Broad understanding of technologies for parallel processing and high-performance systems

Solid knowledge of Big Data and Machine Learning methods (Graph analyses, Text Mining, Clustering, Hashing, Simulations…)

You live team spirit and a hands-on mentality

You impress with your presence and speak German and English

We are a Swiss consulting boutique focused on software integration. We have been around for 20 years, but we still maintain a start-up mentality – 100 people, flat hierarchy, no politics, and lots of fun! The future belongs to us because “IT is the Business,” and we are very good at IT and very close to the business. Only in Switzerland. Always on-site. No nearshoring/offshoring/freelancing.

We’re ONE Team! Join us!

Our employees are proud and have chosen ipt as the most popular employer in Switzerland!

Ps: Insider news on the ipt blog and Facebook

Contact

We want to grow and look forward to receiving your complete application!

Michaela Kuhn

HR Manager  
Tel. 041 727 25 25  
jobs@ipt.ch

Apply now","{
  ""ai_application_tasks"": [
    {
      ""task_id"": 1,
      ""ai_capability"": ""Derive business insights by applying quantitative data analytics and machine‑learning algorithms to large datasets."",
      ""brief_description"": ""The AI system mines structured data to surface business‑relevant findings and recommendations."",
      ""raw_excerpt"": ""Geschäftsrelevante Erkenntnisse durch quantitative Daten Analysen, Visualisierungen und intelligenten Algorithmen gewinnen"",
      ""explanation"": ""This line states that insights (Erkenntnisse) are obtained through quantitative analyses and intelligent algorithms, indicating an automated analytics capability rather than manual consulting work.""
    },
    {
      ""task_id"": 2,
      ""ai_capability"": ""Perform real‑time stream analytics on continuous data feeds to detect patterns or metrics as data arrive."",
      ""brief_description"": ""The platform ingests and analyses live data streams for immediate insight generation."",
      ""raw_excerpt"": ""Richtig gute Software-Lösungen rund um Data Analytics, Stream Analytics sowie Machine Learning (MS Azure, IBM Watson) bauen und diese erfolgreich einführen"",
      ""explanation"": ""‘Stream Analytics’ denotes an AI/ML component that processes data in motion; the task refers to what that component does (real‑time analytics), not to the human effort of building it.""
    },
    {
      ""task_id"": 3,
      ""ai_capability"": ""Automatically generate interactive data visualizations that communicate analytical results."",
      ""brief_description"": ""The system produces charts and dashboards derived from analytic outputs."",
      ""raw_excerpt"": ""Geschäftsrelevante Erkenntnisse durch quantitative Daten Analysen, Visualisierungen und intelligenten Algorithmen gewinnen"",
      ""explanation"": ""Visualisierungen are listed alongside algorithms as part of the insights workflow, implying automated creation of visuals rather than manual graphic design.""
    },
    {
      ""task_id"": 4,
      ""ai_capability"": ""Carry out graph analytics to uncover relationships, communities, or network patterns within big data."",
      ""brief_description"": ""Graph‑analysis algorithms examine connected data (e.g., social or supply networks)."",
      ""raw_excerpt"": ""Solide Kenntnisse mit Big Data und Machine Learning Methoden (Graph-Analysen, Text-Mining, Clustering, Hashing, Simulationen…)"",
      ""explanation"": ""Graph‑Analysen is enumerated as a machine‑learning method, indicating a system capability to run graph algorithms for relational insight.""
    },
    {
      ""task_id"": 5,
      ""ai_capability"": ""Apply text‑mining techniques to extract information, topics, and sentiment from unstructured text."",
      ""brief_description"": ""Natural‑language processing routines transform raw text into structured data."",
      ""raw_excerpt"": ""Solide Kenntnisse mit Big Data und Machine Learning Methoden (Graph-Analysen, Text-Mining, Clustering, Hashing, Simulationen…)"",
      ""explanation"": ""Text‑Mining is explicitly named as an ML method, pointing to automated NLP functionality within the solution.""
    },
    {
      ""task_id"": 6,
      ""ai_capability"": ""Cluster data into meaningful groups to identify segments, patterns, or anomalies without predefined labels."",
      ""brief_description"": ""Unsupervised learning algorithms group similar records for exploratory analysis."",
      ""raw_excerpt"": ""Solide Kenntnisse mit Big Data und Machine Learning Methoden (Graph-Analysen, Text-Mining, Clustering, Hashing, Simulationen…)"",
      ""explanation"": ""Clustering appears in the list of ML techniques, reflecting an AI task that automatically discovers structure in data.""
    },
    {
      ""task_id"": 7,
      ""ai_capability"": ""Use hashing‑based techniques to speed up similarity search or handle high‑dimensional data efficiently."",
      ""brief_description"": ""Algorithms such as locality‑sensitive hashing accelerate approximate nearest‑neighbor queries."",
      ""raw_excerpt"": ""Solide Kenntnisse mit Big Data und Machine Learning Methoden (Graph-Analysen, Text-Mining, Clustering, Hashing, Simulationen…)"",
      ""explanation"": ""Hashing is mentioned among ML methods; in an AI context, it typically refers to algorithmic capabilities like LSH that the system employs autonomously.""
    },
    {
      ""task_id"": 8,
      ""ai_capability"": ""Run simulations with data‑driven models to predict outcomes and assess scenarios."",
      ""brief_description"": ""The solution generates synthetic or what‑if scenarios for decision support."",
      ""raw_excerpt"": ""Solide Kenntnisse mit Big Data und Machine Learning Methoden (Graph-Analysen, Text-Mining, Clustering, Hashing, Simulationen…)"",
      ""explanation"": ""Simulationen is listed as an ML method, implying automated scenario modelling performed by the AI system.""
    }
  ]
}
"
3c5cecf2-2eed-4e87-a332-1abc2eca528c,Senior AI Strategy Consultant,Innovation Process Technology AG,Kleinunternehmen,CH-6300 Zug,de,de,"Senior AI Strategy Consultant

Wir sind eine Schweizer IT-Consulting Firma. Wir bauen innovative Lösungen beim Kunden vor Ort. Uns gibt es schon seit über 20 Jahren, aber wir leben immer noch eine Start-up Mentalität – 160 Leute, Flat Hierarchy, No Politics, Lots of Fun! Bei uns gilt: People First! Jeder kann sich bei uns einbringen und zum Experten werden. Wissen wird geteilt und gegenseitige Unterstützung ist zentral. We’re ONE Team!
Bewirb dich jetzt!
Deine Challenges

Du berätst unsere Kunden und entwickelst mit ihnen eine AI Strategie. Dabei diskutierst du den Impact von AI auf das Unternehmen, weist auf Chancen und Gefahren in der Branche hin und entwickelst Szenarien für den Einsatz von AI

Du entwickelst mit den Fachabteilungen zusammen neue AI Use Cases in Workshops

Nutzen Analyse, Bewertung und Priorisierung von AI Use Cases

Definieren der Zielarchitektur und dem Vorgehen für die Umsetzung

In der Umsetzung der AI Strategie arbeitest du Hand in Hand und auf Augenhöhe mit z.B. Fachvertretern und dem Analytics Team zusammen

Das bringst du mit

Expertise im Bereich Strategieentwicklung und –beratung

Know-how in den Bereichen Artificial Intelligence, Advanced Analytics, Machine Learning, Big Data, Business Intelligence o.ä.

Abgeschlossenes Studium (Informatik, Wirtschaftsinformatik, Mathematik, Statistik, Elektrotechnik, Physik o.ä.)

Stilsicherer Umgang mit C-Level und Fachverantwortlichen

Leidenschaft, sich schnell in neue Themen und Technologien einzuarbeiten

Teamplayer und starke kommunikative Fähigkeiten

Fliessende Deutsch- und Englischkenntnisse

Das sind unsere Benefits für dich

Austausch unter Experten: Monatliche Mitarbeiterevents, TechBiers und Scrum’n’Wines garantieren Know-How Austausch und frische Ideen

Work-Life-Integration: Jahresarbeitszeit, Überzeitkompensation, 5 Wochen Ferien, die Zuger Feiertage und Teilzeitangebote – denn Ausgleich ist uns wichtig

Garantierte Abwechslung: Verschiedene Kunden, Themen, Methoden und Technologien – als Consultant wird es nicht langweilig

Hardfacts

Dein Arbeitsort ist vor Ort beim Kunden in der Deutschschweiz (ZH, LU, BS, BE)

80-100% Pensum

Dieses Stelleninserat umschreibt ein Szenario, das dich in einem Projekt erwarten könnte. Wir suchen daher Talente, die für verschiedene Themen und Technologien offen sind.

P.S. Wir schauen optimistisch in die Zukunft und suchen auch in Zeiten von COVID-19 passende Bewerbende, die unser Team verstärken und uns weiterbringen.

Hast du Fragen?

Michaela Kuhn
HR + Mitglied der Geschäftsleitung

Wir freuen uns auf deine Bewerbung!
Anrede Herr Frau Vorname Name E-Mail Telefon Dein Xing-Profil Dein Linkedin-Profil Bewerbungsschreiben

.pdf, .doc, .docx, .zip (max. 20MB)

Lebenslauf

.pdf, .doc, .docx, .zip (max. 20MB)

Weitere Dokumente

.pdf, .doc, .docx, .zip (max. 20MB)

Weitere Links Bemerkung Wie bist du auf ipt aufmerksam geworden? Ich habe die Datenschutzbestimmungen gelesen und bin damit einverstanden. Comments","Senior AI Strategy Consultant

We are a Swiss IT consulting company. We develop innovative solutions on-site at our clients. We have been around for over 20 years, but we still maintain a start-up mentality – 160 people, flat hierarchy, no politics, lots of fun! Our guiding principle: People First! Everyone can contribute and become an expert. Knowledge is shared, and mutual support is central. We’re ONE Team!
Apply now!
Your Challenges

You advise our clients and develop an AI strategy with them. This includes discussing the impact of AI on the company, highlighting opportunities and risks in the industry, and developing scenarios for AI deployment.

You collaborate with business departments to develop new AI use cases in workshops.

Conduct benefit analysis, evaluation, and prioritization of AI use cases.

Define the target architecture and approach for implementation.

In implementing the AI strategy, you work hand-in-hand and on equal footing with stakeholders such as business representatives and the analytics team.

What you bring

Expertise in strategy development and consulting.

Know-how in the areas of Artificial Intelligence, Advanced Analytics, Machine Learning, Big Data, Business Intelligence, or similar.

Completed degree (Computer Science, Business Informatics, Mathematics, Statistics, Electrical Engineering, Physics, or similar).

Confident communication with C-level executives and domain experts.

Passion for quickly learning new topics and technologies.

Team player with strong communication skills.

Fluent in German and English.

Our Benefits for You

Expert exchange: Monthly employee events, TechBiers, and Scrum’n’Wines ensure knowledge sharing and fresh ideas.

Work-Life Integration: Annual working hours, overtime compensation, 5 weeks of vacation, Zug holidays, and part-time options – because balance is important to us.

Guaranteed variety: Different clients, topics, methods, and technologies – as a consultant, it will never be boring.

Hard Facts

Your workplace is on-site at the client in German-speaking Switzerland (ZH, LU, BS, BE).

80-100% workload.

This job posting describes a scenario you might encounter in a project. We are therefore looking for talents who are open to various topics and technologies.

P.S. We look optimistically into the future and are still seeking suitable candidates to strengthen and advance our team, even in times of COVID-19.

Do you have questions?

Michaela Kuhn
HR + Member of the Management

We look forward to your application!
Salutation Mr. Mrs. First Name Last Name Email Phone Your Xing Profile Your LinkedIn Profile Cover Letter

.pdf, .doc, .docx, .zip (max. 20MB)

Resume

.pdf, .doc, .docx, .zip (max. 20MB)

Additional Documents

.pdf, .doc, .docx, .zip (max. 20MB)

Additional Links Remarks How did you find out about ipt? I have read the data protection regulations and agree to them.","{
  ""ai_application_tasks"": []
}
"
50b2fe1c-d76b-4870-b087-64596ecda464,Senior AI Strategy Consultant (m/w),Innovation Process Technology AG,Kleinunternehmen,CH-6300 Zug,de,de,"Wir sind eine Schweizer IT Consulting Firma, fokussiert auf Software Integration. Wir bauen innovative Lösungen beim Kunden vor Ort. Uns gibt es schon seit über 20 Jahren, aber wir leben immer noch eine Start-up Mentalität – 130 Leute, Flat Hierarchy, No Politics, Lots of Fun! Bei uns gilt: People First! Jeder kann sich bei uns einbringen und zum Experten werden. Wissen wird geteilt und gegenseitige Unterstützung ist zentral. We’re ONE Team!

Deine Challenges

Du berätst unsere Kunden und entwickelst mit ihnen eine AI Strategie. Dabei diskutierst du den Impact von AI auf das Unternehmen, weist auf Chancen und Gefahren in der Branche hin und entwickelst Szenarien für den Einsatz von AI

Du entwickelst mit den Fachabteilungen zusammen neue AI Use Cases in Workshops

Nutzen Analyse, Bewertung und Priorisierung von AI Use Cases

Definieren der Zielarchitektur und dem Vorgehen für die Umsetzung

In der Umsetzung der AI Strategie arbeitest du Hand in Hand und auf Augenhöhen mit z.B. Fachvertretern und dem Analytics Team zusammen

Das bringst du mit

Expertise im Bereich Strategieentwicklung und –beratung

Know-how in den Bereichen Artificial Intelligence, Advanced Analytics, Machine Learning, Big Data, Business Intelligence o.ä.

Abgeschlossenes Studium (Informatik, Wirtschaftsinformatik, Mathematik, Statistik, Elektrotechnik, Physik o.ä.)

Stilsicherer Umgang mit C-Level und Fachverantwortlichen

Leidenschaft, sich schnell in neue Themen und Technologien einzuarbeiten

Teamplayer und starke kommunikative Fähigkeiten

Fliessende Deutsch- und Englischkenntnisse

Das sind unsere Benefits für dich

Austausch unter Experten: Monatliche Mitarbeiterevents, TechBiers und Scrum’n’Wines garantieren Know-How Austausch und frische Ideen

Work-Life-Integration: Jahresarbeitszeit, Überzeitkompensation, 5 Wochen Ferien, die Zuger Feiertage und Teilzeitangebote – denn Ausgleich ist uns wichtig

Garantierte Abwechslung: Verschiedene Kunden, Themen, Methoden und Technologien – als Consultant wird es nicht langweilig

Weitere Benefits findest du hier

Das sind die Hard Facts

Dein Arbeitsort ist vor Ort beim Kunden in der Deutschschweiz (ZH, LU, BS, BE)

80-100% Pensum

Dieses Stelleninserat umschreibt ein Szenario, das dich in einem Projekt erwarten könnte. Wir suchen daher Talente die für verschiedene Themen und Technologien offen sind.

Wir freuen uns schon jetzt auf deine Bewerbung!

Jetzt bewerben!

Noch Fragen?

Michaela KuhnHR, Mitglied der Geschäftsleitung
Nachricht schicken
ipt als Arbeitgeber

Wir haben stolze und zufriedene Mitarbeitende. Überzeuge dich auf kununu.

Fred über sein Leben als ipt Consultant

Wie man sich einen ganz normalen Alltag bei ipt vorstellen kann, zeigt hier unser Lead Consultant Fred!

Dein Arbeitsplatz als ipt-Consultant
In der DeutschschweizVor Ort beim KundenGemeinsam im Team","We are a Swiss IT consulting company focused on software integration. We develop innovative solutions on-site at the customer's location. We have been around for over 20 years, but we still maintain a start-up mentality – 130 people, flat hierarchy, no politics, lots of fun! Our motto is: People First! Everyone can contribute and become an expert. Knowledge is shared, and mutual support is central. We’re ONE team!

Your Challenges

- You advise our clients and develop an AI strategy with them. This includes discussing the impact of AI on the company, highlighting opportunities and risks in the industry, and developing scenarios for AI deployment.
- You collaborate with specialist departments in workshops to develop new AI use cases.
- Conduct benefit analysis, evaluation, and prioritization of AI use cases.
- Define the target architecture and the approach for implementation.
- During the implementation of the AI strategy, you work hand-in-hand and on equal footing with stakeholders such as subject matter experts and the analytics team.

What you bring

- Expertise in strategy development and consulting.
- Know-how in the areas of Artificial Intelligence, Advanced Analytics, Machine Learning, Big Data, Business Intelligence, or similar.
- Completed degree (Computer Science, Business Informatics, Mathematics, Statistics, Electrical Engineering, Physics, or similar).
- Confident communication with C-level executives and specialists.
- Passion for quickly learning new topics and technologies.
- Team player with strong communication skills.
- Fluent in German and English.

Our Benefits for You

- Exchange among experts: Monthly employee events, TechBiers, and Scrum’n’Wines ensure knowledge sharing and fresh ideas.
- Work-life integration: Annual working hours, overtime compensation, 5 weeks of vacation, Zug holidays, and part-time options – because balance is important to us.
- Guaranteed variety: Different clients, topics, methods, and technologies – as a consultant, it never gets boring.
- Find more benefits here.

The Hard Facts

- Your workplace is on-site with the client in German-speaking Switzerland (ZH, LU, BS, BE).
- 80-100% workload.
- This job posting describes a scenario you might encounter in a project. We are therefore looking for talents who are open to various topics and technologies.

We are already looking forward to your application!

Apply now!

Still have questions?

Michaela Kuhn
HR, Member of the Management Board
Send a message
ipt as an employer

We have proud and satisfied employees. See for yourself on kununu.

Fred shares his life as an ipt consultant

Here’s how a typical day at ipt might look, as shown by our Lead Consultant Fred!

Your workplace as an ipt consultant
In German-speaking Switzerland
On-site at the client
Together as a team","{
  ""ai_application_tasks"": []
}
"
7413f996-b8ab-473a-9bfc-37c9d25de5e7,Stagiaire Machine Learning Forecast AI (H/F),"Manufacture Jaeger-LeCoultre, Branch of Richemont International SA",Kleinunternehmen,"Le Sentier, VD, CH",fr,fr,"Postuler »Code de référence:  79307
Stagiaire Machine Learning Forecast AI (H/F)

Le Sentier, VD, CH
Trainee/Intern
Depuis sa création, Jaeger-LeCoultre a fait de la précision un art à part entière, en trouvant le parfait équilibre entre savoir-faire pointu et sens artistique, sophistication et finesse esthétique. Fidèle à l'esprit d'invention initié en 1833 par son fondateur Antoine LeCoultre, les artisans de la Manufacture créent des collections à la pointe de la Haute Horlogerie: Reverso, Master, Jaeger-LeCoultre Polaris, RendezVous et Atmos - ce riche héritage construit par la Grande Maison au fil des siècles est une source d'inspiration constante qui ne cesse de repousser les limites à travers des garde-temps sans précédent.

Nous vous proposons aujourd’hui de nous rejoindre en tant que stagiaire en Machine Learning/Forecast AI pour une période allant de 4 à 6 mois à partir de février 2023. Nous recherchons une personne qualifiée et par-dessus tout motivée, souhaitant faire la preuve de ses compétences en Machine Learning, Optimisation, Reinforcement Learning et Deep Learning, mais aussi à de son adaptation et de sa vivacité d’esprit. En effet, il vous sera nécessaire de collaborer avec plusieurs services de notre Manufacture afin d’amorcer la création de modèle très ambitieux visant à la prédiction de nos futures ventes. La fiabilité de ce processus sera directement liée au choix des critères clé pouvant aussi bien être internes qu’externes, et à l’amélioration continue de ces derniers. C’est pour cette raison qu’il sera essentiel d’engager des discussions avec les services idoines afin d’apporter les réponses les plus efficientes aux questions que vous rencontrerez.

Ce stage s’inscrit dans une stratégie de marque et de groupe visant à améliorer continuellement nos méthodes de production et de ventes avec pour objectif de toujours plus satisfaire nos clients. La captation de données de masse devient un élément essentiel dans l’élaboration de nouveau processus métier, c’est avec cette vision que nous souhaitons aujourd’hui avancer et développer nos nouveaux projets.

Déroulé du stage

Pour mener à bien ce projet, une première étape visant à la constitution d’un cahier des charges adapté aux besoins sera à effectuer. Elle sera suivie d’une phase d’analyse des solutions possibles quant à la formulation d’une réponse devant être en adéquation aux attentes et à l’environnement donné. Une fois cette partie analytique terminée, il sera bien évidemment question de mettre en œuvre la solution proposée et d’ainsi débuter la phase de développement sur la plateforme qui aura été jugée la plus cohérente vis-à-vis de la réponse apportée. Ce projet intervenant dans le cadre d’une stratégie globale visant à migrer nos solutions vers des outils cloud, l’environnement PaaS GCP (Google Cloud Platform) sera le principal candidat au développement de ce projet.

Les étapes phares du projet :

Constitution du cahier des charges en collaboration avec le service Supply Chain Commercial

État de l’art et étude des solutions candidates

Conception de la solution envisagée

Développement de la solution choisie sur un environnement de test

Tests finaux avec le service Supply Chain Commercial

Intégration de la solution au sein des processus métier

Compétences développées durant le stage :

Capacité d’analyse et de veille technologique

Connaissances générales avancées en IA, Machine Learning et Algorithmes prédictifs

Capacité relationnelle : écoute, dialogue et autonomie

Sens critique et force de proposition

Outils et notions abordés :

Modèles prédictifs adaptés au contexte de la Supply Chain (Linear Regression, Random Forest, KNN et Deep Neural Network)

Qualité et disponibilité des données

Modélisation de base de données

ETL (Talend, Informatica)

Bases de Données (SQL Server, PostgreSQL, IBM DB2)

Google Cloud Platform (Jupyter Notebook, VertexAI, etc.)

Langages : SQL, Java, Python, C, C++

Profil :

En cours de formation d’ingénieur ou Master, spécialisés dans le domaine de l’informatique et/ou des mathématiques.

Vous avez des bases en Intelligence Artificielle et Machine Learning

Vous avez de solides connaissances en algèbres, mathématiques et statistiques

Vous aimez travailler en équipe et découvrir de nouveaux métiers

Aller à la rencontre des gens pour leur poser vos questions ne vous fait pas peur

L’organisation que vous avez dans votre travail est structurée et rigoureuse

Très bonne compréhension de nouveaux sujets

Postuler »","Apply »Reference code: 79307
Machine Learning Forecast AI Intern (M/F)

Le Sentier, VD, CH
Trainee/Intern
Since its creation, Jaeger-LeCoultre has made precision an art in its own right, finding the perfect balance between advanced craftsmanship and artistic sense, sophistication and aesthetic finesse. True to the spirit of innovation initiated in 1833 by its founder Antoine LeCoultre, the artisans of the Manufacture create collections at the forefront of Haute Horlogerie: Reverso, Master, Jaeger-LeCoultre Polaris, RendezVous, and Atmos – this rich heritage built by the Grande Maison over the centuries is a constant source of inspiration that continually pushes boundaries through unprecedented timepieces.

We are now offering you the opportunity to join us as a Machine Learning/Forecast AI Intern for a period of 4 to 6 months starting February 2023. We are looking for a qualified person who is above all motivated, eager to demonstrate their skills in Machine Learning, Optimization, Reinforcement Learning, and Deep Learning, but also adaptable and quick-witted. Indeed, you will need to collaborate with several departments within our Manufacture to initiate the creation of highly ambitious models aimed at predicting our future sales. The reliability of this process will be directly linked to the selection of key criteria, which can be both internal and external, and to their continuous improvement. That is why engaging in discussions with the relevant departments will be essential to provide the most efficient answers to the questions you encounter.

This internship is part of a brand and group strategy aimed at continuously improving our production and sales methods with the goal of increasingly satisfying our customers. Mass data collection is becoming an essential element in developing new business processes; with this vision, we wish to move forward and develop our new projects.

Internship Outline

To successfully carry out this project, the first step will be to develop a tailored specifications document aligned with the needs. This will be followed by an analysis phase of possible solutions regarding the formulation of a response that meets expectations and fits the environment. Once this analytical part is completed, the next step will be to implement the proposed solution and begin the development phase on the platform deemed most appropriate for the solution. As this project is part of a broader strategy to migrate our solutions to cloud tools, the GCP (Google Cloud Platform) PaaS environment will be the primary candidate for development.

Key project phases:

- Developing the specifications document in collaboration with the Supply Chain Commercial department
- Conducting a state-of-the-art review and studying candidate solutions
- Designing the proposed solution
- Developing the chosen solution in a test environment
- Final testing with the Supply Chain Commercial department
- Integrating the solution into business processes

Skills developed during the internship:

- Analytical skills and technological watch
- Advanced general knowledge in AI, Machine Learning, and predictive algorithms
- Interpersonal skills: listening, dialogue, and autonomy
- Critical thinking and proactive approach

Tools and concepts covered:

- Predictive models adapted to the Supply Chain context (Linear Regression, Random Forest, KNN, Deep Neural Network)
- Data quality and availability
- Database modeling
- ETL (Talend, Informatica)
- Databases (SQL Server, PostgreSQL, IBM DB2)
- Google Cloud Platform (Jupyter Notebook, VertexAI, etc.)
- Programming languages: SQL, Java, Python, C, C++

Profile:

- Currently pursuing engineering or master's studies, specializing in computer science and/or mathematics
- Basic knowledge of Artificial Intelligence and Machine Learning
- Strong understanding of algebra, mathematics, and statistics
- Enjoy working in a team and exploring new fields
- Comfortable approaching people to ask questions
- Well-organized and rigorous in your work
- Excellent comprehension of new topics

Apply","{
  ""ai_application_tasks"": [
    {
      ""task_id"": 1,
      ""ai_capability"": ""Machine‑learning forecasting models that predict future sales volumes for Jaeger‑LeCoultre timepieces."",
      ""brief_description"": ""Build and run predictive models to forecast how many watches the company will sell in upcoming periods."",
      ""raw_excerpt"": ""…amorcer la création de modèle très ambitieux visant à la prédiction de nos futures ventes."",
      ""explanation"": ""The advertisement explicitly states that the objective of the ML project is to forecast future sales; generating those forecasts is therefore a primary automated task of the AI system.""
    },
    {
      ""task_id"": 2,
      ""ai_capability"": ""Supply‑chain‑oriented demand forecasting that feeds production and inventory planning to supply‑chain needs so commercial and production teams can adjust manufacturing and stock levels automatically or semi‑automatically."",
      ""brief_description"": ""Use predictive models tailored to supply‑chain needs so commercial and production teams can adjust manufacturing and stock levels automatically or semi‑automatically."",
      ""raw_excerpt"": ""Modèles prédictifs adaptés au contexte de la Supply Chain (Linear Regression, Random Forest, KNN et Deep Neural Network)"",
      ""explanation"": ""By highlighting “predictive models adapted to the Supply Chain,” the ad indicates that the forecasts will be used to automate or support supply‑chain decisions such as production scheduling and inventory management.""
    }
  ]
}"
d6fcba69-11e2-4a99-b605-b696db2799c1,Stagiaire Informatique (H/F),"Manufacture Jaeger-LeCoultre, Branch of Richemont International SA",Kleinunternehmen,"Le Sentier, VD, CH",fr,fr,"Postuler »Code de référence:  71090
Stagiaire Informatique (H/F)

Le Sentier, VD, CH
Trainee/Intern
Depuis sa création, Jaeger-LeCoultre a fait de la précision un art à part entière, en trouvant le parfait équilibre entre savoir-faire pointu et sens artistique, sophistication et finesse esthétique. Fidèle à l'esprit d'invention initié en 1833 par son fondateur Antoine LeCoultre, les artisans de la Manufacture créent des collections à la pointe de la Haute Horlogerie: Reverso, Master, Jaeger-LeCoultre Polaris, RendezVous et Atmos - ce riche héritage construit par la Grande Maison au fil des siècles est une source d'inspiration constante qui ne cesse de repousser les limites à travers des garde-temps sans précédent.

Stage Forecast AI (H/F)

Pour notre Manufacture située au Sentier (Vallée de Joux - Canton de Vaud), au sein de la Direction Opérations et directement rattaché(e) au département Système d’Information & Organisation, vous aurez la charge de collaborer avec le service Supply Chain Commercial de la Manufacture avec pour objectif d’améliorer la fiabilité des prévisions de ventes en fonction de critères clés pouvant aussi bien être internes qu’externes.

Pour mener à bien ce dernier, une première étape visant à la constitution d’un cahier des charges idoine aux besoins sera à effectuer. Elle sera suivie d’une phase d’analyse des solutions possibles quant à la formulation d’une réponse devant être en adéquation aux attentes et à l’environnement donné. Une fois cette partie analytique terminée, il sera bien évidemment question de mettre en œuvre la solution proposée et d’ainsi débuter la phase de développement sur la plateforme qui aura été jugée la plus cohérente vis-à-vis de la réponse apportée. Ce projet intervenant dans le cadre d’une stratégie globale visant à migrer nos solutions vers des outils cloud, l’environnement PaaS GCP (Google Cloud Platform) sera le principal candidat au développement de ce projet.

Les étapes phares du projet :

Constitution du cahier des charges en collaboration avec le service Supply Chain Commercial

État de l’art et étude des solutions candidates

Conception de la solution envisagée

Développement de la solution choisie sur un environnement de test

Tests finaux avec le service Supply Chain Commercial

Intégration de la solution au sein des processus métier

Compétences développées durant le stage :

Capacité d’analyse et de veille technologique

Connaissances générales de base en IA, Machine Learning et Algorithmes prédictifs

Capacité relationnelle : écoute, dialogue et autonomie

Sens critique et force de proposition

Outils et notions abordés :

Modèles prédictifs adaptés au contexte de la Supply Chain

Qualité et disponibilité des données

Modélisation de base de données

ETL (Talend, Informatica)

Bases de Données (SQL Server, PostgreSQL, IBM DB2)

Google Cloud Platform (Jupyter Notebook, VertexAI, etc.)

Langages : SQL, Java, Python, C, C++

Profil :

En cours de formation d’ingénieur ou Master, spécialisés dans le domaine de l’informatique et/ou des mathématiques.

Vous avez des bases en Intelligence Artificielle et Machine Learning

Vous aimez travailler en équipe et découvrir de nouveaux métiers

Aller à la rencontre des gens pour leur poser vos questions ne vous fait pas peur

L’organisation que vous avez dans votre travail est structurée et rigoureuse

Très bonne compréhension de nouveaux sujets

Postuler »","Apply »Reference code: 71090
IT Intern (M/F)

Le Sentier, VD, CH
Trainee/Intern
Since its founding, Jaeger-LeCoultre has made precision an art in its own right, finding the perfect balance between advanced craftsmanship and artistic sense, sophistication and aesthetic finesse. True to the spirit of innovation initiated in 1833 by its founder Antoine LeCoultre, the artisans of the Manufacture create collections at the forefront of Haute Horlogerie: Reverso, Master, Jaeger-LeCoultre Polaris, RendezVous, and Atmos – this rich heritage built by the Grande Maison over the centuries is a constant source of inspiration that continually pushes boundaries through unprecedented timepieces.

Forecast AI Internship (M/F)

For our Manufacture located in Le Sentier (Vallée de Joux - Canton of Vaud), within the Operations Department and directly reporting to the Information Systems & Organization department, you will be responsible for collaborating with the Manufacture's Commercial Supply Chain department with the goal of improving the reliability of sales forecasts based on key criteria that can be both internal and external.

To successfully complete this, an initial step involving the creation of a specifications document tailored to the needs will be carried out. This will be followed by an analysis phase of possible solutions regarding the formulation of a response that aligns with expectations and the given environment. Once this analytical part is finished, the implementation of the proposed solution will naturally follow, initiating the development phase on the platform deemed most coherent with the solution provided. As this project is part of a broader strategy to migrate our solutions to cloud-based tools, the GCP (Google Cloud Platform) PaaS environment will be the main candidate for development.

Key project stages:

- Drafting the specifications document in collaboration with the Commercial Supply Chain department
- State of the art and study of candidate solutions
- Design of the proposed solution
- Development of the chosen solution in a test environment
- Final testing with the Commercial Supply Chain department
- Integration of the solution into business processes

Skills developed during the internship:

- Analytical skills and technological watch
- Basic general knowledge in AI, Machine Learning, and Predictive Algorithms
- Interpersonal skills: listening, dialogue, and autonomy
- Critical thinking and proactive suggestions

Tools and concepts covered:

- Predictive models adapted to the Supply Chain context
- Data quality and availability
- Database modeling
- ETL (Talend, Informatica)
- Databases (SQL Server, PostgreSQL, IBM DB2)
- Google Cloud Platform (Jupyter Notebook, VertexAI, etc.)
- Programming languages: SQL, Java, Python, C, C++

Profile:

- Currently pursuing engineering or master's degree, specializing in computer science and/or mathematics
- Basic knowledge of Artificial Intelligence and Machine Learning
- Enjoy working in a team and exploring new fields
- Not afraid to approach people to ask questions
- Well-organized and rigorous in your work
- Strong ability to understand new topics quickly

Apply","{
  ""ai_application_tasks"": [
    {
      ""task_id"": 1,
      ""ai_capability"": ""Automatically generate high‑accuracy sales‑demand forecasts by training machine‑learning models on both internal sales data and relevant external factors for the Manufacture’s supply‑chain planning."",
      ""brief_description"": ""The AI system improves how reliably future sales are predicted for the Manufacture’s supply‑chain planning."",
      ""raw_excerpt"": ""…with the goal of improving the reliability of sales forecasts based on key criteria that can be both internal and external."",
      ""explanation"": ""The advert defines the project’s purpose as using AI to enhance forecast reliability; producing these forecasts is the direct task performed by the ML model, not by human engineers.""
    },
    {
      ""task_id"": 2,
      ""ai_capability"": ""Deliver supply‑chain‑specific predictive insights that feed directly into commercial planning and inventory workflows to the supply‑chain context output predictions that integrate into business processes."",
      ""brief_description"": ""Models tailored to the supply‑chain context output predictions that integrate into business processes."",
      ""raw_excerpt"": ""• Predictive models adapted to the Supply Chain context"",
      ""explanation"": ""The tools list states that predictive models are adapted for the supply‑chain context, implying the AI produces actionable forecasts or metrics consumed by those workflows.""
    }
  ]
}"
aaed37e8-da1d-4939-9ec0-eb154b63c186,ML Engineering Consultant,Innovation Process Technology AG,Kleinunternehmen,CH-6300 Zug,de,de,"ML Engineering Consultant

Wir sind eine Schweizer IT-Consulting Firma. Wir bauen innovative Lösungen beim Kunden vor Ort. Uns gibt es schon seit über 20 Jahren, aber wir leben immer noch eine Start-up Mentalität – 160 Leute, Flat Hierarchy, No Politics, Lots of Fun! Bei uns gilt: People First! Jeder kann sich bei uns einbringen und zum Experten werden. Wissen wird geteilt und gegenseitige Unterstützung ist zentral. We’re ONE Team!

Hast du kürzlich dein Studium erfolgreich beendet oder stehst du gerade vor dem Abschluss? Dann wag den Schritt in die IT Consulting-Welt.

Deine Challenges

Du verhilfst dem Kunden die ML-Strategie umzusetzen

Du bist in einem mixed Team (ipt & Kunde) und agierst als Bindeglied zwischen Software Entwicklung und Data Science

Du erhebst Requirements für Machine Learning und Advanced Analytics Cases und implementierst diese mit modernen Technologien

Für die Operationalisierung und den Betrieb von ML Modellen sorgen sowie die trainierten Modelle auf Produktionsniveau bringen

Du definierst Data Pipelines für eine saubere Reproduzierbarkeit und betriebsbereite Skalierbarkeit von Daten

Das bringst du mit

Abgeschlossenes Studium (Informatik, Wirtschaftsinformatik, Mathematik, Elektrotechnik, Physik o.ä.)

Erste Projekterfahrung im Software Engineering z.B. im Rahmen eines Praktikums

Leidenschaft an innovativen Technologien, Methoden und Themen wie Machine Learning, Data Analytics oder Stream Analytics

Teamplayer und starke kommunikative Fähigkeiten

Professionelles Auftreten und fliessende Deutsch- und Englischkenntnisse

Das sind unsere Benefits für dich

Entwicklung + Perspektive: Individuelle Weiterbildungs- und Entwicklungsmöglichkeiten basierend auf deinen Karrierevorstellungen

Gemeinsame Aktivitäten: Nach getaner Arbeit treffen wir uns auch gerne mal zum Sport oder Feierabendbier

Garantierte Abwechslung: Verschiedene Kunden, Themen, Methoden und Technologien – als Consultant wird es nicht langweilig

Hardfacts

Dein Arbeitsort ist vor Ort beim Kunden in der Deutschschweiz (ZH, LU, BS, BE)

80-100% Pensum

Dieses Stelleninserat umschreibt ein Szenario, das dich in einem Projekt erwarten könnte. Wir suchen daher Talente, die für verschiedene Themen und Technologien offen sind.

«We hire for attitude and train for skills» – Wir erwarten nicht, dass du bereits mehrjährige Berufserfahrung mitbringst. Vielmehr wollen wir dich gezielt fördern. Bist du technisch affin und hast Freude an Kundenkontakt und Beratung? Magst du es technisch hands-on zu arbeiten? Dann ist ipt genau die richtige Firma!

P.S. Wir schauen optimistisch in die Zukunft und suchen auch in Zeiten von COVID-19 passende Bewerbende, die unser Team verstärken und uns weiterbringen.

Hast du Fragen?

Simal Papadopoulos
Human Resources

Wir freuen uns auf deine Bewerbung
Anrede Herr Frau Vorname Name E-Mail Telefon Dein Xing-Profil Dein Linkedin-Profil Bewerbungsschreiben

.pdf, .doc, .docx, .zip (max. 20MB)

Lebenslauf

.pdf, .doc, .docx, .zip (max. 20MB)

Weitere Dokumente

.pdf, .doc, .docx, .zip (max. 20MB)

Weitere Links Bemerkung Wie bist du auf ipt aufmerksam geworden? Ich habe die Datenschutzbestimmungen gelesen und bin damit einverstanden. Comments","ML Engineering Consultant

We are a Swiss IT consulting company. We develop innovative solutions on-site at the customer's location. We have been around for over 20 years, but we still maintain a start-up mentality – 160 people, flat hierarchy, no politics, lots of fun! People First is our motto! Everyone can contribute and become an expert. Knowledge is shared, and mutual support is central. We’re ONE team!

Have you recently completed your studies successfully or are you about to graduate? Then take the step into the world of IT consulting.

Your Challenges

- Help the client implement the ML strategy
- Work in a mixed team (internal & client) and act as a link between software development and data science
- Gather requirements for machine learning and advanced analytics cases and implement them using modern technologies
- Ensure the operationalization and management of ML models and bring trained models to production level
- Define data pipelines for clean reproducibility and operationally scalable data management

What you bring

- Completed degree (Computer Science, Business Informatics, Mathematics, Electrical Engineering, Physics, or similar)
- Initial project experience in software engineering, e.g., during an internship
- Passion for innovative technologies, methods, and topics such as machine learning, data analytics, or stream analytics
- Team player with strong communication skills
- Professional demeanor and fluent German and English skills

Our benefits for you

- Development + Perspective: Individual training and development opportunities based on your career goals
- Group activities: After work, we also like to meet for sports or a beer
- Guaranteed variety: Different clients, topics, methods, and technologies – as a consultant, it will never get boring

Hard facts

- Your workplace is on-site at the client in German-speaking Switzerland (ZH, LU, BS, BE)
- 80-100% workload

This job posting describes a scenario you might encounter in a project. We are therefore looking for talents who are open to various topics and technologies.

“We hire for attitude and train for skills” – We do not expect you to already have several years of professional experience. Instead, we want to support you specifically. Are you technically inclined and enjoy customer contact and consulting? Do you like working hands-on technically? Then ipt is the right company for you!

P.S. We look optimistically into the future and are still seeking suitable applicants to strengthen and advance our team, even in times of COVID-19.

Do you have questions?

Simal Papadopoulos
Human Resources

We look forward to your application
Salutation Mr. Mrs. First Name Last Name Email Phone Your Xing profile Your LinkedIn profile Cover letter

.pdf, .doc, .docx, .zip (max. 20MB)

Resume

.pdf, .doc, .docx, .zip (max. 20MB)

Additional documents

.pdf, .doc, .docx, .zip (max. 20MB)

Additional links Remarks How did you find out about ipt? I have read the data protection regulations and agree to them.","{
  ""ai_application_tasks"": [
    {
      ""task_id"": 1,
      ""ai_capability"": ""Generate predictive insights and advanced analytics outputs from data via machine‑learning algorithms to meet client requirements."",
      ""brief_description"": ""Implementation of machine‑learning and advanced‑analytics cases to meet client requirements."",
      ""raw_excerpt"": ""Gather requirements for machine learning and advanced analytics cases and implement them using modern technologies"",
      ""explanation"": ""This line specifies that ML/analytics solutions will be built to satisfy business use cases; the resulting models perform the analytical or predictive work, not the engineers.""
    },
    {
      ""task_id"": 2,
      ""ai_capability"": ""Run real‑time stream‑analytics models that analyse continuous data flows to deliver immediate insights or alerts."",
      ""brief_description"": ""AI will execute stream analytics on live data sources."",
      ""raw_excerpt"": ""Passion for innovative technologies, methods, and topics such as machine learning, data analytics, or stream analytics"",
      ""explanation"": ""The mention of ‘stream analytics’ signals deployment of ML/analytics tools that automatically process streaming data; this is an AI function distinct from human engineering work.""
    },
    {
      ""task_id"": 3,
      ""ai_capability"": ""Serve trained ML models in production so they automatically generate predictions or decisions for end‑users and applications."",
      ""brief_description"": ""Operationalized models will run in production to deliver automated outputs."",
      ""raw_excerpt"": ""Ensure the operationalization and management of ML models and bring trained models to production level"",
      ""explanation"": ""Once operationalized, the models themselves carry out inference/prediction continuously; this is the automated task performed by the AI system.""
    },
    {
      ""task_id"": 4,
      ""ai_capability"": ""Automate data ingestion, cleaning, versioning, and storage through reproducible, scalable data pipelines that feed ML workloads for reproducibility and scalability."",
      ""brief_description"": ""Data pipelines will automatically manage data for reproducibility and scalability."",
      ""raw_excerpt"": ""Define data pipelines for clean reproducibility and operationally scalable data management"",
      ""explanation"": ""Data pipelines, once defined, execute unattended to prepare and supply data; these automated ETL/ELT operations are a functional capability of the ML‑enabled data platform.""
    }
  ]
}"
534ce75d-ec22-4099-8ecc-89cf0a309221,Technical IT Consultant,Innovation Process Technology AG,Kleinunternehmen,CH-6300 Zug,de,de,"Technical IT Consultant

Wir sind eine Schweizer IT-Consulting Firma. Wir bauen innovative Lösungen beim Kunden vor Ort. Uns gibt es schon seit über 20 Jahren, aber wir leben immer noch eine Start-up Mentalität – 160 Leute, Flat Hierarchy, No Politics, Lots of Fun! Bei uns gilt: People First! Jeder kann sich bei uns einbringen und zum Experten werden. Wissen wird geteilt und gegenseitige Unterstützung ist zentral. We’re ONE Team!

Hast du kürzlich dein Studium erfolgreich beendet oder stehst du gerade vor dem Abschluss? Dann wag den Schritt in die IT Consulting-Welt.

Deine Challenges

Einnahme einer spezifischen Rolle in einem mixed Projektteam (Kunde & ipt)

Entwicklung von IT-Lösungen für innovative Geschäftsideen in modernsten Themen wie Cloud, API Management oder Security

Umsetzung von individualisierten Software-Lösungen – sogenannte «asset-based Software Solutions» – mit Hilfe führender Produkte von Google Cloud, Kafka, Microsoft Azure, Red Hat u.a.

Stetige Übernahme von Verantwortung

Das bringst du mit

Abgeschlossenes Studium (Informatik, Wirtschaftsinformatik, Mathematik, Elektrotechnik, Physik)

Erste Projekterfahrung in der IT z.B. in der Softwareentwicklung

Breites Interesse an innovativen Technologien und Themen wie Cloud Computing, Machine Learning, API Management oder IT-Security

Konzeptionelle Fähigkeiten

Professionelles Auftreten und fliessende Deutsch- und Englischkenntnisse

Das sind unsere Benefits für dich

Bonus für alle gleich: Bonus gibt es bei uns für alle Mitarbeitende – und verteilt wird er proportional gleichmässig

Entwicklung & Perspektive: Individuelle Weiterbildungs- und Entwicklungsmöglichkeiten basierend auf deinen Karrierevorstellungen

Austausch unter Experten: Monatliche Mitarbeiterevents, TechBiers und Scrum`n`Wines garantieren Know-How Austausch und frische Ideen

Hardfacts

Dein Arbeitsort ist vor Ort beim Kunden in der Deutschschweiz (ZH, LU, BS, BE)

80-100% Pensum

Dieses Stelleninserat umschreibt ein Szenario, das dich in einem Projekt erwarten könnte. Wir suchen daher Talente, die für verschiedene Themen und Technologien offen sind.

«We hire for attitude and train for skills» – Wir erwarten nicht, dass du bereits mehrjährige Berufserfahrung mitbringst. Vielmehr wollen wir dich gezielt fördern. Bist du technisch affin und hast Freude an Kundenkontakt und Beratung? Magst du es technisch hands-on zu arbeiten? Dann ist ipt genau die richtige Firma!

P.S. Wir schauen optimistisch in die Zukunft und suchen auch in Zeiten von COVID-19 passende Bewerbende, die unser Team verstärken und uns weiterbringen.

Hast du Fragen?

Simal Papadopoulos
Human Resources

Wir freuen uns auf deine Bewerbung!
Anrede Herr Frau Vorname Name E-Mail Telefon Dein Xing-Profil Dein Linkedin-Profil Bewerbungsschreiben

.pdf, .doc, .docx, .zip (max. 20MB)

Lebenslauf

.pdf, .doc, .docx, .zip (max. 20MB)

Weitere Dokumente

.pdf, .doc, .docx, .zip (max. 20MB)

Weitere Links Bemerkung Wie bist du auf ipt aufmerksam geworden? Ich habe die Datenschutzbestimmungen gelesen und bin damit einverstanden. Comments","Technical IT Consultant

We are a Swiss IT consulting company. We develop innovative solutions on-site at the client's location. We have been around for over 20 years, but we still maintain a start-up mentality – 160 people, flat hierarchy, no politics, lots of fun! Our motto: People First! Everyone can contribute and become an expert. Knowledge is shared, and mutual support is central. We’re ONE Team!

Have you recently completed your studies successfully or are you about to graduate? Then take the step into the world of IT consulting.

Your Challenges

- Taking on a specific role within a mixed project team (client & ipt)
- Developing IT solutions for innovative business ideas in cutting-edge topics such as Cloud, API Management, or Security
- Implementing customized software solutions – so-called “asset-based Software Solutions” – using leading products from Google Cloud, Kafka, Microsoft Azure, Red Hat, and others
- Continually taking on responsibility

What you bring

- Completed degree (Computer Science, Business Informatics, Mathematics, Electrical Engineering, Physics)
- Initial project experience in IT, e.g., in software development
- Broad interest in innovative technologies and topics such as Cloud Computing, Machine Learning, API Management, or IT Security
- Conceptual skills
- Professional demeanor and fluent German and English skills

Our Benefits for You

- Bonus for everyone: We offer bonuses to all employees – and they are distributed proportionally and evenly
- Development & Perspective: Individual training and development opportunities based on your career goals
- Exchange among experts: Monthly employee events, TechBiers, and Scrum`n`Wines ensure knowledge sharing and fresh ideas

Hard Facts

- Your workplace is on-site at the client’s location in German-speaking Switzerland (ZH, LU, BS, BE)
- 80-100% workload

This job posting describes a scenario you might encounter in a project. We are therefore looking for talents who are open to various topics and technologies.

“We hire for attitude and train for skills” – We do not expect you to already have several years of professional experience. Instead, we want to support you specifically. Are you technically inclined and enjoy customer contact and consulting? Do you like working hands-on technically? Then ipt is the right company for you!

P.S. We look optimistically into the future and are still looking for suitable applicants to strengthen and advance our team, even in times of COVID-19.

Do you have questions?

Simal Papadopoulos  
Human Resources

We look forward to your application!  
Salutation Mr. Ms. First Name Last Name Email Phone Your Xing Profile Your LinkedIn Profile Cover Letter

.pdf, .doc, .docx, .zip (max. 20MB)

Resume

.pdf, .doc, .docx, .zip (max. 20MB)

Additional Documents

.pdf, .doc, .docx, .zip (max. 20MB)

Additional Links Remarks How did you find out about ipt? I have read the data protection regulations and agree to them. Comments","{
  ""ai_application_tasks"": []
}
"
63f682cc-a259-4680-9688-11dddcab823e,Software Development Engineer - Computer Vision m/w/d - part- or fulltime,Ivoclar Vivadent AG,Grossunternehmen,LI-9494 Schaan,en,en,"Software Development Engineer - Computer Vision m/w/d – part- or fulltime
Schaan, LiechtensteinWe are expanding our R&D software engineering team and are looking for several software development engineers. Together with a dynamic, international and highly motivated team, you will help shape our digital product range and drive digital transformation in dentistry. You work with latest technologies and equipment and have the possibility for further development. We look forward to hearing from you!

Your responsibilities

You develop new software products in the areas of scan, CAD, CAM for the dental market.

You contribute to the definition of software architecture and interfaces.

You collaborate with testing and operation teams.

You code frontend and backend requirements.

Depending on your skills and orientation you will be involved in these topics:

Creation and optimization database and geometric applications

Mesh modification and tool path calculation algorithms

3D rendering and visualization of freeform models in cloud solutions

Performance tuning and scalability

Machine learning

Your qualifications

You are fascinated by technology and you are eager to expand your knowledge.

You have a Bachelor’s degree in Computer Science, SW Engineering or comparable education and/or several years professional experience.

You have experience with Visual Studio, C#.

Experience in modern UI development for 3D-rendering as well as Blazor is an advantage.

In addition, experience with Microsoft Azure, Docker, Git and Jira is an advantage.

You convince us as a team player and with a reliable and cooperative personality.

You are fluent in English, German is an advantage

Join us on our journey to shape the future of dentistry

Ivoclar Vivadent is one of the world’s leading dental companies with 3600 employees. We love innovation and we thrive on it. We are known for our long-standing experience and high quality. We are guided by our strong values and the company culture of a sustainably operated family-owned business with a long-term vision.

Our mission is making people smile

In order to achieve this goal we are looking for people with good ideas, courage and exceptional drive: focused minds who share our passion. We offer a multifaceted work environment which is characterized by mutual respect and close collaboration. We translate words into action and continue to evolve. Become part of our team today.

Barbara Hasler  (+423 235 3157)freut sich auf Ihre Onlinebewerbung
Jetzt bewerben
Arbeiten bei Ivoclar Vivadent
www.ivoclarvivadent.com/karriere","Software Development Engineer - Computer Vision m/w/d – part- or fulltime
Schaan, LiechtensteinWe are expanding our R&D software engineering team and are looking for several software development engineers. Together with a dynamic, international and highly motivated team, you will help shape our digital product range and drive digital transformation in dentistry. You work with latest technologies and equipment and have the possibility for further development. We look forward to hearing from you!

Your responsibilities

You develop new software products in the areas of scan, CAD, CAM for the dental market.

You contribute to the definition of software architecture and interfaces.

You collaborate with testing and operation teams.

You code frontend and backend requirements.

Depending on your skills and orientation you will be involved in these topics:

Creation and optimization database and geometric applications

Mesh modification and tool path calculation algorithms

3D rendering and visualization of freeform models in cloud solutions

Performance tuning and scalability

Machine learning

Your qualifications

You are fascinated by technology and you are eager to expand your knowledge.

You have a Bachelor’s degree in Computer Science, SW Engineering or comparable education and/or several years professional experience.

You have experience with Visual Studio, C#.

Experience in modern UI development for 3D-rendering as well as Blazor is an advantage.

In addition, experience with Microsoft Azure, Docker, Git and Jira is an advantage.

You convince us as a team player and with a reliable and cooperative personality.

You are fluent in English, German is an advantage

Join us on our journey to shape the future of dentistry

Ivoclar Vivadent is one of the world’s leading dental companies with 3600 employees. We love innovation and we thrive on it. We are known for our long-standing experience and high quality. We are guided by our strong values and the company culture of a sustainably operated family-owned business with a long-term vision.

Our mission is making people smile

In order to achieve this goal we are looking for people with good ideas, courage and exceptional drive: focused minds who share our passion. We offer a multifaceted work environment which is characterized by mutual respect and close collaboration. We translate words into action and continue to evolve. Become part of our team today.

Barbara Hasler  (+423 235 3157)freut sich auf Ihre Onlinebewerbung
Jetzt bewerben
Arbeiten bei Ivoclar Vivadent
www.ivoclarvivadent.com/karriere","{
  ""ai_application_tasks"": [
    {
      ""task_id"": 1,
      ""ai_capability"": ""Capture and reconstruct high‑precision 3‑D dental scans using computer‑vision techniques for the dental market."",
      ""brief_description"": ""The software’s scan module converts intra‑oral imagery into detailed digital models of a patient’s dentition."",
      ""raw_excerpt"": ""You develop new software products in the areas of **scan**, CAD, CAM for the dental market."",
      ""explanation"": ""“Scan” is called out as a core product area for a Computer Vision engineer; in this context the AI system’s job is to automate the optical capture and geometric reconstruction of teeth and gums from images.""
    },
    {
      ""task_id"": 2,
      ""ai_capability"": ""Automatically modify and optimise 3‑D mesh models of teeth and restorations."",
      ""brief_description"": ""Algorithms clean, smooth or adapt free‑form meshes so they meet clinical and manufacturing tolerances without manual tweaking."",
      ""raw_excerpt"": ""**Mesh modification** and tool path calculation algorithms"",
      ""explanation"": ""The phrase “mesh modification” indicates an automated algorithmic workflow—often ML‑aided in dental CAD/CAM—that adjusts geometry (e.g., closing holes, smoothing surfaces) that technicians would otherwise edit by hand.""
    },
    {
      ""task_id"": 3,
      ""ai_capability"": ""Generate and optimise CNC tool paths for milling or printing dental restorations."",
      ""brief_description"": ""The CAM module calculates the precise cutter paths or additive layers needed to fabricate crowns, bridges and other appliances."",
      ""raw_excerpt"": ""Mesh modification and **tool path calculation algorithms**"",
      ""explanation"": ""‘Tool path calculation algorithms’ are explicitly named; in dental CAM these are often AI/heuristic‑driven solvers that turn a 3‑D model into machine instructions—thereby automating what a human CAM programmer would do.""
    },
    {
      ""task_id"": 4,
      ""ai_capability"": ""Render and stream interactive visualisations of complex free‑form dental models in the cloud."",
      ""brief_description"": ""A cloud service delivers real‑time 3‑D visualisation so clinicians can inspect designs without local GPU hardware."",
      ""raw_excerpt"": ""**3D rendering and visualization of freeform models in cloud solutions**"",
      ""explanation"": ""The job ad highlights cloud‑based 3‑D rendering; such services typically rely on GPU‑accelerated or AI‑assisted rendering pipelines that automate visualisation tasks previously limited to on‑premises workstations.""
    },
    {
      ""task_id"": 5,
      ""ai_capability"": ""Apply machine‑learning methods to enhance dental CAD/CAM workflows (e.g., prediction, segmentation, quality control)."",
      ""brief_description"": ""Machine‑learning components add adaptive or predictive capabilities across the scanning, design and manufacturing toolchain."",
      ""raw_excerpt"": ""**Machine learning**"",
      ""explanation"": ""Because “Machine learning” is listed as a dedicated topic, the advertised software is expected to embed ML models that automate tasks such as feature detection, error prediction or adaptive optimisation.""
    }
  ]
}"
54eef438-dcc3-43a5-b434-ad97e28136fb,Leiter Data Engineering (w/m/d) 80-100%,CKW AG,Mittelunternehmen,Emmen (Rathausen),de,de,"Mein zukünftiger Alltag

Als Leiter/in Data Engineering kümmerst du dich um alle Prozesse rund um die Generierung, Speicherung, Pflege, Aufbereitung, Anreicherung und Weitergabe von Daten

Du führst das Data Engineering Team und bist verantwortlich für den Betrieb und die Weiterentwicklung von datenintensiven Systemen on- Premise und in der Cloud

Zudem verantwortest du die Open Data und die Public API

Du baust Pipelines und Daten Produkte auf der Azure Databricks Plattform

Zudem führst du fachlich unsere Lieferanten

Was ich mitbringe

Abgeschlossenes Fachhochschulstudium in Informatik oder Statistik mit einer Weiterbildung in Data Engineering

Führungs- und Projekterfahrungen sowie Erfahrungen mit ETL-Prozessen (Azure Synapse Analytics und Databricks)

Kenntnisse im Kosten- und Budgetmanagement in Azure Cloud

Erfahrungen mit Datenbanken, Big Data Infrastrukturen, Machine Learning, Report Design (Power BI) sowie Python

Kenntnisse ins Data Produkten auf Basis von Spark (idealerweise Databricks)

Fliessende Deutsch- und Englischkenntnisse

Wer mir bei Fragen weiterhilft
Ana Arsic
Talent Acquisition Manager
Tel.: 041 249 58 07
Was mich erwartet

Gehalt und Sozialleistungen

Gehalt und Sozialleistungen

Markt- und leistungsgerechter Lohn sowie attraktiver Erfolgsbeteiligung. Finanziell gesunde Pensionskasse mit vorteilhaften Sparplänen und 60 Prozent Arbeitgeberbeitrag. 100 Prozent Lohnfortzahlung bei Krankheit, Unfall und Mutterschaftsurlaub.

Zusatzleistungen

Zusatzleistungen

Grosszügige Zusatzleistungen wie 16 Wochen Mutterschaftsurlaub, Beiträge an Kinderkrippe, Halbtax, Reka-Checks, Benzinrabatt, Mobile-Abos, Arbeitskleidung, kostenlose Parkplätze und vieles mehr.

Persönliche Förderung

Persönliche Förderung

Breites internes Kursangebot und Unterstützung bei externer Aus- und Weiterbildung. Mitarbeiterförderung mittels Potenzialerhebung sowie individuellem Entwicklungsplan, Talentmanagement, Coaching und Führungskräfteentwicklung.

Umfeld

Umfeld

Kollegiales und unkompliziertes Arbeitsklima mit Du-Kultur. Moderne Arbeitsplätze und -instrumente. Vielfältige Mitarbeiteranlässe wie Skitouren, Reussschwimmen oder Plauschkegeln.

Flexibilität und Teilzeit

Flexibilität und Teilzeit

Mindestens 5 Wochen Ferien, flexible Jahresarbeitszeit (Basis 40-Stunden-Woche), Möglichkeit von Teilzeitarbeit, Homeoffice, unbezahltem Urlaub sowie Ferienkauf.

Gesundheit

Gesundheit

Ganzheitliches betriebliches Gesundheitsmanagement. Höchste Sicherheitsansprüche mit vielseitigen Angeboten zur Förderung der Arbeitssicherheit.

Gehalt und Sozialleistungen
Markt- und leistungsgerechter Lohn sowie attraktiver Erfolgsbeteiligung. Finanziell gesunde Pensionskasse mit vorteilhaften Sparplänen und 60 Prozent Arbeitgeberbeitrag. 100 Prozent Lohnfortzahlung bei Krankheit, Unfall und Mutterschaftsurlaub.
Zusatzleistungen
Grosszügige Zusatzleistungen wie 16 Wochen Mutterschaftsurlaub, Beiträge an Kinderkrippe, Halbtax, Reka-Checks, Benzinrabatt, Mobile-Abos, Arbeitskleidung, kostenlose Parkplätze und vieles mehr.
Persönliche Förderung
Breites internes Kursangebot und Unterstützung bei externer Aus- und Weiterbildung. Mitarbeiterförderung mittels Potenzialerhebung sowie individuellem Entwicklungsplan, Talentmanagement, Coaching und Führungskräfteentwicklung.
Umfeld
Kollegiales und unkompliziertes Arbeitsklima mit Du-Kultur. Moderne Arbeitsplätze und -instrumente. Vielfältige Mitarbeiteranlässe wie Skitouren, Reussschwimmen oder Plauschkegeln.
Flexibilität und Teilzeit
Mindestens 5 Wochen Ferien, flexible Jahresarbeitszeit (Basis 40-Stunden-Woche), Möglichkeit von Teilzeitarbeit, Homeoffice, unbezahltem Urlaub sowie Ferienkauf.
Gesundheit
Ganzheitliches betriebliches Gesundheitsmanagement. Höchste Sicherheitsansprüche mit vielseitigen Angeboten zur Förderung der Arbeitssicherheit.
Warum CKW?

Entdecke hier, ein Umfeld voller positiver Energie.
Mehr erfahren
Meine Bewerbung

Hier findest du alles wichtige, damit deine Bewerbung zum Erfolg wird.
Mehr erfahren
Über CKW:

Die Energie- und Gebäudetechnikbranche ist eine faszinierende Branche mit Zukunft.
Mehr erfahren","My Future Daily Routine

As Head of Data Engineering, you will be responsible for all processes related to the generation, storage, maintenance, preparation, enrichment, and distribution of data.

You will lead the Data Engineering team and be responsible for the operation and further development of data-intensive systems on-premise and in the cloud.

Additionally, you will oversee open data and the public API.

You will build pipelines and data products on the Azure Databricks platform.

You will also provide technical leadership to our suppliers.

What I Bring

Completed university degree in Computer Science or Statistics with further training in Data Engineering.

Leadership and project experience, as well as experience with ETL processes (Azure Synapse Analytics and Databricks).

Knowledge of cost and budget management in Azure Cloud.

Experience with databases, Big Data infrastructures, Machine Learning, report design (Power BI), and Python.

Knowledge of data products based on Spark (ideally Databricks).

Fluent German and English skills.

Who Can Help Me with Questions
Ana Arsic
Talent Acquisition Manager
Phone: 041 249 58 07

What Awaits Me

Salary and Benefits

Competitive salary and social benefits.

Market- and performance-based pay as well as an attractive profit-sharing scheme. Financially healthy pension fund with favorable savings plans and 60 percent employer contribution. 100 percent salary continuation in case of illness, accident, and maternity leave.

Additional Perks

Generous additional benefits such as 16 weeks of maternity leave, contributions to childcare, Half-Fare travel card, Rega checks, fuel discounts, mobile subscriptions, work clothing, free parking, and much more.

Personal Development

Wide range of internal courses and support for external training and education. Employee development through potential assessments, individual development plans, talent management, coaching, and leadership development.

Work Environment

Collegial and straightforward working atmosphere with a culture of informal address. Modern workplaces and tools. Various employee events such as ski tours, swimming outings, or casual bowling.

Flexibility and Part-Time Options

At least 5 weeks of vacation, flexible annual working hours (based on a 40-hour week), options for part-time work, home office, unpaid leave, and vacation purchase.

Health

Comprehensive corporate health management. Highest safety standards with a variety of programs to promote occupational safety.

Why CKW?

Discover an environment full of positive energy here.
Learn More

My Application

Find everything you need here to make your application successful.
Learn More

About CKW:

The energy and building technology industry is a fascinating sector with a bright future.
Learn More","{
  ""ai_application_tasks"": [
    {
      ""task_id"": 1,
      ""ai_capability"": ""Automated ingestion, storage, cleaning, enrichment, and distribution of enterprise data across on‑premise and cloud environments."",
      ""brief_description"": ""Handles the entire data lifecycle – generation, storage, maintenance, preparation, enrichment and sharing – through data‑pipeline tooling."",
      ""raw_excerpt"": ""Generierung, Speicherung, Pflege, Aufbereitung, Anreicherung und Weitergabe von Daten"",
      ""explanation"": ""The ad frames these lifecycle steps as ongoing ‘Prozesse’; in modern data‑engineering stacks such processes are executed by automated pipelines rather than manual scripts.""
    },
    {
      ""task_id"": 2,
      ""ai_capability"": ""ETL pipelines in Azure Synapse Analytics and Databricks automatically integrate and transform heterogeneous data sources."",
      ""brief_description"": ""Runs ETL processes to load and reshape data via Azure Synapse Analytics and Databricks."",
      ""raw_excerpt"": ""Erfahrungen mit ETL‑Prozessen (Azure Synapse Analytics und Databricks)"",
      ""explanation"": ""ETL tooling in Synapse and Databricks performs extraction, transformation and loading once configured, so the work is carried out by the platform itself.""
    },
    {
      ""task_id"": 3,
      ""ai_capability"": ""Distributed big‑data processing on Spark within Azure Databricks to build and refresh data products and pipelines."",
      ""brief_description"": ""Executes large‑scale Spark jobs that generate data products on the Databricks platform."",
      ""raw_excerpt"": ""Du baust Pipelines und Daten Produkte auf der Azure Databricks Plattform"",
      ""explanation"": ""Spark clusters automate parallel computation, letting the system (rather than humans) process large datasets and materialise data products.""
    },
    {
      ""task_id"": 4,
      ""ai_capability"": ""Training and running machine‑learning models on the big‑data infrastructure to deliver analytical or predictive outputs."",
      ""brief_description"": ""Applies machine‑learning techniques to the organisation’s datasets within the scalable environment."",
      ""raw_excerpt"": ""Erfahrungen mit Datenbanken, Big Data Infrastrukturen, Machine Learning"",
      ""explanation"": ""By citing ‘Machine Learning’ alongside big‑data infrastructure, the ad implies ML pipelines that automate insight generation or prediction at scale.""
    },
    {
      ""task_id"": 5,
      ""ai_capability"": ""Publishing curated datasets through an Open‑Data portal and programmatically via a Public API, enabling self‑service access."",
      ""brief_description"": ""Serves data externally via Open Data and Public API endpoints without manual file transfers."",
      ""raw_excerpt"": ""Zudem verantwortest du die Open Data und die Public API"",
      ""explanation"": ""An Open‑Data platform and Public API automate dataset delivery, letting external consumers retrieve information on demand.""
    },
    {
      ""task_id"": 6,
      ""ai_capability"": ""Automated generation and refresh of interactive analytical reports and dashboards using Power BI."",
      ""brief_description"": ""Builds and updates Power BI reports drawing directly from underlying data sources."",
      ""raw_excerpt"": ""Erfahrungen mit … Report Design (Power BI)"",
      ""explanation"": ""Power BI’s reporting engine renders visualisations and schedules refreshes automatically, so insights are produced by the tool rather than manually.""
    }
  ]
}
"
83d568e1-ff2a-47b5-89eb-07d4705290ed,SOFTWARE DEVELOPMENT ENGINEER (m/f) - part- or fulltime,Ivoclar Vivadent AG,Grossunternehmen,LI-9494 Schaan,en,en,"SOFTWARE DEVELOPMENT ENGINEER (m/f) - part- or fulltime
Schaan, LiechtensteinWe are expanding our R&D software engineering team and are looking for several software development engineers. Together with a dynamic, international and highly motivated team, you will help shape our digital product range and drive digital transformation in dentistry. You work with latest technologies and equipment and have the possibility for further development. We look forward to hearing from you!

Your responsibilities

You develop new software products in the areas of scan, CAD, CAM for the dental market.

Your contribute to the definition of software architecture and interfaces

You collaborate with testing and operation teams

Depending on your skills and orientation you will be involved in these topics:

Creation and optimization of mathematical and geometric algorithms for mesh operations, nesting, milling path calculation, slicing

3D rendering and visualization of freeform models

Performance tuning and scalability

Machine learning

Your qualifications

Your are fascinated by technology and you are eager to expand your knowledge.

You have a Bachelor’s or Master's degree in Computer Science, Software Engineering, Mechatronics or a comparable education and/or professional experience.

You have experience with Visual Studio and C#.

Experience in modern desktop-UI develoment for 3D-rendering is a big advantage. (e.g. Unity)

In addition, experience with C++, Git and Jira is an advantage.

You convince us as a team player, reliable and cooperative personality.

You are fluent in English and German

Join us on our journey to shape the future of dentistry

Ivoclar Vivadent is one of the world’s leading dental companies with 3600 employees. We love innovation and we thrive on it. We are known for our long-standing experience and high quality. We are guided by our strong values and the company culture of a sustainably operated family-owned business with a long-term vision.

Our mission is making people smile

In order to achieve this goal we are looking for people with good ideas, courage and exceptional drive: focused minds who share our passion. We offer a multifaceted work environment which is characterized by mutual respect and close collaboration. We translate words into action and continue to evolve. Become part of our team today.

Barbara Hasler  (+423 235 3157)looks forward to receiving your online job application.
Apply now
Working at Ivoclar Vivadent
www.ivoclarvivadent.com/career","SOFTWARE DEVELOPMENT ENGINEER (m/f) - part- or fulltime
Schaan, LiechtensteinWe are expanding our R&D software engineering team and are looking for several software development engineers. Together with a dynamic, international and highly motivated team, you will help shape our digital product range and drive digital transformation in dentistry. You work with latest technologies and equipment and have the possibility for further development. We look forward to hearing from you!

Your responsibilities

You develop new software products in the areas of scan, CAD, CAM for the dental market.

Your contribute to the definition of software architecture and interfaces

You collaborate with testing and operation teams

Depending on your skills and orientation you will be involved in these topics:

Creation and optimization of mathematical and geometric algorithms for mesh operations, nesting, milling path calculation, slicing

3D rendering and visualization of freeform models

Performance tuning and scalability

Machine learning

Your qualifications

Your are fascinated by technology and you are eager to expand your knowledge.

You have a Bachelor’s or Master's degree in Computer Science, Software Engineering, Mechatronics or a comparable education and/or professional experience.

You have experience with Visual Studio and C#.

Experience in modern desktop-UI develoment for 3D-rendering is a big advantage. (e.g. Unity)

In addition, experience with C++, Git and Jira is an advantage.

You convince us as a team player, reliable and cooperative personality.

You are fluent in English and German

Join us on our journey to shape the future of dentistry

Ivoclar Vivadent is one of the world’s leading dental companies with 3600 employees. We love innovation and we thrive on it. We are known for our long-standing experience and high quality. We are guided by our strong values and the company culture of a sustainably operated family-owned business with a long-term vision.

Our mission is making people smile

In order to achieve this goal we are looking for people with good ideas, courage and exceptional drive: focused minds who share our passion. We offer a multifaceted work environment which is characterized by mutual respect and close collaboration. We translate words into action and continue to evolve. Become part of our team today.

Barbara Hasler  (+423 235 3157)looks forward to receiving your online job application.
Apply now
Working at Ivoclar Vivadent
www.ivoclarvivadent.com/career","{
  ""ai_application_tasks"": [
    {
      ""task_id"": 1,
      ""ai_capability"": ""Automatically transform dental scan data into precise 3‑D surface meshes ready for CAD work."",
      ""brief_description"": ""The software ingests scan inputs and reconstructs usable models as the first step of the digital workflow."",
      ""raw_excerpt"": ""You develop new software products in the areas of scan, CAD, CAM for the dental market."",
      ""explanation"": ""The mention of dedicated “scan” software implies an automated function that converts raw intra‑oral or model scans into digital geometry without manual modeling.""
    },
    {
      ""task_id"": 2,
      ""ai_capability"": ""Perform automated mesh operations such as repair, smoothing, offsetting, and other geometric clean‑up steps on dental models."",
      ""brief_description"": ""Algorithms refine and correct 3‑D meshes before further CAD/CAM processing."",
      ""raw_excerpt"": ""Creation and optimization of mathematical and geometric algorithms for mesh operations, nesting, milling path calculation, slicing"",
      ""explanation"": ""The ad explicitly calls for algorithms that carry out ‘mesh operations’; these tasks are executed by the software itself, freeing technicians from manual mesh editing.""
    },
    {
      ""task_id"": 3,
      ""ai_capability"": ""Optimally nest multiple dental parts on a blank or build plate to minimize material waste and machining time."",
      ""brief_description"": ""The tool decides how to position many restorations within a single manufacturing job."",
      ""raw_excerpt"": ""…algorithms for mesh operations, nesting, milling path calculation, slicing"",
      ""explanation"": ""‘Nesting’ refers to automated placement optimization—a classic CAD/CAM automation frequently powered by heuristic or ML search strategies.""
    },
    {
      ""task_id"": 4,
      ""ai_capability"": ""Calculate efficient, collision‑free milling toolpaths tailored to each restoration’s geometry and the selected machine."",
      ""brief_description"": ""CAM software plans the step‑by‑step cutter movements for subtractive production."",
      ""raw_excerpt"": ""…algorithms for … milling path calculation…"",
      ""explanation"": ""The phrase “milling path calculation” denotes a core CAM automation: generating toolpaths algorithmically rather than by hand.""
    },
    {
      ""task_id"": 5,
      ""ai_capability"": ""Slice 3‑D dental models into printable layers for additive manufacturing workflows."",
      ""brief_description"": ""The application decomposes models into a sequence of 2‑D layers ready for printing."",
      ""raw_excerpt"": ""…algorithms for … slicing"",
      ""explanation"": ""‘Slicing’ is an automated step handled by software that prepares geometry for layer‑based printers, eliminating manual intervention.""
    },
    {
      ""task_id"": 6,
      ""ai_capability"": ""Render and visualize complex free‑form dental models in real time, enabling interactive inspection and modification."",
      ""brief_description"": ""The viewer delivers high‑quality, responsive 3‑D graphics of restorations and anatomical structures."",
      ""raw_excerpt"": ""3D rendering and visualization of freeform models"",
      ""explanation"": ""This line specifies that the system itself produces interactive visualizations, a task executed by GPU‑accelerated rendering algorithms rather than the user.""
    },
    {
      ""task_id"": 7,
      ""ai_capability"": ""Apply machine‑learning techniques within the CAD/CAM pipeline—for example to improve scan accuracy, automate design suggestions, or optimize machining parameters."",
      ""brief_description"": ""ML models enhance various stages of the digital dentistry workflow."",
      ""raw_excerpt"": ""Machine learning"",
      ""explanation"": ""The standalone topic ‘Machine learning’ signals the inclusion of data‑driven models that automatically learn patterns and optimize outcomes inside the product suite.""
    }
  ]
}
"
2373569c-24e8-422d-bb5c-84cc5f2276c7,Data Engineering Consultant,Innovation Process Technology AG,Kleinunternehmen,CH-6300 Zug,de,de,"Wir sind eine Schweizer IT Consulting Firma, fokussiert auf Software Integration. Wir bauen innovative Lösungen beim Kunden vor Ort. Uns gibt es schon seit über 20 Jahren, aber wir leben immer noch eine Start-up Mentalität – 130 Leute, Flat Hierarchy, No Politics, Lots of Fun! Bei uns gilt: People First! Jeder kann sich bei uns einbringen und zum Experten werden. Wissen wird geteilt und gegenseitige Unterstützung ist zentral. We’re ONE Team!

Deine Challenges

Du arbeitest in einem mixed Team (Kunde & ipt), wo du eine innovative, skalierbare Datenlösung im Bereich Big Data mit modernen Technologien implementierst

Kundenbedürfnisse abholen und verstehen, was für die Umsetzung der Big Data Projekte relevant ist

Du bereitest strukturierte und unstrukturierte Datenbestände mit unterschiedlichen Datentypen und Formaten für analytische Zwecke auf

Du unterstützt den Kunden durch agile Entwicklungsmethoden

Das bringst du mit

Abgeschlossenes Studium (Informatik, Wirtschaftsinformatik, Mathematik, Elektrotechnik, Physik o.ä.)

Erste Projekterfahrung im Software Engineering, z.B. im Rahmen eines Praktikums

Know-how in Big Data Technologien z.B Spark, Hadoop, Rapidminer, Hive oder Impala von Vorteil

Leidenschaft, sich schnell in neue Themen und Technologien einzuarbeiten

Teamplayer und starke kommunikative Fähigkeiten

Professionelles Auftreten und fliessende Deutsch- und Englischkenntnisse

Das sind unsere Benefits für dich

Entwicklung + Perspektive: Individuelle Weiterbildungs- und Entwicklungsmöglichkeiten basierend auf deinen Karrierevorstellungen

Gemeinsame Aktivitäten: Nach getaner Arbeit treffen wir uns auch gerne mal zum Sport oder Feierabendbier

Bring Your Own Device: Guthaben für eigene Devices, die du selber auswählst – ganz nach deinen Vorlieben

Weitere Benefits findest du hier

Das sind die Hard Facts

Dein Arbeitsort ist vor Ort beim Kunden in der Deutschschweiz (ZH, LU, BS, BE)

80-100% Pensum

Dieses Stelleninserat umschreibt ein Szenario, das dich in einem Projekt erwarten könnte. Wir suchen daher Talente, die für verschiedene Themen und Technologien offen sind.

«We hire for attitude and train for skills» – Wir erwarten nicht, dass du bereits mehrjährige Berufserfahrung mitbringst. Vielmehr wollen wir dich gezielt fördern. Bist du technisch affin und hast Freude an Kundenkontakt und Beratung? Magst du es technisch hands-on zu arbeiten? Dann ist ipt genau die richtige Firma!

Wir freuen uns schon jetzt auf deine Bewerbung!

Jetzt bewerben!

Noch Fragen?

Simal PapadopoulosHR Specialist
Nachricht schicken
ipt als Arbeitgeber

Wir haben stolze und zufriedene Mitarbeitende. Überzeuge dich auf kununu.

«Machine Learning wird Menschen ersetzen»

Werden Maschinen uns Menschen in Zukunft komplett ablösen? Manuela Züger bringt Klarheit in diese Behauptung und zwar gleich hier:

Zum Mythos

Dein Arbeitsplatz als ipt-Consultant
In der DeutschschweizVor Ort beim KundenGemeinsam im Team","We are a Swiss IT consulting company focused on software integration. We develop innovative solutions on-site at the customer's location. We have been around for over 20 years, but we still maintain a start-up mentality – 130 people, flat hierarchy, no politics, lots of fun! Our motto: People First! Everyone can contribute and become an expert. Knowledge is shared, and mutual support is central. We’re ONE team!

Your Challenges

- You work in a mixed team (client & ipt), where you implement an innovative, scalable data solution in the Big Data area using modern technologies
- Gather and understand customer needs, focusing on what is relevant for the implementation of Big Data projects
- Prepare structured and unstructured data sets with different data types and formats for analytical purposes
- Support the customer through agile development methods

What you bring

- Completed degree (Computer Science, Business Informatics, Mathematics, Electrical Engineering, Physics, or similar)
- Initial project experience in software engineering, e.g., during an internship
- Know-how in Big Data technologies, e.g., Spark, Hadoop, RapidMiner, Hive, or Impala is a plus
- Passion for quickly learning new topics and technologies
- Team player with strong communication skills
- Professional demeanor and fluent German and English skills

Our Benefits for You

- Development + Perspective: Individual training and development opportunities based on your career goals
- Group Activities: After work, we also like to meet for sports or a beer
- Bring Your Own Device: Credit for your own devices, which you choose yourself – according to your preferences
- Find more benefits here

The Hard Facts

- Your workplace is on-site with the customer in German-speaking Switzerland (ZH, LU, BS, BE)
- 80-100% workload

This job posting describes a scenario you might encounter in a project. We are therefore looking for talents who are open to various topics and technologies.

“We hire for attitude and train for skills” – We do not expect you to already have several years of professional experience. Instead, we want to support you specifically. Are you technically inclined and enjoy customer contact and consulting? Do you like working hands-on technically? Then ipt is the right company for you!

We are already looking forward to your application!

Apply now!

Still have questions?

Simal Papadopoulos HR Specialist
Send a message
ipt as an employer

We have proud and satisfied employees. Convince yourself on kununu.

“Machine Learning will replace humans”

Will machines completely replace us humans in the future? Manuela Züger clarifies this claim right here:

Read more

Your workplace as an ipt consultant
In German-speaking Switzerland On-site with the customer Working together as a team","{
  ""ai_application_tasks"": [
    {
      ""task_id"": 1,
      ""ai_capability"": ""Distributed in‑memory processing of large structured and unstructured datasets to enable advanced analytics at scale."",
      ""brief_description"": ""The ad highlights Spark as a Big‑Data technology, which is used to process data in parallel and can run ML workloads."",
      ""raw_excerpt"": ""Know-how in Big Data Technologien z.B Spark, Hadoop, Rapidminer, Hive oder Impala von Vorteil"",
      ""explanation"": ""Apache Spark’s engine (including its MLlib library) automates the parallel transformation and analysis of very large datasets, performing those computations without manual, row‑by‑row intervention.""
    },
    {
      ""task_id"": 2,
      ""ai_capability"": ""Automated data‑mining workflow that trains and applies machine‑learning models for predictive analytics."",
      ""brief_description"": ""RapidMiner experience is listed; the platform automates building and applying ML models through visual pipelines."",
      ""raw_excerpt"": ""Know-how in Big Data Technologien z.B Spark, Hadoop, Rapidminer, Hive oder Impala von Vorteil"",
      ""explanation"": ""RapidMiner is an AI‑enabled tool that automatically handles algorithm selection, feature engineering, model training, and prediction generation, thus delivering end‑to‑end machine‑learning capabilities.""
    }
  ]
}
"
a7c2280f-25af-43c5-9633-66c74f29843d,Solution Architect (m/w),Innovation Process Technology AG,Kleinunternehmen,CH-6300 Zug,de,de,"Wir sind eine Schweizer IT Consulting Firma, fokussiert auf Software Integration. Wir bauen innovative Lösungen beim Kunden vor Ort. Uns gibt es schon seit über 20 Jahren, aber wir leben immer noch eine Start-up Mentalität – 130 Leute, Flat Hierarchy, No Politics, Lots of Fun! Bei uns gilt: People First! Jeder kann sich bei uns einbringen und zum Experten werden. Wissen wird geteilt und gegenseitige Unterstützung ist zentral. We’re ONE Team!

Deine Challenges

Du berätst unsere Kunden neutral, wie sie ihre aktuelle Systeme langfristig und stabil weiterentwickeln können (z.B. in API-Management, DevOps, Cloud Integration, Security oder Machine Learning). Das Ziel ist stets, die beste Lösung für und mit dem Kunden zusammen zu entwickeln und umzusetzen

Zusammen mit verschiedenen Stakeholder (Business, Security, Netzwerk, SW-Entwickler usw.) erarbeitest du neue Use Cases

Konzeption der technischen Lösungsarchitektur hinsichtlich Industry Best-Practices, Technologietrends und den lokalen Gegebenheiten des Kunden

Entwerfen einer ersten PoC Version, um dem Kunden den Nutzen aufzuzeigen

Du übernimmst den technischen Lead in der Umsetzung der Lösung und wendest state-of-the-art Tooling und agile Projektmethoden an

Du führst neue Projekt-Mitarbeitende ein und coacht das Team

Das bringst du mit

5+ Jahre Projekterfahrung im Software Engineering und/oder Softwarearchitektur

Erfahrung mit verschiedenen IT-Architekturen

Guter Überblick über aktuelle Trends in der IT Industrie (Cloud Native, Machine Learning, Severless, o.ä.)

Abgeschlossenes Studium (Informatik, Wirtschaftsinformatik, Mathematik, Elektrotechnik, Physik o.ä.)

Teamplayer und starke kommunikative Fähigkeiten

Professionelles Auftreten und fliessende Deutsch- und Englischkenntnisse

Das sind unsere Benefits für dich

Austausch unter Experten: Monatliche Mitarbeiterevents, TechBiers und Scrum’n’Wines garantieren Know-How Austausch und frische Ideen

Bonus für alle gleich: Bonus gibt es bei uns für alle Mitarbeitenden – und verteilt wird er proportional gleichmässig

Entwicklung + Perspektive: Individuelle Weiterbildungs- und Entwicklungsmöglichkeiten basierend auf deinen Karrierevorstellungen

Weitere Benefits findest du hier

Das sind die Hard Facts

Dein Arbeitsort ist vor Ort beim Kunden in der Deutschschweiz (ZH, LU, BS, BE)

80-100% Pensum

Dieses Stelleninserat umschreibt ein Szenario, das dich in einem Projekt erwarten könnte. Wir suchen daher Talente die für verschiedene Themen und Technologien offen sind.

Wir freuen uns schon jetzt auf deine Bewerbung!

Jetzt bewerben!

Noch Fragen?

Sina BrunTalent Acquisition Expert
Nachricht schicken
ipt als Arbeitgeber

Wir haben stolze und zufriedene Mitarbeitende. Überzeuge dich auf kununu.

Fred über sein Leben als ipt Consultant

Wie man sich einen ganz normalen Alltag bei ipt vorstellen kann, zeigt hier unser Lead Consultant Fred!

Dein Arbeitsplatz als ipt-Consultant
In der DeutschschweizVor Ort beim KundenGemeinsam im Team","We are a Swiss IT consulting company focused on software integration. We develop innovative solutions on-site at the customer's location. We have been around for over 20 years, but we still maintain a start-up mentality – 130 people, flat hierarchy, no politics, lots of fun! Our motto is: People First! Everyone can contribute and become an expert. Knowledge is shared, and mutual support is central. We’re ONE team!

Your Challenges

- You advise our clients neutrally on how to develop their current systems in a long-term and stable manner (e.g., in API management, DevOps, cloud integration, security, or machine learning). The goal is always to develop and implement the best solution together with the client.
- You work with various stakeholders (business, security, network, software developers, etc.) to develop new use cases.
- Design of the technical solution architecture considering industry best practices, technology trends, and the local conditions of the client.
- Create an initial proof-of-concept version to demonstrate the benefits to the client.
- You take on the technical lead in implementing the solution and apply state-of-the-art tooling and agile project methods.
- You onboard new project team members and coach the team.

What you bring

- 5+ years of project experience in software engineering and/or software architecture.
- Experience with various IT architectures.
- Good overview of current trends in the IT industry (cloud native, machine learning, serverless, etc.).
- Completed degree (computer science, business informatics, mathematics, electrical engineering, physics, or similar).
- Team player with strong communication skills.
- Professional appearance and fluent German and English skills.

Our benefits for you

- Exchange among experts: monthly employee events, TechBiers, and Scrum’n’Wines guarantee knowledge sharing and fresh ideas.
- Equal bonus for all: bonuses are awarded to all employees and distributed proportionally and evenly.
- Development + perspective: individual further training and development opportunities based on your career goals.
- Find more benefits here.

The hard facts

- Your workplace is on-site with the client in German-speaking Switzerland (ZH, LU, BS, BE).
- 80-100% workload.
- This job posting describes a scenario you might encounter in a project. We are therefore looking for talents who are open to various topics and technologies.

We are already looking forward to your application!

Apply now!

Still have questions?

Sina Brun
Talent Acquisition Expert
Send a message
ipt as employer

We have proud and satisfied employees. See for yourself on kununu.

Fred about his life as an ipt consultant

Here’s how a typical day at ipt might look, as shown by our lead consultant Fred!

Your workplace as an ipt consultant
In German-speaking Switzerland
On-site at the client
Together as a team","{
  ""ai_application_tasks"": [
    {
      ""task_id"": 1,
      ""ai_capability"": ""Integrate machine‑learning functionality into clients’ existing systems to support new business use cases."",
      ""brief_description"": ""Machine‑learning components are added to customer solutions as part of long‑term system evolution projects."",
      ""raw_excerpt"": ""…wie sie ihre aktuelle Systeme langfristig und stabil weiterentwickeln können (z.B. in API‑Management, DevOps, Cloud Integration, Security **oder Machine Learning**)."",
      ""explanation"": ""The advert explicitly lists “Machine Learning” as one of the technology areas in which solutions are built, implying that ML models or services will be embedded in client systems to automate or enhance specific functions.""
    }
  ]
}
"
65782da5-0cea-4f05-a6cd-628469b232d9,Data Scientist (w/m/d),CKW AG,Mittelunternehmen,Emmen (Rathausen),de,de,"Pensum: 80-100%
Mein zukünftiger Alltag
Als Data Scientist verantwortest du alle Pricing Tools der CKW, insbesondere die PriceEngine, welche für die Kundschaft individuelle Strompreise berechnet
Du bist der Data Product Owner der Open Data Initiative (opendata.ckw.ch)
Zudem führst du statistische Analysen auf strukturierten und unstrukturierten Daten aus
Du erstellst, testest und betreibst Machine Learning Modelle und koordinierst dich mit den Data Scientisten der Axpo Gruppe
Die Ausarbeitung und Umsetzung der AI-Strategie runden dein Tätigkeitsprofil ab
Was ich mitbringe
Abgeschlossene Ausbildung in Informatik oder Statistik auf Stufe FH
Weiterbildung im Bereich Data Science und/oder Machine Learning
Erfahrung im Schreiben von Machine Learning Modellen (Python) und mit individuellen Preisberechnungen
Kenntnisse im Umgang mit pySpark (Databricks) und Out-of-the-box denken
Neugierige Persönlichkeit mit Interesse an Statistik und mathematischen Modellen
Fliessende Deutsch- und Englischkenntnisse

Hast du Fragen zur Bewerbung?
041 249 58 19","Workload: 80-100%
My Future Daily Routine
As a Data Scientist, you will be responsible for all of CKW's pricing tools, especially the PriceEngine, which calculates individual electricity prices for customers.
You will serve as the Data Product Owner of the Open Data Initiative (opendata.ckw.ch).
Additionally, you will perform statistical analyses on structured and unstructured data.
You will develop, test, and operate machine learning models and coordinate with data scientists within the Axpo Group.
The development and implementation of the AI strategy will complete your job profile.
What I Bring
Completed education in computer science or statistics at the FH level.
Further training in Data Science and/or Machine Learning.
Experience in writing machine learning models (Python) and with individual price calculations.
Knowledge of working with pySpark (Databricks) and thinking out-of-the-box.
Curious personality with an interest in statistics and mathematical models.
Fluent in German and English.
Do you have questions about the application?
041 249 58 19","{
  ""ai_application_tasks"": [
    {
      ""task_id"": 1,
      ""ai_capability"": ""Automatically calculate personalized electricity rates for each customer by ingesting relevant pricing factors and running algorithmic pricing logic."",
      ""brief_description"": ""The PriceEngine tool computes individual power prices tailored to each customer."",
      ""raw_excerpt"": ""PriceEngine, welche für die Kundschaft individuelle Strompreise berechnet"",
      ""explanation"": ""The ad explicitly states that the PriceEngine ‘calculates individual electricity prices,’ indicating an automated pricing function delivered by the AI‑driven tool rather than a manual activity.""
    },
    {
      ""task_id"": 2,
      ""ai_capability"": ""Execute statistical analyses on both structured and unstructured datasets to uncover patterns, trends, and insights."",
      ""brief_description"": ""Automated statistical analysis is applied across varied data types."",
      ""raw_excerpt"": ""Zudem führst du statistische Analysen auf strukturierten und unstrukturierten Daten aus"",
      ""explanation"": ""Although the Data Scientist initiates the process, the analytic software itself performs the statistical computations on diverse datasets, which is the AI/ML‑enabled task implied here.""
    },
    {
      ""task_id"": 3,
      ""ai_capability"": ""Generate predictive outputs through deployed machine‑learning models to support pricing and other data‑driven decisions."",
      ""brief_description"": ""Operational ML models produce live predictions once built and deployed."",
      ""raw_excerpt"": ""Du erstellst, testest und betreibst Machine Learning Modelle"",
      ""explanation"": ""Once the models are in production, they continuously deliver predictions—this predictive function is the core AI capability referenced, distinct from the human effort of building or testing the models.""
    }
  ]
}
"
2ef6af6b-05fa-4098-b5da-6e452cf5c223,ML Engineering Consultant (m/w),Innovation Process Technology AG,Kleinunternehmen,CH-6300 Zug,de,de,"Wir sind eine Schweizer IT Consulting Firma, fokussiert auf Software Integration. Wir bauen innovative Lösungen beim Kunden vor Ort. Uns gibt es schon seit über 20 Jahren, aber wir leben immer noch eine Start-up Mentalität – 130 Leute, Flat Hierarchy, No Politics, Lots of Fun! Bei uns gilt: People First! Jeder kann sich bei uns einbringen und zum Experten werden. Wissen wird geteilt und gegenseitige Unterstützung ist zentral. We’re ONE Team!

Deine Challenges

Du verhilfst dem Kunden die ML-Strategie umzusetzen

Du bist in einem mixed Team (ipt & Kunde) und agierst als Bindeglied zwischen Software Entwicklung und Data Science

Du erhebst Requirements für Machine Learning und Advanced Analytics Cases und implementierst diese mit modernen Technologien

Für die Operationalisierung und den Betrieb von ML Modellen sorgen sowie die trainierten Modelle auf Produktionsniveau bringen

Du definierst Data Pipelines für eine saubere Reproduzierbarkeit und betriebsbereite Skalierbarkeit von Daten

Das bringst du mit

Abgeschlossenes Studium (Informatik, Wirtschaftsinformatik, Mathematik, Elektrotechnik, Physik o.ä.)

Erste Projekterfahrung im Software Engineering z.B. im Rahmen eines Praktikums

Leidenschaft an innovativen Technologien, Methoden und Themen wie Machine Learning, Data Analytics oder Stream Analytics

Teamplayer und starke kommunikative Fähigkeiten

Professionelles Auftreten und fliessende Deutsch- und Englischkenntnisse

Das sind unsere Benefits für dich

Entwicklung + Perspektive: Individuelle Weiterbildungs- und Entwicklungsmöglichkeiten basierend auf deinen Karrierevorstellungen

Gemeinsame Aktivitäten: Nach getaner Arbeit treffen wir uns auch gerne mal zum Sport oder Feierabendbier

Garantierte Abwechslung: Verschiedene Kunden, Themen, Methoden und Technologien – als Consultant wird es nicht langweilig

Weitere Benefits findest du hier

Das sind die Hard Facts

Dein Arbeitsort ist vor Ort beim Kunden in der Deutschschweiz (ZH, LU, BS, BE)

80-100% Pensum

Dieses Stelleninserat umschreibt ein Szenario, das dich in einem Projekt erwarten könnte. Wir suchen daher Talente die für verschiedene Themen und Technologien offen sind.

«We hire for attitude and train for skills» – Wir erwarten nicht, dass du bereits mehrjährige Berufserfahrung mitbringst. Vielmehr wollen wir dich gezielt fördern. Bist du technisch affin und hast Freude an Kundenkontakt und Beratung? Magst du es technisch hands-on zu arbeiten? Dann ist ipt genau die richtige Firma!

Wir freuen uns schon jetzt auf deine Bewerbung!

Jetzt bewerben!

Noch Fragen?

Simal PapadopoulosHR Specialist
Nachricht schicken
ipt als Arbeitgeber

Wir haben stolze und zufriedene Mitarbeitende. Überzeuge dich auf kununu.

Jenny über ihr Leben als ipt Consultant

Wie man sich einen ganz normalen Alltag bei ipt vorstellen kann, zeigt hier unsere Consultant Jenny!

Dein Arbeitsplatz als ipt-Consultant
In der DeutschschweizVor Ort beim KundenGemeinsam im Team","We are a Swiss IT Consulting company focused on software integration. We develop innovative solutions on-site at the customer's location. We have been around for over 20 years, but we still maintain a start-up mentality – 130 people, flat hierarchy, no politics, lots of fun! Our motto: People First! Everyone can contribute and become an expert. Knowledge is shared, and mutual support is central. We’re ONE Team!

Your Challenges

- Help the customer implement the ML strategy
- Work in a mixed team (internal & client) and act as a link between software development and data science
- Gather requirements for machine learning and advanced analytics cases and implement them using modern technologies
- Ensure the operationalization and deployment of ML models, bringing trained models to production level
- Define data pipelines for clean reproducibility and operationally scalable data management

What you bring

- Completed degree (Computer Science, Business Informatics, Mathematics, Electrical Engineering, Physics, or similar)
- Initial project experience in software engineering, e.g., during an internship
- Passion for innovative technologies, methods, and topics such as machine learning, data analytics, or stream analytics
- Team player with strong communication skills
- Professional demeanor and fluent in German and English

Our Benefits for You

- Development + Perspective: Individual training and development opportunities based on your career goals
- Group Activities: After work, we also like to meet for sports or a beer
- Guaranteed Variety: Different clients, topics, methods, and technologies – as a consultant, it never gets boring
- Find more benefits here

The Hard Facts

- Your workplace is on-site at the client in German-speaking Switzerland (ZH, LU, BS, BE)
- 80-100% workload

This job posting describes a scenario you might encounter in a project. We are therefore looking for talents who are open to various topics and technologies.

“We hire for attitude and train for skills” – We do not expect you to already have several years of professional experience. Instead, we want to support you specifically. Are you technically inclined and enjoy customer contact and consulting? Do you like working hands-on technically? Then ipt is the right company for you!

We are already looking forward to your application!

Apply now!

Still have questions?

Simal Papadopoulos HR Specialist
Send a message
ipt as an employer

We have proud and satisfied employees. Convince yourself on kununu.

Jenny about her life as an ipt Consultant

Here’s how a typical day at ipt might look, as shared by our consultant Jenny!

Your workplace as an ipt Consultant
In German-speaking Switzerland On-site at the client’s location Working together in a team","{
  ""ai_application_tasks"": [
    {
      ""task_id"": 1,
      ""ai_capability"": ""Deliver real‑time or batch predictions by running trained machine‑learning models in a production environment."",
      ""brief_description"": ""Once operationalized, the models automatically generate predictions or decisions for end‑users or downstream systems."",
      ""raw_excerpt"": ""„… sowie die trainierten Modelle auf Produktionsniveau bringen“"",
      ""explanation"": ""The excerpt indicates that trained ML models will be promoted to production, implying their automated role is to perform inference and supply predictive outputs without further human intervention.""
    },
    {
      ""task_id"": 2,
      ""ai_capability"": ""Perform advanced analytics on customer data to uncover patterns, trends, and actionable insights."",
      ""brief_description"": ""AI‑enabled analytics components will examine diverse datasets to answer complex business questions and support data‑driven decisions."",
      ""raw_excerpt"": ""„Requirements für Machine Learning und Advanced Analytics Cases“"",
      ""explanation"": ""The reference to “Advanced Analytics Cases” signals that ML/analytics solutions are expected to carry out sophisticated data analyses beyond simple reporting.""
    },
    {
      ""task_id"": 3,
      ""ai_capability"": ""Analyze and act on streaming data in near real‑time through stream‑analytics techniques to deliver timely insights or trigger automated actions."",
      ""brief_description"": ""ML/analytics tooling will continuously process live data flows to deliver timely insights or trigger automated actions."",
      ""raw_excerpt"": ""„… Themen wie … Stream Analytics“"",
      ""explanation"": ""The explicit mention of “Stream Analytics” suggests AI systems designed to handle continuous, high‑velocity data streams, automatically extracting insights as the data arrives.""
    }
  ]
}"
bf6da607-3245-4494-a743-45ae06b8e5d1,Machine Learning & Analytics Consultant,Innovation Process Technology AG,Kleinunternehmen,CH-6300 Zug,de,de,"Machine Learning & Analytics Consultant

Hast du kürzlich dein Studium erfolgreich beendet oder stehst du gerade vor deinem Abschluss? Dann wage den Schritt in die IT-Consulting-Welt. Der Beruf als Machine Learning & Analytics Consultant verbindet Mensch und Maschine. Du hilfst Kunden innovative IT-Projekte umzusetzen. Bewirb dich jetzt und wir ermöglichen dir einen reibungslosen Einstieg.

«We hire for attitude and train for skills» – Wir erwarten nicht, dass du bereits mehrjährige Erfahrung als Consultant mitbringst. Vielmehr wollen wir dich gezielt fördern. Bist du technisch affin und hast Freude an Kundenkontakt und Beratung? Liebst du es Hands-on und im Team zu arbeiten? Dann ist ipt genau die richtige Firma für dich!

Was wir für dich tun

Ein Coach aus der Geschäftsleitung betreut dich individuell

Du arbeitest partnerschaftlich in einem hochqualifizierten Team

Du lernst unterschiedliche Kunden und Technologien kennen

Deine persönliche Entwicklung kannst du selber mit gestalten

Wir fördern den Austausch untereinander z.B. bei monatlichen Treffen

Was du bei uns tust

Du bist Teil eines Projektteams (3 – 5 Personen) und nimmst eine spezifische Rolle ein

Du arbeitest Hands-on und berätst unsere Kunden vor Ort

Du entwickelst innovative Geschäftsideen in modernsten Themen (Machine Learning, Analytics)

Du machst individualisierte Software-Lösungen – sogenannte «asset-based Software Solutions» – mit Hilfe führender Produkte (Appway, IBM, Microsoft Azure, Oracle u.a.)

Du kannst Verantwortung übernehmen

Was du mitbringst

Abgeschlossenes Studium in Informatik, Wirtschaftsinformatik, Elektrotechnik oder Mathematik (FH, Uni oder ETH)

Begeisterung für moderne IT-Technologien und innovative Ideen

Erste IT-Projekterfahrungen (vorzugsweise in der Softwareentwicklung) im Rahmen deines Studiums oder Berufslebens

Freude an Beratung, Kommunikation und Zusammenarbeit mit Kunden und Teamkollegen

Selbstbewusstes Auftreten und fliessende Deutsch- und Englischkenntnisse

Wir sind eine Schweizer Consulting Boutique fokussiert auf Software Integration. Uns gibt es schon seit 20 Jahren, aber wir leben immer noch eine Start-up Mentalität – 100 Leute, flache Hierarchien und jede Menge Spass! Die Zukunft gehört uns, denn wir sind richtig gut in IT und richtig nah am Business. Fokussiert auf die Schweiz, vor Ort bei unseren Kunden. Wir glauben an Schweizer Qualität statt Nearshoring / Offshoring.

Bei ipt kannst du über dich hinauswachsen.Join us!

Kontakt

Sina Brun

HR Specialist
Tel. 041 727 25 25
jobs@ipt.ch

Jetzt bewerben

Du willst mehr Insights? Frag unsere IT Consultants

Frag Amancio

Frag Floarea

Frag Thomas

Ps: Insider-News auf Facebook, YouTube und ipt-Blog","Machine Learning & Analytics Consultant

Have you recently completed your studies successfully or are you about to graduate? Then take the step into the world of IT consulting. The profession as a Machine Learning & Analytics Consultant combines people and machines. You help clients implement innovative IT projects. Apply now, and we will ensure a smooth entry into your career.

«We hire for attitude and train for skills» – We do not expect you to already have several years of experience as a consultant. Instead, we want to support your development specifically. Are you technically inclined and enjoy customer contact and consulting? Do you love working hands-on and in a team? Then ipt is the right company for you!

What we do for you

A coach from management will mentor you individually

You work collaboratively within a highly qualified team

You will get to know different clients and technologies

You can actively shape your personal development

We promote exchange among colleagues, e.g., through monthly meetings

What you do with us

You are part of a project team (3 – 5 people) and take on a specific role

You work hands-on and advise our clients on-site

You develop innovative business ideas in cutting-edge topics (Machine Learning, Analytics)

You create customized software solutions – so-called «asset-based Software Solutions» – using leading products (Appway, IBM, Microsoft Azure, Oracle, among others)

You can take on responsibility

What you bring with you

Completed studies in Computer Science, Business Informatics, Electrical Engineering, or Mathematics (FH, university, or ETH)

Enthusiasm for modern IT technologies and innovative ideas

Initial IT project experience (preferably in software development) during your studies or professional life

Enjoyment in consulting, communication, and collaboration with clients and team colleagues

Confident demeanor and fluent German and English skills

We are a Swiss consulting boutique focused on software integration. We have been around for 20 years, but we still maintain a start-up mentality – 100 people, flat hierarchies, and lots of fun! The future belongs to us because we are really good at IT and very close to the business. Focused on Switzerland, on-site with our clients. We believe in Swiss quality rather than nearshoring/offshoring.

At ipt, you can grow beyond yourself. Join us!

Contact

Sina Brun

HR Specialist  
Tel. 041 727 25 25  
jobs@ipt.ch

Apply now

Want more insights? Ask our IT Consultants

Ask Amancio

Ask Floarea

Ask Thomas

Ps: Insider news on Facebook, YouTube, and ipt blog","{
  ""ai_application_tasks"": [
    {
      ""task_id"": 1,
      ""ai_capability"": ""Provide data‑analytics and machine‑learning models that turn client data into actionable business insights or forecasts for customers."",
      ""brief_description"": ""The advertised role centres on delivering machine‑learning and analytics solutions that surface new, insight‑driven business ideas for customers."",
      ""raw_excerpt"": ""Du entwickelst innovative Geschäftsideen in modernsten Themen (Machine Learning, Analytics)"",
      ""explanation"": ""This excerpt explicitly names Machine Learning and Analytics as the technical topics through which new business ideas are developed, implying AI systems that analyse data and generate insight or predictions.""
    },
    {
      ""task_id"": 2,
      ""ai_capability"": ""Deploy bespoke, ‘asset‑based’ software solutions that embed pre‑built AI/ML services from platforms such as Appway, IBM, Microsoft Azure or Oracle to automate client‑specific workflows."",
      ""brief_description"": ""Clients receive customised applications that integrate cloud‑platform AI capabilities rather than hand‑coding every function from scratch."",
      ""raw_excerpt"": ""Du machst individualisierte Software‑Lösungen – sogenannte «asset‑based Software Solutions» – mit Hilfe führender Produkte (Appway, IBM, Microsoft Azure, Oracle u.a.)"",
      ""explanation"": ""The phrase ‘asset‑based Software Solutions’ together with the list of AI‑enabled platforms signals that the delivered software will incorporate ready‑made AI/ML building blocks (e.g., Azure Cognitive Services) to automate tasks inside the customer’s environment.""
    }
  ]
}"
c54a0723-edd7-422a-ab33-2cd5c3f6b248,Software Development Engineer m/f/d - part- or fulltime,Ivoclar Vivadent AG,Grossunternehmen,LI-9494 Schaan,en,en,"At Ivoclar, we support dentists, dental technicians and dental hygienists both professionally and personally in fulfilling their passion and purpose: to ensure that people have the best possible oral health care and quality of life, today and in the future. We are inspired by the knowledge that together we are better.
Do you want to work together with us to make people smile? Then come and join our global team as:
Software Development Engineer m/f/d – part- or fulltime
Location Schaan, Liechtenstein or Zurich, Switzerland
Your responsibilities:
Together with your team, you will shape the experience of our customers with exicting new software solutions for the dental market
Depending on your interest and skill your field of activity will be in CAD, CAM, mobile apps, cloud computing or AR/3D rendering
You are responsible for the further and new development of our software products and bring in your creative ideas to enable the best software experience for our customers and make people smile
You work in cross functional teams of developers, designers, quality engineers, project managers and other stakeholders
As a team player, your communication is open, transparent and comprehensive. You like to give constructive feedback and accept it gratefully
You contribute to the definition of software architecture and are interested in computer vision, AR, 3D rendering, HPC and cloud computing
Your qualifications:
A higher technical education in the field of computer science/software engineering or sufficient relevant professional experience
Your heart beats for software development and you have experience with Microsoft technology stacks.
You are familiar with the principles of agile software development
You have a flair for developing a good product, like interdisciplinary work and communication with your stakeholders
You are fluent in English, German is an advantage
Let’s achieve our goal together – If you are looking for a job where you can contribute actively, develop personally and professionally and make a lasting difference then this is the right place for you. As an international family business with a long-term perspective, we know that it is our 3500 employees that are the key to our success. Let’s achieve our goal together: Making people smile.
I am looking forward to your application:
Alfred Maier,
  Telefon +423 235 3497
alfred.maier@ivoclar.com
Apply now
ivoclar.com/career","At Ivoclar, we support dentists, dental technicians and dental hygienists both professionally and personally in fulfilling their passion and purpose: to ensure that people have the best possible oral health care and quality of life, today and in the future. We are inspired by the knowledge that together we are better.
Do you want to work together with us to make people smile? Then come and join our global team as:
Software Development Engineer m/f/d – part- or fulltime
Location Schaan, Liechtenstein or Zurich, Switzerland
Your responsibilities:
Together with your team, you will shape the experience of our customers with exicting new software solutions for the dental market
Depending on your interest and skill your field of activity will be in CAD, CAM, mobile apps, cloud computing or AR/3D rendering
You are responsible for the further and new development of our software products and bring in your creative ideas to enable the best software experience for our customers and make people smile
You work in cross functional teams of developers, designers, quality engineers, project managers and other stakeholders
As a team player, your communication is open, transparent and comprehensive. You like to give constructive feedback and accept it gratefully
You contribute to the definition of software architecture and are interested in computer vision, AR, 3D rendering, HPC and cloud computing
Your qualifications:
A higher technical education in the field of computer science/software engineering or sufficient relevant professional experience
Your heart beats for software development and you have experience with Microsoft technology stacks.
You are familiar with the principles of agile software development
You have a flair for developing a good product, like interdisciplinary work and communication with your stakeholders
You are fluent in English, German is an advantage
Let’s achieve our goal together – If you are looking for a job where you can contribute actively, develop personally and professionally and make a lasting difference then this is the right place for you. As an international family business with a long-term perspective, we know that it is our 3500 employees that are the key to our success. Let’s achieve our goal together: Making people smile.
I am looking forward to your application:
Alfred Maier,
  Telefon +423 235 3497
alfred.maier@ivoclar.com
Apply now
ivoclar.com/career","{
  ""ai_application_tasks"": [
    {
      ""task_id"": 1,
      ""ai_capability"": ""Computer‑vision system that analyses 2‑D/3‑D dental images and scans to identify anatomical structures and surface details."",
      ""brief_description"": ""AI processes intra‑oral photographs or scanner data so dentists and technicians get an automatically segmented, ready‑to‑use digital model."",
      ""raw_excerpt"": ""“You contribute to the definition of software architecture and are interested in **computer vision**, AR, 3D rendering, HPC and cloud computing”"",
      ""explanation"": ""The explicit mention of *computer vision* signals that the software incorporates CV algorithms; in the dental context this typically means automated interpretation of images or scans rather than manual analysis.""
    },
    {
      ""task_id"": 2,
      ""ai_capability"": ""AI‑assisted CAD module that generates and refines 3‑D restorations (crowns, bridges, splints, etc.) directly from digital impressions."",
      ""brief_description"": ""From the scanned tooth preparation, the system proposes a restoration design that the user can accept or fine‑tune."",
      ""raw_excerpt"": ""“Depending on your interest and skill your field of activity will be in **CAD**, CAM, mobile apps, cloud computing or AR/3D rendering”"",
      ""explanation"": ""Because CAD is highlighted as a core activity area, the corresponding software is expected to automate design creation—an AI/ML task common in modern dental CAD/CAM suites.""
    },
    {
      ""task_id"": 3,
      ""ai_capability"": ""Machine‑learning‑driven CAM engine that converts CAD files into optimized tool‑paths for milling or 3‑D printing dental parts."",
      ""brief_description"": ""The tool automatically selects burs, layer heights and machining strategies to speed production and cut material waste."",
      ""raw_excerpt"": ""“Depending on your interest and skill your field of activity will be in CAD, **CAM**, mobile apps, cloud computing or AR/3D rendering”"",
      ""explanation"": ""Listing CAM alongside CAD implies an end‑to‑end digital manufacturing workflow; modern CAM systems use optimization algorithms (often ML‑based) to automate tool‑path generation.""
    },
    {
      ""task_id"": 4,
      ""ai_capability"": ""Real‑time AR application that overlays 3‑D treatment simulations onto the patient or model for visualization and guidance."",
      ""brief_description"": ""Dentists view an augmented preview of the final restoration or drill path directly in the operatory through AR glasses or a tablet."",
      ""raw_excerpt"": ""“Depending on your interest and skill your field of activity will be in CAD, CAM, mobile apps, cloud computing or **AR/3D rendering**”"",
      ""explanation"": ""The explicit focus on AR/3‑D rendering indicates software that dynamically fuses live camera feeds with rendered prosthetic or anatomical models—an AI‑enabled visualization task.""
    },
    {
      ""task_id"": 5,
      ""ai_capability"": ""Cloud‑hosted, high‑performance computing (HPC) backend that runs heavy AI inference and complex 3‑D renderings at scale to cloud servers for rapid turnaround to chairside devices."",
      ""brief_description"": ""Compute‑intensive tasks (e.g., large AI segmentation models or photorealistic renders) are off‑loaded to cloud servers for rapid turnaround to chairside devices."",
      ""raw_excerpt"": ""“You contribute to the definition of software architecture and are interested in computer vision, AR, 3D rendering, **HPC and cloud computing**”"",
      ""explanation"": ""Mentioning HPC and cloud computing together shows the intent to delegate demanding AI workloads to a scalable backend, automating what would otherwise be local, manual compute provisioning.""
    }
  ]
}"
d64c80ea-d27b-4218-b4bb-c9e0a24f3f2f,Stagiaire Machine Learning (H/F),"Manufacture Jaeger-LeCoultre, Branch of Richemont International SA",Kleinunternehmen,"Le Sentier, VD, CH",fr,fr,"Postuler »Code de référence:  35217
Stagiaire Machine Learning (H/F)

Le Sentier, VD, CH
Trainee/Intern
Depuis sa création, Jaeger-LeCoultre a fait de la précision un art à part entière, en trouvant le parfait équilibre entre savoir-faire pointu et sens artistique, sophistication et finesse esthétique. Fidèle à l'esprit d'invention initié en 1833 par son fondateur Antoine LeCoultre, les artisans de la Manufacture créent des collections à la pointe de la Haute Horlogerie: Reverso, Master, Jaeger-LeCoultre Polaris, RendezVous et Atmos - ce riche héritage construit par la Grande Maison au fil des siècles est une source d'inspiration constante qui ne cesse de repousser les limites à travers des garde-temps sans précédent.

Pour notre Manufacture située au Sentier (Vallée de Joux - Canton de Vaud), au sein de la Direction Opérations et directement rattaché(e) au service Informatique, vous serez en charge de l’étude et du développement d’une solution devant intégrer un mécanisme de qualité prédictive visant à estimer le temps avant lequel un produit est susceptible d’être retourné au SAV.

Les étapes phares du projet :

Étudier les solutions à mettre en place et/ou reprendre les considérations du stagiaire précédent.

Étudier les flux au sein de l’entreprise et en déduire les modèles et algorithmes idoines.

Développement et mise en place de la solution jugée la plus adaptée.

Tester et affiner les performances de la solution.

Compétences développées durant le stage :

Capacité d’analyse et veille technologique.

Manipulation et traitement d’un gros volume de données.

Capacité relationnelle : écoute, dialogue et autonomie.

Sens critique et force de proposition.

Outils et notions abordés :

Datawarehouse et de Datalake.

Outils Big Data (Apache Hadoop, Spark, Storm, etc.)

Data mining

Algorithme de clustering (K-means, DBSCAN, etc.)

Outils et modèles de machine learning.

Postuler »","Apply »Reference code: 35217
Machine Learning Intern (M/F)

Le Sentier, VD, CH
Trainee/Intern
Since its founding, Jaeger-LeCoultre has made precision an art in its own right, finding the perfect balance between advanced know-how and artistic sense, sophistication and aesthetic finesse. True to the spirit of innovation initiated in 1833 by its founder Antoine LeCoultre, the artisans of the Manufacture create collections at the forefront of Haute Horlogerie: Reverso, Master, Jaeger-LeCoultre Polaris, RendezVous, and Atmos – this rich heritage built by the Maison over the centuries is a constant source of inspiration that continually pushes boundaries through unprecedented timepieces.

For our Manufacture located in Le Sentier (Vallée de Joux - Canton of Vaud), within the Operations Department and directly reporting to the IT department, you will be responsible for studying and developing a solution that integrates a predictive quality mechanism aimed at estimating the time before a product is likely to be returned to after-sales service.

Key stages of the project:

- Study the solutions to be implemented and/or review the considerations of the previous intern.
- Analyze the company's workflows and deduce the appropriate models and algorithms.
- Develop and implement the most suitable solution.
- Test and refine the performance of the solution.

Skills developed during the internship:

- Analytical skills and technological watch.
- Handling and processing large volumes of data.
- Interpersonal skills: listening, dialogue, and autonomy.
- Critical thinking and proactive suggestions.

Tools and concepts covered:

- Data warehouse and Data lake.
- Big Data tools (Apache Hadoop, Spark, Storm, etc.)
- Data mining.
- Clustering algorithms (K-means, DBSCAN, etc.)
- Machine learning tools and models.

Apply »","{
  ""ai_application_tasks"": [
    {
      ""task_id"": 1,
      ""ai_capability"": ""Forecast how long it will take before a finished watch is likely to be returned for after‑sales service."",
      ""brief_description"": ""The predictive‑quality engine outputs an estimated time‑to‑return for each product."",
      ""raw_excerpt"": ""« …intégrer un mécanisme de qualité prédictive visant à estimer le temps avant lequel un produit est susceptible d’être retourné au SAV. »"",
      ""explanation"": ""The advert explicitly states that the planned solution must predict the interval before a product comes back to the service center, making time‑to‑return prediction the core AI function.""
    },
    {
      ""task_id"": 2,
      ""ai_capability"": ""Automatically cluster historical product‑and‑service data to uncover groups of similar failure or return patterns."",
      ""brief_description"": ""Unsupervised algorithms such as K‑means or DBSCAN group comparable service‑return cases to refine the overall prediction model."",
      ""raw_excerpt"": ""« Algorithme de clustering (K-means, DBSCAN, etc.) »"",
      ""explanation"": ""The mention of clustering algorithms indicates that the system will use unsupervised learning to segment data, an AI workflow distinct from traditional rule‑based analytics.""
    },
    {
      ""task_id"": 3,
      ""ai_capability"": ""Mine large, heterogeneous operational datasets to extract features and patterns relevant to predictive quality."",
      ""brief_description"": ""Data‑mining routines sift through big‑data stores (Data Lake, Hadoop, Spark) to surface signals that feed the prediction engine."",
      ""raw_excerpt"": ""« Data mining »"",
      ""explanation"": ""‘Data mining’ in the tool list implies automated extraction of useful information from vast datasets, a capability typically delivered by AI/ML pipelines rather than manual analysis.""
    }
  ]
}
"
a88d2cd2-c6d7-4e64-b510-bed28b048ad2,Project Manager Software (m/w),Ivoclar Vivadent AG,Grossunternehmen,Schaan,de,de,"Project Manager Software (m/w)

Ivoclar Vivadent - Inspiriert zum Lächeln
Mit hochwertigen Erzeugnissen für die moderne Zahntechnik und Zahnmedizin sorgt Ivoclar Vivadent dafür, dass Menschen
gerne lächeln. Das gilt auch für die rund 3500 Mitarbeitenden in Schaan, Liechtenstein, und an 30 weiteren Standorten
rund um den Globus: An attraktiven Arbeitsplätzen lassen sie sich so zu innovativen Leistungen inspirieren, die Ivoclar
Vivadent zu einem der weltweit führenden Dentalunternehmen gemacht haben.
Zur Verstärkung unseres Teams in der Forschung & Entwicklung am Hauptsitz in Schaan, Liechtenstein, suchen wir einen:
1248 - Project Manager Software (m/w)
Ihre Aufgaben:
- Projektleitung von innovativen Softwarelösungen mit Fokus auf den Bereich Maschinensteuerung (CAD/CAM).
- Leitung von Software-Entwicklungsprojekten im Umfeld von zukunftsorientierten Technologien wie Augmented Reality
und Artificial Intelligence.
- Umsetzung innovativer Softwarelösungen vom Aufnehmen der Anforderungen und Projektplanung über die Evaluation und
Auswahl der Software-Entwicklungspartner bis zur Steuerung der Partner sowie der Durchführung und Dokumentation der
Projekte.
Ihr Profil:
- Abgeschlossene Ausbildung im Bereich Informatik, Softwareengineering (FH, Uni) oder eine vergleichbare Qualifikation
- Mehrjährige Projektmanagementerfahrung im technischen Umfeld
- Fundierte Kenntnisse in agilen Methoden, idealerweise mit Zertifizierung nach anerkannten internationalen Standards
(z.B. PMI, Scrum Master, Product Owner), vorzugsweise im industriellen Software-Entwicklungsumfeld
- Erfahrung im Management von Kooperationen und externen Partnern
- Freude an interdisziplinären und komplexen Aufgaben sowie innovativen Lösungen
- Eigenverantwortliche und flexible Persönlichkeit mit Stärke im Schnittstellenmanagement
- Kommunikationsfähigkeit, hohe Sozialkompetenz und Offenheit für interkulturelles Arbeiten
- Sehr gutes Deutsch und Englisch in Wort und Schrift
- Reisebereitschaft
Ihre Vorteile:
- Eine herausfordernde und abwechslungsreiche Tätigkeit in einem internationalen und professionellen Arbeitsumfeld
- Gestaltungsmöglichkeiten in zukunftsweisenden Themen
- Innovative, hochwertige Produkte und Systemlösungen
- Zusammenarbeit in einem passionierten und kollegialen Umfeld
- Moderne Arbeitsbedingungen, flexible Arbeitszeiten, marktgerechte Entlohnung und vorbildliche Gesundheitsförderung
Ihr Stellenantritt:
- nach Vereinbarung
Pascale Valenti +423 235 3043 freut sich auf Ihre OnlinebewerbungIch möchte mich bewerbenZurück zur Stellenübersicht","Project Manager Software (m/f)

Ivoclar Vivadent - Inspired to Smile
With high-quality products for modern dental technology and dentistry, Ivoclar Vivadent ensures that people enjoy smiling. This also applies to the approximately 3,500 employees in Schaan, Liechtenstein, and at 30 other locations around the world: they are inspired by attractive workplaces to deliver innovative services that have made Ivoclar Vivadent one of the leading dental companies worldwide.
To strengthen our team in Research & Development at the headquarters in Schaan, Liechtenstein, we are looking for:
1248 - Project Manager Software (m/f)
Your responsibilities:
- Leading innovative software solutions with a focus on machine control (CAD/CAM).
- Managing software development projects in the environment of future-oriented technologies such as Augmented Reality and Artificial Intelligence.
- Implementing innovative software solutions from requirements gathering and project planning through evaluation and selection of software development partners, to managing the partners as well as executing and documenting the projects.
Your profile:
- Completed education in Computer Science, Software Engineering (FH, University), or a comparable qualification
- Several years of project management experience in a technical environment
- Solid knowledge of agile methods, ideally with certification according to recognized international standards (e.g., PMI, Scrum Master, Product Owner), preferably in industrial software development
- Experience in managing collaborations and external partners
- Enjoyment of interdisciplinary and complex tasks as well as innovative solutions
- Self-reliant and flexible personality with strength in interface management
- Good communication skills, high social competence, and openness to intercultural work
- Very good German and English skills, both written and spoken
- Willingness to travel
Your benefits:
- A challenging and varied role in an international and professional work environment
- Opportunities to shape future-oriented topics
- Innovative, high-quality products and system solutions
- Collaboration in a passionate and collegial environment
- Modern working conditions, flexible working hours, market-competitive remuneration, and exemplary health promotion
Your start date:
- By arrangement
Pascale Valenti +423 235 3043 looks forward to your online application. I want to apply. Back to job overview","{
  ""ai_application_tasks"": [
    {
      ""task_id"": 1,
      ""ai_capability"": ""AI‑enabled machine control for dental CAD/CAM equipment that autonomously regulates and executes manufacturing operations."",
      ""brief_description"": ""Develop software that applies Artificial Intelligence to automate and optimize the control of CAD/CAM machinery used in dental production lines."",
      ""raw_excerpt"": ""- Projektleitung von innovativen Softwarelösungen mit Fokus auf den Bereich Maschinensteuerung (CAD/CAM)."",
      ""explanation"": ""The advertisement highlights software projects focused on machine control (CAD/CAM) and, in a separate bullet, positions Artificial Intelligence as a core technology; this implies an AI system that takes over or augments machine‑control tasks rather than relying solely on manual programming.""
    },
    {
      ""task_id"": 2,
      ""ai_capability"": ""Real‑time augmented‑reality visualisation driven by AI, providing contextual guidance and information overlays during dental workflows to clinicians and technicians in real time."",
      ""brief_description"": ""Create AI‑powered AR features that analyse the environment and display guidance or design data to clinicians and technicians in real time."",
      ""raw_excerpt"": ""- Leitung von Software-Entwicklungsprojekten im Umfeld von zukunftsorientierten Technologien wie Augmented Reality und Artificial Intelligence."",
      ""explanation"": ""Because Augmented Reality and Artificial Intelligence are listed together as target technologies, one expected AI function is to supply computer‑vision inference and content generation that feed AR overlays, automating visual guidance instead of manual look‑ups.""
    }
  ]
}"
a8f7af17-0c30-4035-a266-7ca62a70960b,Data Analyst / Data Surfer (m/w) 80-100%,CKW AG,Mittelunternehmen,Emmen (Rathausen),de,de,"Data Analyst / Data Surfer (m/w)
80-100% / Emmen (Rathausen)
Ihre Aufgaben

Analyse von strukturierten und unstrukturierten Kunden-, Markt- und Geschäftsdaten

Zur Optimierung des Kundenerlebnisses, von Konversionsraten, Senkung der Akquisitionskosten sowie Steigerung des Lifecycle Values

Erstellen von Modellen, Prognosen, Visualisierungen, Trendaussagen und deren Interpretationen

Aufbau, Management und Ownership einer integrierten Daten-, Prozess-, Reporting- und Toollandschaft

Unterstützung bei der Erstellung von Business Cases, Szenarien und Potentialanalysen

Ihr Profil

Abgeschlossenes Studium in technischer Richtung (Universität/ETH) auf Master-Niveau, idealerweise mit Spezialisierung auf quantitative Methoden (Statistik, Operations Research, Machine Learning)

Leidenschaft für Datenanalyse, -modellierung, - extraktion und -transformation und rasche Auffassungsgabe für mathematische/statistische Zusammenhänge

Fähigkeit, komplexe Probleme und Sachverhalte einfach und verständlich darzustellen und zu kommunizieren

Fundierte Praxiskenntnisse in gängigen Analyse- und Datenbankumgebungen, Erfahrung im Bereich BI/DWH und Big Data wünschenswert

Wir freuen uns auf Ihre Online-Bewerbung unter 
www.ckw.ch/jobs.
Ihre Benefits
Zum Auf- und Zuklappen klickenGehalt & SozialleistungenMarkt- und leistungsgerechte Entlöhnung mit Bonussystem, fortschrittliche Sozialleistungen mit attraktiven Finanzierungsmodellen, finanziell gesunde Pensionskasse, 100% Lohnfortzahlung bei Krankheit, Unfall, Jugend-, Vaterschafts- oder Mutterschaftsurlaub.ZusatzleistungenGrosszügige Lohnnebenleistungen wie Vergünstigungen bei Mobilität (Halbtax / GA / Passpartout, Benzin), Strom, Auswärtsverpflegung, Versicherungen und Freizeit (MobileAbos, Reka-Checks, Ferienwohnungen, Sportartikel).GesundheitGanzheitliches betriebliches Gesundheitsmanagement: Vielseitige Angebote und Schulungen zur Förderung von Arbeitssicherheit, Gesundheit (Fitnessraum, Laufgruppen, Pilates, Ergonomieberatung) und Ernährung.Entwicklung und Weiterbildung / Entwicklung / FörderungMitarbeiterförderung mittels Potenzialerhebung, Talent Management, breitem internen Kursangebot, Unterstützung bei externer Aus- und Weiterbildung, Coaching und Führungskräfteentwicklung. Lehrlingsausbildung, Einstiegsstellen für Hochschulabsolventen.UmfeldKollegiales und unkompliziertes Arbeitsklima: Du-Kultur, vielfältige Anlässe, moderne Arbeitsplätze mit offenen Raumstrukturen und Stehpulten, attraktive Begegnungszonen, Kleiderservice im Haus. Die grösste E-Flotte der Schweiz steht für geschäftliche und private Zwecke bereit.Flexible ArbeitszeitMindestens 5 Wochen Ferien, flexible Jahresarbeitszeit (Basis 41-Stunden-Woche), Möglichkeit von Teilzeitarbeit und unbezahltem Urlaub.
Ihr Kontakt bei FragenRebecca Keller
HR Recruiter Fachkräfte
Tel.: 041 249 58 03Informationen zum Bewerbungsablauf »

BewerbungsunterlagenWir arbeiten mit einem professionellen Bewerber-Management-System und bearbeiten nur Online-Bewerbungen. Nach Eingang Ihrer Unterlagen erhalten Sie eine E-Mail mit den Zugangsdaten zu Ihrem Profil, in dem Sie Ihre Bewerbungen verwalten können und Einblick in alle offene Stelle haben.

SelektionWir prüfen alle Bewerbungen sorgfältig und handhaben die Informationen absolut vertraulich.

VorstellungsgesprächKandidaten, die wir als geeignet erachten, laden wir zu einem ersten Vorstellungsgespräch ein. Ziel dieses Gesprächs ist, dass Sie sich ein ganzheitliches Bild von Ihrer möglichen neuen Position und Ihrem Umfeld machen können und wir gleichzeitig einen abgerundeten Eindruck von Ihnen erhalten.
Bei gegenseitigem Interesse folgt ein zweites Vorstellungsgespräch. Die Gespräche werden vom direkten Vorgesetzten und/oder vom zuständigen HR-Business-Partner begleitet. Zudem erhalten Sie die Möglichkeit, das Team kennen zu lernen. Je nach Funktion führen wir mit Ihnen noch ein Assessment durch oder Sie erhalten eine konkrete Fragestellung aus dem Fachbereich zum Lösen. Bei Bedarf prüfen wir noch Referenzen bei Ihren früheren Arbeitgebern.
Interview-Tipps
Eine gute Vorbereitung ist die Grundlage für ein erfolgreiches Gespräch. Denken Sie an all die Erfahrungen, die Sie bereits gemacht haben. Erzählen Sie uns von persönlichen Herausforderungen oder speziellen beruflichen Erlebnissen. Das Interview soll ein Dialog sein. Profitieren Sie davon und öffnen Sie sich Ihren Interviewern. Nehmen Sie aber auch die Chance wahr, soviel wie möglich zu erfahren und stellen Sie Fragen. Was möchten Sie am Ende des Gesprächs wissen? Was ist Ihnen wichtig in Erfahrung zu bringen? Am besten notieren Sie vor dem Gespräch die Fragen, die sich Ihnen bei der Recherche über unser Unternehmen und der Auseinandersetzung mit dem Stelleninserat ergeben haben. Seien Sie ehrlich, natürlich und authentisch – wir sind es auch! So können wir gemeinsam herausfinden, ob wir zu einander passen.

Job-AboAls smarter und kundenorientierter Energiedienstleister benötigen wir immer wieder qualifizierte Mitarbeitende wie Sie. Auch wenn Sie auf die ausgeschriebene Stelle eine Absage erhalten haben, möchten wir mit Ihnen in Kontakt bleiben. Deshalb bieten wir Ihnen die Möglichkeit, bei uns ein Job-Abo zu lösen. Damit sind Sie stets über neue Vakanzen bei uns informiert.

Über uns
Als Dienstleisterin für Energie, Daten, Infrastruktur und Gebäudetechnik in der Schweiz haben wir die Erfahrung, das Know-how und die Ambition, die Herausforderungen einer neuen Energiewelt anzupacken. Als verantwortungsvolle Arbeitgeberin bietet CKW attraktive Anstellungsbedingungen. Gestalten Sie gemeinsam mit uns die Energiezukunft.
Weitere Informationen
Ihr Arbeitsumfeld

Ihr Arbeitsort
weitere offene Stellen bei CKW","Data Analyst / Data Surfer (m/f)
80-100% / Emmen (Rathausen)
Your Tasks

Analysis of structured and unstructured customer, market, and business data

To optimize the customer experience, conversion rates, reduce acquisition costs, and increase lifecycle value

Creating models, forecasts, visualizations, trend statements, and their interpretations

Building, managing, and owning an integrated data, process, reporting, and tool landscape

Supporting the creation of business cases, scenarios, and potential analyses

Your Profile

Completed degree in a technical field (university/ETH) at master’s level, ideally with specialization in quantitative methods (statistics, operations research, machine learning)

Passion for data analysis, modeling, extraction, and transformation, with quick comprehension of mathematical/statistical contexts

Ability to present and communicate complex problems and issues simply and understandably

Solid practical knowledge of common analysis and database environments, experience in BI/DWH and Big Data is desirable

We look forward to receiving your online application at 
www.ckw.ch/jobs.
Your Benefits
Click to expand and collapseGehalt & Social BenefitsMarket- and performance-based compensation with bonus system, progressive social benefits with attractive financing models, financially healthy pension fund, 100% salary continuation in case of illness, accident, youth, paternity, or maternity leave.Additional PerksGenerous fringe benefits such as discounts on mobility (Half-Fare / GA / Passpartout, fuel), electricity, dining out, insurance, and leisure (Mobile subscriptions, Reka checks, holiday apartments, sports equipment).HealthComprehensive corporate health management: diverse offerings and training to promote occupational safety, health (fitness room, running groups, Pilates, ergonomic consulting), and nutrition.Development and Training / PromotionEmployee support through potential assessment, talent management, broad internal course offerings, support for external training and education, coaching, and leadership development. Apprenticeship programs, entry positions for university graduates.EnvironmentCollegial and straightforward working atmosphere: informal ""Du"" culture, various events, modern workplaces with open-plan structures and standing desks, attractive meeting zones, in-house clothing service. The largest e-fleet in Switzerland is available for business and private use.Flexible Working HoursAt least 5 weeks of vacation, flexible annual working hours (based on a 41-hour week), possibility for part-time work and unpaid leave.
Your Contact for Questions
Rebecca Keller
HR Recruiter for Professionals
Tel.: 041 249 58 03Information about the application process »

Application DocumentsWe work with a professional applicant management system and only process online applications. After receiving your documents, you will get an email with access data to your profile, where you can manage your applications and view all open positions.

SelectionWe review all applications carefully and handle the information with absolute confidentiality.

InterviewCandidates deemed suitable will be invited to an initial interview. The goal of this interview is for you to get a comprehensive picture of your potential new position and environment, and for us to gain a well-rounded impression of you. If there is mutual interest, a second interview will follow. The interviews are conducted by the direct supervisor and/or the responsible HR business partner. You will also have the opportunity to meet the team. Depending on the role, we may conduct an assessment or provide a specific technical problem to solve. If needed, we will also check references with your previous employers.
Interview Tips
Good preparation is the foundation for a successful interview. Think about all your experiences. Share personal challenges or special professional experiences. The interview should be a dialogue. Take advantage of this and open up to your interviewers. Also, seize the opportunity to learn as much as possible and ask questions. What do you want to know at the end of the conversation? What is important for you to find out? It’s best to note down questions before the interview that arose from your research about our company and the job posting. Be honest, natural, and authentic – we are too! This way, we can jointly determine if we are a good fit.
Job SubscriptionAs a smart and customer-oriented energy service provider, we constantly need qualified employees like you. Even if you receive a rejection for the advertised position, we want to stay in contact. That’s why we offer you the opportunity to subscribe to a job alert. This way, you will always be informed about new vacancies with us.
About Us
As a service provider for energy, data, infrastructure, and building technology in Switzerland, we have the experience, know-how, and ambition to tackle the challenges of a new energy world. As a responsible employer, CKW offers attractive employment conditions. Join us in shaping the energy future.
More Information
Your Work Environment

Your Workplace
other open positions at CKW","{
  ""ai_application_tasks"": [
    {
      ""task_id"": 1,
      ""ai_capability"": ""Automatically ingest and analyse both structured tabular data and unstructured text to surface relevant patterns and insights."",
      ""brief_description"": ""Machine‑learning pipelines parse customer, market and business data of mixed types to extract features and detect trends."",
      ""raw_excerpt"": ""Analyse von strukturierten und unstrukturierten Kunden-, Markt- und Geschäftsdaten"",
      ""explanation"": ""The advert explicitly states that analysis must cover structured *and* unstructured data; such breadth requires AI/ML (e.g., NLP plus classic analytics) acting directly on the datasets.""
    },
    {
      ""task_id"": 2,
      ""ai_capability"": ""Generate predictive models and forecasts that quantify future outcomes such as demand, revenue or behaviour."",
      ""brief_description"": ""Algorithms produce forward‑looking estimates—forecasts and model outputs—rather than humans calculating them manually."",
      ""raw_excerpt"": ""Erstellen von Modellen, Prognosen … und deren Interpretationen"",
      ""explanation"": ""‘Erstellen von Modellen, Prognosen’ indicates that once trained, the ML models themselves output forecasts automatically.""
    },
    {
      ""task_id"": 3,
      ""ai_capability"": ""Optimise customer experience and commercial KPIs by computing recommendations that raise conversion rates, cut acquisition cost and lift customer lifetime value."",
      ""brief_description"": ""Optimization engines test and recommend actions that improve defined business metrics."",
      ""raw_excerpt"": ""Zur Optimierung des Kundenerlebnisses, von Konversionsraten, Senkung der Akquisitionskosten sowie Steigerung des Lifecycle Values"",
      ""explanation"": ""The phrase links analytics output to KPI optimisation; optimisation‑oriented ML (e.g., propensity models, uplift modelling) supplies those actionable recommendations.""
    },
    {
      ""task_id"": 4,
      ""ai_capability"": ""Automatically produce interactive visualisations and trend statements to communicate insights to stakeholders."",
      ""brief_description"": ""BI/ML tooling renders charts and narrative trend summaries without manual graph construction."",
      ""raw_excerpt"": ""… Visualisierungen, Trendaussagen …"",
      ""explanation"": ""Visualisation components embedded in modern ML/BI stacks auto‑generate graphics and narrative text (‘Trendaussagen’) once data and models are in place.""
    },
    {
      ""task_id"": 5,
      ""ai_capability"": ""Run data‑driven scenario simulations and potential analyses to support business‑case evaluation."",
      ""brief_description"": ""Simulation modules test what‑if scenarios and quantify potential impact for decision‑makers."",
      ""raw_excerpt"": ""Unterstützung bei der Erstellung von Business Cases, Szenarien und Potentialanalysen"",
      ""explanation"": ""Scenario and potential analyses are typically powered by ML‑based simulation/optimisation engines that calculate outcomes under alternative assumptions.""
    }
  ]
}
"
1ee131af-dd7e-41a4-b138-06a247e4b41f,Senior Data Scientist,Innovation Process Technology AG,Kleinunternehmen,CH 6300 Zug,de,de,"Senior Data Scientist

Wir sind eine Schweizer IT-Consulting Firma. Wir bauen innovative Lösungen beim Kunden vor Ort. Uns gibt es schon seit über 20 Jahren, aber wir leben immer noch eine Start-up Mentalität – 150 Leute, Flat Hierarchy, No Politics, Lots of Fun! Bei uns gilt: People First! Jeder kann sich bei uns einbringen und zum Experten werden. Wissen wird geteilt und gegenseitige Unterstützung ist zentral. We’re ONE Team!

Deine Challenges

Du erstellst für den Kunden Entscheidungsgrundlagen auf Basis von definierten Hypothesen und verhilfst ihnen, Erkenntnisse mittels Advanced Analytics zu gewinnen

Du sammelst, analysierst und interpretierst grosse Datenmengen mithilfe von Big Data Werkzeugen und geeigneten Algorithmen. Daraus entwickelst du Modelle, um dem Kunden dabei zu helfen seine Geschäftsziele zu erreichen

Automatisierung und Integration von Arbeits-/Datenflüssen aus verschiedenen Systemen

Du bringst dich mit modernen Machine Learning Methoden z.B. Deep Learning, Reinforcement Learning oder Federated Learning beim Kunden ein

Das bringst du mit

2-6 Jahre Projekterfahrung mit unterschiedlichen Machine Learning Techniken und Big Data Technologien

Fundierte Kenntnisse in mind. einer Programmiersprache wie Python, R, Java oder Scala

Abgeschlossenes Studium (Informatik, Wirtschaftsinformatik, Mathematik, Statistik, Elektrotechnik, Physik o.ä.)

Leidenschaft, sich schnell in neue Themen und Technologien einzuarbeiten

Teamplayer und starke kommunikative Fähigkeiten

Professionelles Auftreten und fliessende Deutsch- und Englischkenntnisse

Das sind unsere Benefits für dich

Austausch unter Experten: Monatliche Mitarbeiterevents, TechBiers und Scrum’n’Wines garantieren Know-How Austausch und frische Ideen

Garantierte Abwechslung: Verschiedene Kunden, Themen, Methoden und Technologien – als Consultant wird es nicht langweilig

Bonus für alle gleich: Bonus gibt es bei uns für alle Mitarbeitenden – und verteilt wird er proportional gleichmässig

Hardfacts

Dein Arbeitsort ist vor Ort beim Kunden in der Deutschschweiz (ZH, LU, BS, BE)

80-100% Pensum

Dieses Stelleninserat umschreibt ein Szenario, das dich in einem Projekt erwarten könnte. Wir suchen daher Talente, die für verschiedene Themen und Technologien offen sind.

P.S. Wir schauen optimistisch in die Zukunft und suchen auch in Zeiten von COVID-19 passende Bewerbende, die unser Team verstärken und uns weiterbringen.

Hast du Fragen?

Michaela Kuhn
HR + Mitglied der Geschäftsleitung

Wir freuen uns auf deine Bewerbung!
AnredeHerrFrauVornameNameE-MailTelefonDein Xing-ProfilDein Linkedin-ProfilBewerbungsschreiben

.pdf, .doc, .zip (max. 20MB)

Lebenslauf

.pdf, .doc, .zip (max. 20MB)

Weitere Dokumente

.pdf, .doc, .zip (max. 20MB)

Weitere LinksBemerkungWie bist du auf ipt aufmerksam geworden?Ich habe die Datenschutzbestimmungen gelesen und bin damit einverstanden.Comments","Senior Data Scientist

We are a Swiss IT consulting company. We develop innovative solutions on-site at our clients. We have been around for over 20 years, but we still maintain a start-up mentality – 150 people, flat hierarchy, no politics, lots of fun! Our motto: People First! Everyone can contribute and become an expert. Knowledge is shared, and mutual support is central. We’re ONE Team!

Your Challenges

- You create decision-making bases for the client based on defined hypotheses and help them gain insights through advanced analytics.
- You collect, analyze, and interpret large data sets using big data tools and suitable algorithms. From this, you develop models to help the client achieve their business goals.
- Automating and integrating workflows and data flows from various systems.
- You contribute with modern machine learning methods, e.g., deep learning, reinforcement learning, or federated learning, at the client’s site.

What you bring

- 2-6 years of project experience with various machine learning techniques and big data technologies.
- Solid knowledge in at least one programming language such as Python, R, Java, or Scala.
- Completed degree (Computer Science, Business Informatics, Mathematics, Statistics, Electrical Engineering, Physics, or similar).
- Passion for quickly learning new topics and technologies.
- Team player with strong communication skills.
- Professional demeanor and fluent German and English skills.

Our Benefits for You

- Exchange among experts: Monthly employee events, TechBiers, and Scrum’n’Wines guarantee knowledge sharing and fresh ideas.
- Guaranteed variety: Different clients, topics, methods, and technologies – as a consultant, it will never get boring.
- Equal bonus for everyone: Bonuses are awarded to all employees and distributed proportionally and evenly.

Hard Facts

- Your workplace is on-site with the client in German-speaking Switzerland (ZH, LU, BS, BE).
- 80-100% workload.
- This job posting describes a scenario you might encounter in a project. We are therefore looking for talents who are open to various topics and technologies.
- P.S. We look optimistically into the future and are still seeking suitable applicants to strengthen and advance our team, even during COVID-19 times.

Do you have questions?

Michaela Kuhn  
HR + Member of the Management Board

We look forward to your application!  
Salutation Mr./Ms. First Name Last Name Email Phone Your Xing Profile Your LinkedIn Profile Cover Letter

.pdf, .doc, .zip (max. 20MB)

Resume

.pdf, .doc, .zip (max. 20MB)

Other Documents

.pdf, .doc, .zip (max. 20MB)

Additional Links Note: How did you find out about ipt? I have read the data protection regulations and agree to them.","{
  ""ai_application_tasks"": [
    {
      ""task_id"": 1,
      ""ai_capability"": ""Generate data‑driven decision support that tests predefined business hypotheses and surfaces actionable recommendations for the client’s strategic and operational choices."",
      ""brief_description"": ""The system delivers analytically founded decision bases and insights for the client’s strategic and operational choices."",
      ""raw_excerpt"": ""Du erstellst für den Kunden Entscheidungsgrundlagen auf Basis von definierten Hypothesen und verhilfst ihnen, Erkenntnisse mittels Advanced Analytics zu gewinnen"",
      ""explanation"": ""This line states that solutions provide ‘Entscheidungsgrundlagen’ and ‘Erkenntnisse mittels Advanced Analytics’; these are outputs produced by the AI/analytics system rather than manual human work.""
    },
    {
      ""task_id"": 2,
      ""ai_capability"": ""Ingest, analyse and interpret very large datasets using big‑data tooling and ML algorithms to uncover patterns and insights."",
      ""brief_description"": ""AI pipelines process and explore massive data volumes to reveal significant trends or anomalies."",
      ""raw_excerpt"": ""Du sammelst, analysierst und interpretierst grosse Datenmengen mithilfe von Big Data Werkzeugen und geeigneten Algorithmen."",
      ""explanation"": ""The excerpt describes data collection, analysis and interpretation performed ‘mithilfe von Big Data Werkzeugen’—functions handled by ML‑enabled analytics systems.""
    },
    {
      ""task_id"": 3,
      ""ai_capability"": ""Produce predictive or prescriptive models that drive the client toward specific business objectives."",
      ""brief_description"": ""Models forecast outcomes or optimize metrics aligned to the customer’s goals."",
      ""raw_excerpt"": ""Daraus entwickelst du Modelle, um dem Kunden dabei zu helfen seine Geschäftsziele zu erreichen"",
      ""explanation"": ""The passage links model outputs directly to achieving business goals, indicating automated prediction/optimization delivered by the AI models.""
    },
    {
      ""task_id"": 4,
      ""ai_capability"": ""Automate and integrate cross‑system workflows and dataflows to create seamless end‑to‑end analytics pipelines."",
      ""brief_description"": ""The solution orchestrates and connects disparate systems so that data moves and updates without manual intervention."",
      ""raw_excerpt"": ""Automatisierung und Integration von Arbeits-/Datenflüssen aus verschiedenen Systemen"",
      ""explanation"": ""Automation and integration are explicitly listed as deliverables, signifying AI‑enabled orchestration tasks rather than human ETL scripting.""
    },
    {
      ""task_id"": 5,
      ""ai_capability"": ""Apply deep‑learning techniques to learn complex, non‑linear representations for tasks such as classification, detection or generation."",
      ""brief_description"": ""Deep learning models capture intricate patterns in images, text or other high‑dimensional data for superior accuracy."",
      ""raw_excerpt"": ""…modernen Machine Learning Methoden z.B. Deep Learning…"",
      ""explanation"": ""Deep learning is singled out as a method the solution will employ, implying model capabilities that go beyond traditional algorithms.""
    },
    {
      ""task_id"": 6,
      ""ai_capability"": ""Use reinforcement learning to iteratively optimise sequential decisions or control policies based on environment feedback."",
      ""brief_description"": ""RL models learn by trial‑and‑error to improve long‑term performance in dynamic settings."",
      ""raw_excerpt"": ""…modernen Machine Learning Methoden z.B. Deep Learning, Reinforcement Learning…"",
      ""explanation"": ""Reinforcement learning is explicitly named, indicating AI that autonomously refines strategies through reward signals.""
    },
    {
      ""task_id"": 7,
      ""ai_capability"": ""Implement federated learning to train shared models across distributed client datasets while keeping raw data local for privacy."",
      ""brief_description"": ""The system aggregates encrypted model updates instead of centralising sensitive data."",
      ""raw_excerpt"": ""…modernen Machine Learning Methoden z.B. Deep Learning, Reinforcement Learning oder Federated Learning…"",
      ""explanation"": ""Federated learning is listed as a technique, revealing a capability for privacy‑preserving, cross‑organisation model training.""
    }
  ]
}"
29eb672c-41df-4920-a083-29c6bd1cfe5c,Machine Learning & Advanced Analytics Consultant (m/w),Innovation Process Technology AG,Kleinunternehmen,CH-6300 Zug,de,de,"Wir sind eine Schweizer IT Consulting Firma, fokussiert auf Software Integration. Wir bauen innovative Lösungen beim Kunden vor Ort. Uns gibt es schon seit über 20 Jahren, aber wir leben immer noch eine Start-up Mentalität – 130 Leute, Flat Hierarchy, No Politics, Lots of Fun! Bei uns gilt: People First! Jeder kann sich bei uns einbringen und zum Experten werden. Wissen wird geteilt und gegenseitige Unterstützung ist zentral. We’re ONE Team!

Hast du kürzlich dein Studium erfolgreich beendet oder stehst du gerade vor dem Abschluss? Dann wag den Schritt in die IT Consulting-Welt. Der Beruf des Machine Learning & Analytics Consultants verbindet Mensch und Maschine. Du verhilfst dem Kunden, sich über innovative Software-Lösungen mit leading-edge Technologien auf dem Markt zu differenzieren.

Das tust du bei uns

Erheben und Ableiten von Requirements für Machine Learning, Advanced Analytics und Chatbot Lösungen

Erstellung von Prototypen und Datenvisualisierungen

Design und Entwicklung von Softwarelösungen (MS Azure, IBM Watson) in den Bereichen Big Data, Advanced Analytics und Chatbot

Stetige Übernahme von Verantwortung

Das bringst du mit

Abgeschlossenes Studium (Informatik, Wirtschaftsinformatik, Mathematik, Elektrotechnik, Physik)

Erste Projekterfahrung in der IT z.B. im Software Engineering

Breites Interesse an innovativen Technologien und Themen wie Machine Learning, Data Analytics oder Stream Analytics

Konzeptionelle Fähigkeiten

Gutes Auftreten und fliessende Deutsch- und Englischkenntnisse

Das sind unsere Benefits für dich

Frequent Check-in: Mitarbeitergespräche führen wir agil – du bestimmst selbst wann, mit wem und wie oft.

Bring Your Own Device: Startguthaben für eigene Devices, die du selber auswählst – ganz nach deinen Vorlieben.

Mit Komfort unterwegs: Der Umwelt zuliebe sind wir mit dem ÖV unterwegs. Und den Mitarbeitenden zuliebe in der 1. Klasse.

Das sind die Hard Facts

Dein Arbeitsort ist vor Ort beim Kunden in der Deutschschweiz (ZH, LU, BS, BE)

80-100% Pensum

Dieses Stelleninserat umschreibt ein Szenario, das dich in einem Projekt erwarten könnte. Wir suchen daher Talente die für verschiedene Themen und Technologien offen sind.

«We hire for attitude and train for skills» – Wir erwarten nicht, dass du bereits mehrjährige Berufserfahrung mitbringst. Vielmehr wollen wir dich gezielt fördern. Bist du technisch affin und hast Freude an Kundenkontakt und Beratung? Magst du es technisch hands-on zu arbeiten? Dann ist ipt genau die richtige Firma!

Wir freuen uns schon jetzt auf deine Bewerbung!

Jetzt bewerben!

Noch Fragen?

Sina BrunTalent Acquisition Expert
Nachricht schicken
ipt als Arbeitgeber

Wir haben stolze und zufriedene Mitarbeitende. Überzeuge dich auf kununu.

Jenny über ihr Leben als ipt Consultant

Wie man sich einen ganz normalen Alltag bei ipt vorstellen kann, zeigt hier unsere Consultant Jenny!

Dein Arbeitsplatz als ipt-Consultant
In der DeutschschweizVor Ort beim KundenGemeinsam im Team","We are a Swiss IT Consulting company focused on software integration. We develop innovative solutions on-site at the customer's location. We have been around for over 20 years, but we still maintain a start-up mentality – 130 people, flat hierarchy, no politics, lots of fun! Our motto: People First! Everyone can contribute and become an expert. Knowledge is shared, and mutual support is central. We’re ONE Team!

Have you recently completed your studies successfully or are you about to graduate? Then take the step into the world of IT consulting. The profession of Machine Learning & Analytics Consultant combines people and machines. You help the client differentiate themselves in the market through innovative software solutions with leading-edge technologies.

Your responsibilities with us

Gathering and deriving requirements for Machine Learning, Advanced Analytics, and Chatbot solutions

Creating prototypes and data visualizations

Designing and developing software solutions (MS Azure, IBM Watson) in the areas of Big Data, Advanced Analytics, and Chatbots

Taking on responsibility continuously

What you bring

Completed degree (Computer Science, Business Informatics, Mathematics, Electrical Engineering, Physics)

Initial project experience in IT, e.g., in Software Engineering

Broad interest in innovative technologies and topics such as Machine Learning, Data Analytics, or Stream Analytics

Conceptual skills

Good appearance and fluent German and English skills

Our benefits for you

Frequent Check-in: We conduct employee reviews in an agile manner – you decide when, with whom, and how often.

Bring Your Own Device: Starting credit for your own devices, which you choose yourself – according to your preferences.

Travel in comfort: For the environment’s sake, we use public transportation. And for our employees’ comfort, in first class.

The hard facts

Your workplace is on-site with the client in German-speaking Switzerland (ZH, LU, BS, BE)

80-100% workload

This job posting describes a scenario you might encounter in a project. We are therefore looking for talents who are open to various topics and technologies.

“We hire for attitude and train for skills” – We do not expect you to already have several years of professional experience. Instead, we want to support you specifically. Are you technically inclined and enjoy customer contact and consulting? Do you like working hands-on technically? Then ipt is the right company for you!

We are already looking forward to your application!

Apply now!

Still have questions?

Sina BrunTalent Acquisition Expert
Send a message
ipt as an employer

We have proud and satisfied employees. Convince yourself on kununu.

Jenny about her life as an ipt Consultant

Here’s how a typical day at ipt might look, as shown by our Consultant Jenny!

Your workplace as an ipt Consultant
In German-speaking SwitzerlandOn-site with the clientTogether as a team","{
  ""ai_application_tasks"": [
    {
      ""task_id"": 1,
      ""ai_capability"": ""Natural‑language chatbot that interprets user intents and generates appropriate responses to automate conversational interactions."",
      ""brief_description"": ""IBM Watson / Azure‑based chatbots handle customer dialogues without human intervention."",
      ""raw_excerpt"": ""Design und Entwicklung von Softwarelösungen (MS Azure, IBM Watson) in den Bereichen … **Chatbot**"",
      ""explanation"": ""The ad explicitly lists “Chatbot” solutions built on IBM Watson/Azure; chatbots are AI systems that automate human–machine conversation.""
    },
    {
      ""task_id"": 2,
      ""ai_capability"": ""Advanced‑analytics engine that applies machine‑learning models to large data sets to uncover patterns and deliver predictive or prescriptive insights."",
      ""brief_description"": ""ML/Advanced‑Analytics solutions on Azure turn Big‑Data inputs into forecasts and data‑driven recommendations."",
      ""raw_excerpt"": ""Erheben und Ableiten von Requirements für **Machine Learning, Advanced Analytics** …"",
      ""explanation"": ""“Machine Learning” and “Advanced Analytics” refer to AI systems designed to analyze data and produce insights, forecasts, or classifications—activities performed by the models, not by the consultant.""
    },
    {
      ""task_id"": 3,
      ""ai_capability"": ""Real‑time stream‑analytics system that ingests continuous data flows and instantly detects events, anomalies, or trends to surface actionable signals the moment they occur."",
      ""brief_description"": ""Stream‑Analytics tools automatically process live data streams to surface actionable signals the moment they occur."",
      ""raw_excerpt"": ""… Themen wie Machine Learning, Data Analytics oder **Stream Analytics**"",
      ""explanation"": ""The mention of “Stream Analytics” implies an AI/ML‑enabled platform that continuously analyzes streaming data; such systems automate real‑time detection and reporting, reducing manual monitoring.""
    }
  ]
}"
798e9ace-127c-48c9-87dc-2b2729852acc,Senior ML Engineering,Innovation Process Technology AG,Kleinunternehmen,Deutschschweiz,de,de,"Senior ML Engineering
Wir sind eine Schweizer IT-Consulting-Firma. Wir bauen innovative Lösungen bei unseren Kunden vor Ort. Uns gibt es seit über 25 Jahren, aber wir leben immer noch eine Start-up-Mentalität – Über 220 Leute, Flat Hierarchy, No Politics, Lots of Fun! Bei uns gilt: People First! Alle können sich bei uns einbringen und zu Expertinnen und Experten werden. Wissen wird geteilt und gegenseitige Unterstützung ist zentral. We’re ONE Team!
Bitte beachte, dass wir nur Kandidat:innen mit sehr guten Deutschkenntnissen berücksichtigen können.

Deine Challenges
Du berätst Kunden, wie automatisierte Entscheidungen durch intelligente Algorithmen, quantitative Datenanalysen und Visualisierungen gewonnen werden. Dabei agierst Du als Bindeglied zwischen Software Entwicklung und Data Science
Im Team definierst Du Big Data Vorhaben und setzt ML Projekte mit modernen Technologien um
Du wirst trainierte ML Modelle auf Produktionsniveau bringen und für deren Operationalisierung und Betrieb sorgen
Du sorgst für eine saubere Reproduzierbarkeit von Modellen und entwickelst dazu passende Automatisierungen
Du unterstützt den Kunden durch agile Entwicklungsmethoden
Das bringst Du mit
2-6 Jahre Projekterfahrung im ML Engineering und fundiertes Know-how in Big Data oder Container Technologien
Vertiefte Kenntnisse in mind. einer ML Operationalisierungs-Technologie wie z.B. Microsoft Azure Machine Learning, AWS Sagemaker, Google Cloud Vertex AI, Seldon Core, o.ä. Vertiefte Kenntnisse verschiedener Ansätze für die ML Operationalisierung
Kenntnisse in Data Engineering Frameworks von Vorteil, z.B. Spark, Python, SQL, etc.
Abgeschlossenes Studium (Data Science, Informatik, Wirtschaftsinformatik, Mathematik, Elektrotechnik, Physik o.ä.)
Leidenschaft, sich schnell in neue Themen und Technologien einzuarbeiten
Konzeptionelle, methodische und analytische Fähigkeiten
Teamplayer und gute kommunikative Fähigkeiten
Professionelles Auftreten und fliessende Deutsch- und Englischkenntnisse
Das sind unsere Benefits für Dich
Wissensaustausch untereinander: Monatliche Mitarbeitendenevents, TechBiers und Scrum’n’Wines garantieren Know-How Austausch und frische Ideen
Bonus für alle gleich: Bonus gibt es bei uns für alle Mitarbeitenden – und verteilt wird er proportional gleichmässig
Mit Komfort unterwegs: Der Umwelt zuliebe sind wir mit dem ÖV unterwegs. Und den Mitarbeitenden zuliebe in der 1. Klasse
Hardfacts
Dein Arbeitsort ist vor Ort beim Kunden in der Deutschschweiz (Zürich, Luzern, Basel, Bern, St. Gallen)
Pensum: 80% oder mehr
Dieses Stelleninserat umschreibt ein Szenario, das Dich in einem Projekt erwarten könnte. Wir suchen Talente, die für verschiedene Themen und Technologien offen sind.

Hast Du Fragen?
Annebelle Smolders
People & Development

Wir freuen uns auf Deine Bewerbung!
Anrede
sehr gut
gut
befriedigend
Ich habe die Datenschutzbestimmungen gelesen und bin damit einverstanden.","Senior ML Engineering
We are a Swiss IT consulting company. We develop innovative solutions on-site at our clients' locations. We have been around for over 25 years, but we still maintain a start-up mentality – Over 220 people, flat hierarchy, no politics, lots of fun! Our motto: People First! Everyone can contribute and become an expert. Knowledge is shared, and mutual support is central. We’re ONE Team!
Please note that we can only consider candidates with very good German language skills.

Your Challenges
You advise clients on how to derive automated decisions through intelligent algorithms, quantitative data analysis, and visualizations. In this role, you act as a link between software development and data science.
In the team, you define big data projects and implement ML projects using modern technologies.
You will bring trained ML models to production level and ensure their operationalization and maintenance.
You ensure clean reproducibility of models and develop suitable automation processes.
You support the client through agile development methods.
What you bring
2-6 years of project experience in ML engineering and solid expertise in big data or container technologies.
In-depth knowledge of at least one ML operationalization technology such as Microsoft Azure Machine Learning, AWS Sagemaker, Google Cloud Vertex AI, Seldon Core, or similar. Deep understanding of various approaches for ML operationalization.
Knowledge of data engineering frameworks is advantageous, e.g., Spark, Python, SQL, etc.
Completed degree (Data Science, Computer Science, Business Informatics, Mathematics, Electrical Engineering, Physics, or similar).
Passion for quickly learning new topics and technologies.
Conceptual, methodological, and analytical skills.
Team player with good communication skills.
Professional demeanor and fluent in German and English.
These are our benefits for you
Knowledge sharing among colleagues: Monthly employee events, TechBiers, and Scrum’n’Wines ensure knowledge exchange and fresh ideas.
Equal bonus for everyone: Bonuses are awarded to all employees and distributed proportionally and evenly.
Travel in comfort: For environmental reasons, we use public transportation. And for employees’ comfort, in first class.
Hard facts
Your workplace is on-site with the client in German-speaking Switzerland (Zurich, Lucerne, Basel, Bern, St. Gallen).
Workload: 80% or more.
This job posting describes a scenario that you might encounter in a project. We are looking for talents who are open to various topics and technologies.

Do you have questions?
Annebelle Smolders
People & Development

We look forward to your application!
Salutation
very good
good
satisfactory
I have read the data protection regulations and agree to them.","{
  ""ai_application_tasks"": [
    {
      ""task_id"": 1,
      ""ai_capability"": ""Automatically derive and deliver decisions from data using intelligent algorithms."",
      ""brief_description"": ""The system yields automated, data‑driven decisions for clients based on quantitative analyses."",
      ""raw_excerpt"": ""automatisierte Entscheidungen durch intelligente Algorithmen, quantitative Datenanalysen"",
      ""explanation"": ""The advert explicitly says customers gain \""automatisierte Entscheidungen\"" through intelligent algorithms and data analysis, indicating that the AI system itself outputs those decisions.""
    },
    {
      ""task_id"": 2,
      ""ai_capability"": ""Generate quantitative visualizations of analytical results without human intervention to make insights understandable for stakeholders."",
      ""brief_description"": ""The AI tool auto‑produces data visualizations to make insights understandable for stakeholders."",
      ""raw_excerpt"": ""… quantitative Datenanalysen und Visualisierungen gewonnen werden."",
      ""explanation"": ""Visualizations are listed alongside automated analyses, implying the AI pipeline also creates the visuals rather than a person manually crafting them.""
    },
    {
      ""task_id"": 3,
      ""ai_capability"": ""Serve trained machine‑learning models in production to output real‑time or batch predictions."",
      ""brief_description"": ""Deployed models continuously deliver predictions and recommendations once in production."",
      ""raw_excerpt"": ""trainierte ML Modelle auf Produktionsniveau bringen und für deren Operationalisierung und Betrieb sorgen"",
      ""explanation"": ""Operationalizing a model means the AI service itself is running and producing inferences for business processes, not just existing as code.""
    },
    {
      ""task_id"": 4,
      ""ai_capability"": ""Ingest and analyze large‑scale (Big Data) datasets with modern machine‑learning workflows to extract patterns and insights within Big‑Data projects."",
      ""brief_description"": ""The ML system processes vast data volumes to extract patterns and insights within Big‑Data projects."",
      ""raw_excerpt"": ""definierst Du Big Data Vorhaben und setzt ML Projekte mit modernen Technologien um"",
      ""explanation"": ""Although phrased as a human activity, the outcome requires AI pipelines that can actually handle and compute over big‑data workloads.""
    },
    {
      ""task_id"": 5,
      ""ai_capability"": ""Maintain automated pipelines that guarantee fully reproducible model training and results."",
      ""brief_description"": ""Automation ensures every model build and prediction can be reproduced identically on demand."",
      ""raw_excerpt"": ""sorgst für eine saubere Reproduzierbarkeit von Modellen und entwickelst dazu passende Automatisierungen"",
      ""explanation"": ""Reproducibility is achieved by automated tooling that rebuilds models deterministically, a task carried out by the AI/ML infrastructure itself.""
    }
  ]
}"
0ad3d15d-d480-4c55-8788-808192018fc9,Data Scientist,Ivoclar Vivadent AG,Grossunternehmen,LI-9494 Schaan,de,de,"Inspiriert zum Lächeln

Mit hochwertigen Erzeugnissen für die moderne Zahntechnik und Zahnmedizin sorgt Ivoclar Vivadent dafür, dass Menschen gerne lächeln. Das gilt auch für die rund 3300 Mitarbeitenden in Schaan, Liechtenstein, und an 30 weiteren Standorten rund um den Globus: An attraktiven Arbeitsplätzen lassen sie sich so zu innovativen Leistungen inspirieren, die Ivoclar Vivadent zu einem der weltweit führenden Dentalunternehmen gemacht haben.

Ihre Leidenschaft sind Daten - Sie jonglieren mit großen und nicht so großen, strukturierten, unstrukturierten, flachen, hierarchischen und verteilten Datensätzen? Dann unterstützen Sie unser Technology Team beim Aufbau unserer ""Data Analytics"" Kompetenz als

1097 - Data Scientist

Ihre Aufgaben

* Mitarbeit beim bereichsübergreifenden Aufbau und der inhaltlichen Weiterentwicklung des Themenfelds Advanced Analytics z.B. mit klassischen AI Methoden und fortgeschrittenen Techniken wie etwa Deep-Learning.
* Analyse von Sensor- sowie Kontextdaten zur Bestimmung bzw. Entwicklung geeigneter mathematischer/ statistischer Modelle und Algorithmen für komplexe Problemstellungen z.B. im Bereich Pattern recognition.
* Zusammen mit dem Fachbereich entwickeln Sie Use Cases, unterstützen ihn bei der Auswahl und Aufbereitung der erforderlichen Daten und entwickeln gemeinsam Systemmodelle.
* Entwicklung von Verfahren und Lösungen für die Verarbeitung großer Datenmengen.
* Einfache und klare Darstellung komplexer Zusammenhänge für unterschiedliche Zielgruppen.

Ihr Profil

* Abgeschlossenes Studium der Mathematik, Informatik, Physik, Data Science oder eines vergleichbaren Studienganges
* Berufserfahrung als Data Scientist
* Ausgeprägte Kenntnisse in den Themenbereichen Algorithmen und Datenstrukturen
* Kompetenz in der Bearbeitung komplexer analytischer Fragestellungen in konkreten Use Cases
* Vorteilhaft: Kenntnisse in einem oder mehreren der folgenden Bereiche R, Watson Analytics, SAP HANASpark MLib
* Idealerweise Bezug zu Medizintechnik / Life Sciences
* Interesse an konzeptionellen Aufgabenstellungen und Begeisterung kontinuierlich an neuen Themen zu arbeiten
* Kommunikativer Teamplayer mit hohem Engagement und Eigeninitiative
* Selbständige, strukturierte und lösungsorientierte Arbeitsweise
* Hohes Maß an konzeptionellem Denken und analytischen Fähigkeiten
* Freude an der Arbeit in interdisziplinären Teams
* Sehr gutes Deutsch und Englisch in Wort und Schrift

Ihre Vorteile:

* Eine herausfordernde und abwechslungsreiche Tätigkeit in einem innovativen und professionellen Arbeitsumfeld mit modernster Infrastruktur
* Raum für die Entwicklung und Umsetzung Ihrer Ideen
* Zusammenarbeit in einem interdisziplinären, passionierten und kollegialen Team
* Marktgerechte Vergütung sowie moderne Arbeitsbedingungen mit flexiblem Zeitmanagement

Ihr Stellenantritt:

* nach Vereinbarung

Pascale Netzer  +423 235 3043 freut sich auf IhreOnlinebewerbungIch möchte mich bewerbenZurück zur Stellenübersicht","Inspired to Smile

With high-quality products for modern dental technology and dentistry, Ivoclar Vivadent ensures that people enjoy smiling. This also applies to the approximately 3,300 employees in Schaan, Liechtenstein, and at 30 other locations around the world: At attractive workplaces, they are inspired to deliver innovative performance, which has made Ivoclar Vivadent one of the leading dental companies worldwide.

Your passion is data – do you work with large and smaller datasets, structured, unstructured, flat, hierarchical, and distributed data? Then support our Technology Team in building our ""Data Analytics"" expertise as

1097 - Data Scientist

Your Tasks

* Collaborate on the cross-departmental development and continuous enhancement of the Advanced Analytics field, e.g., with classical AI methods and advanced techniques such as deep learning.
* Analyze sensor and context data to determine or develop suitable mathematical/statistical models and algorithms for complex problems, e.g., in pattern recognition.
* Work with the business units to develop use cases, assist in selecting and preparing the necessary data, and jointly develop system models.
* Develop procedures and solutions for processing large data volumes.
* Present complex relationships simply and clearly for different target groups.

Your Profile

* Degree in Mathematics, Computer Science, Physics, Data Science, or a comparable field
* Professional experience as a Data Scientist
* Strong knowledge of algorithms and data structures
* Competence in handling complex analytical questions in specific use cases
* Advantageous: knowledge in one or more of the following areas: R, Watson Analytics, SAP HANA Spark MLib
* Ideally related to medical technology / life sciences
* Interest in conceptual tasks and enthusiasm for continuously working on new topics
* Communicative team player with high commitment and initiative
* Independent, structured, and solution-oriented working style
* High level of conceptual thinking and analytical skills
* Enjoy working in interdisciplinary teams
* Very good German and English skills, both spoken and written

Your Benefits:

* A challenging and varied role in an innovative and professional work environment with state-of-the-art infrastructure
* Space for developing and implementing your ideas
* Collaboration within an interdisciplinary, passionate, and collegial team
* Market-competitive salary and modern working conditions with flexible time management

Your Start Date:

* By arrangement

Pascale Netzer +423 235 3043 looks forward to your online application. I want to apply Back to job overview","{
  ""ai_application_tasks"": [
    {
      ""task_id"": 1,
      ""ai_capability"": ""Automatically detect patterns and anomalies in combined sensor and contextual data streams to solve complex problems."",
      ""brief_description"": ""The AI system performs pattern‑recognition on heterogeneous sensor/context data to solve complex problems."",
      ""raw_excerpt"": ""„Analyse von Sensor‑ sowie Kontextdaten … für komplexe Problemstellungen z. B. im Bereich Pattern recognition.“"",
      ""explanation"": ""The excerpt explicitly mentions using pattern‑recognition techniques on sensor and context data; that functionality will be carried out by the trained models, not by human developers.""
    },
    {
      ""task_id"": 2,
      ""ai_capability"": ""Deliver cross‑functional advanced analytics and predictive modeling using classical AI methods and deep‑learning techniques."",
      ""brief_description"": ""Models forecast or infer outcomes across business domains through classical AI and modern deep‑learning."",
      ""raw_excerpt"": ""„… Aufbau … des Themenfelds Advanced Analytics z. B. mit klassischen AI Methoden und fortgeschrittenen Techniken wie etwa Deep‑Learning.“"",
      ""explanation"": ""The passage describes an Advanced Analytics capability powered by classical AI and deep learning; the resulting models will generate predictions or insights automatically once deployed.""
    },
    {
      ""task_id"": 3,
      ""ai_capability"": ""Ingest, process, and analyze very large data sets at scale with automated data‑processing pipelines."",
      ""brief_description"": ""AI‑enabled data‑processing solutions handle high‑volume data efficiently."",
      ""raw_excerpt"": ""„Entwicklung von Verfahren und Lösungen für die Verarbeitung großer Datenmengen.“"",
      ""explanation"": ""‘Verarbeitung großer Datenmengen’ indicates automated big‑data handling; after implementation, software systems—not people—carry out the scalable processing.""
    },
    {
      ""task_id"": 4,
      ""ai_capability"": ""Generate simplified, audience‑appropriate visual or textual explanations of complex analytical findings for different stakeholder groups."",
      ""brief_description"": ""The system auto‑produces clear representations of intricate data relationships for different stakeholder groups."",
      ""raw_excerpt"": ""„Einfache und klare Darstellung komplexer Zusammenhänge für unterschiedliche Zielgruppen.“"",
      ""explanation"": ""This line references automated presentation of complex insights; AI‑driven reporting or visualization tools produce these explanations without manual chart drafting each time.""
    }
  ]
}"
4e3e59b0-1b7b-4d21-ae69-d9df1550d9bd,Praktikant Data Analytics (m/w),Ivoclar Vivadent AG,Grossunternehmen,Schaan,de,de,"Praktikant Data Analytics (m/w)

Ivoclar Vivadent inspiriert zum Lächeln
Mit hochwertigen Erzeugnissen für die moderne Zahntechnik und Zahnmedizin sorgt Ivoclar Vivadent dafür, dass Menschen
gerne lächeln. Das gilt auch für die rund 3500 Mitarbeitenden in Schaan, Liechtenstein, und an 30 weiteren Standorten
rund um den Globus: An attraktiven Arbeitsplätzen lassen sie sich so zu innovativen Leistungen inspirieren, die Ivoclar
Vivadent zu einem der weltweit führenden Dentalunternehmen gemacht haben.
Im Bereich Forschung & Entwicklung am Hauptsitz in Schaan, Fürstentum Liechtenstein, suchen wir einen:
1374 - Praktikant Data Analytics (m/w)
Ihre Aufgaben:
- Mitarbeit bei verschiedensten Problemstellungen der Data Science (Imaging, Clustering, Time Series Analysis and
Prediction, Classification)
- Selbstständige Durchführung von statistischen Analysen auf Basis von strukturierten und unstrukturierten Daten
- Entwicklung von Datenaufbereitungsprozessen für anschliessende Analysen
- Visualisierung der Ergebnisse komplexer Datenanalysen für verschiedene Stakeholder
Ihr Profil:
- Fortgeschrittenes Bachelor- oder Master-Studium der Ingenieurs- oder Naturwissenschaften, Mathematik, Informatik,
Computer Science oder eine vergleichbare Ausbildung
- Grundkenntnisse in der Statistik sowie Erfahrung im Bereich Data Science (Data Mining, Analytics, Machine Learning,
Deep Learning, Visualisierung, etc.)
- Erfahrungen mit Data Science Tools und Frameworks (z.B. Python, R, Matlab, Numpy, Scikit-learn, TensorFlow, Theano,
Caffe, Tableau, etc.)
- Motivation und Geduld sich komplexen Fragestellungen in Zusammenhang mit Daten zu widmen
- Flexibilität und Freude an den interdisziplinären Tätigkeiten der Data Science auf R&D Level
- Teamfähige und aufgeschlossene Persönlichkeit
- Gute Deutsch- und Englischkenntnisse in Wort und Schrift
Ihre Vorteile:
- Eine herausfordernde und abwechslungsreiche Tätigkeit in einem internationalen und professionellen Arbeitsumfeld
- Zusammenarbeit in einem motivierten, wachsenden Data Science Team und kollegiales Arbeitsklima
- Möglichkeit einer Bachelor- / Master- Arbeit
- Moderne Arbeitsbedingungen, flexible Arbeitszeiten, marktgerechte Entlohnung und vorbildliche Gesundheitsförderung
Ihr Stellenantritt:
- nach Vereinbarung
- befristete Position für 6-12 Monate in Voll- oder Teilzeit
Pascale Valenti +423 235 3043 freut sich auf Ihre
Onlinebewerbungwww.ivoclarvivadent.comwww.ivoclarvivadent.com/en/career","Internship in Data Analytics (m/f)

Ivoclar Vivadent inspires smiles
With high-quality products for modern dental technology and dentistry, Ivoclar Vivadent ensures that people enjoy smiling. This also applies to the approximately 3,500 employees in Schaan, Liechtenstein, and at 30 other locations around the world: they are inspired by attractive workplaces to deliver innovative performance, which has made Ivoclar Vivadent one of the leading dental companies worldwide.
In the Research & Development department at the headquarters in Schaan, Principality of Liechtenstein, we are looking for:
1374 - Intern in Data Analytics (m/f)
Your tasks:
- Collaborate on various data science problems (Imaging, Clustering, Time Series Analysis and Prediction, Classification)
- Independently perform statistical analyses based on structured and unstructured data
- Develop data preprocessing processes for subsequent analyses
- Visualize the results of complex data analyses for different stakeholders
Your profile:
- Advanced Bachelor's or Master's studies in engineering or natural sciences, mathematics, computer science, or a comparable qualification
- Basic knowledge of statistics and experience in data science (Data Mining, Analytics, Machine Learning, Deep Learning, Visualization, etc.)
- Experience with data science tools and frameworks (e.g., Python, R, Matlab, Numpy, Scikit-learn, TensorFlow, Theano, Caffe, Tableau, etc.)
- Motivation and patience to tackle complex data-related questions
- Flexibility and enthusiasm for interdisciplinary activities in data science at R&D level
- Team-oriented and open-minded personality
- Good knowledge of German and English, both spoken and written
Your benefits:
- A challenging and varied role in an international and professional work environment
- Collaboration within a motivated, growing data science team and collegial working atmosphere
- Opportunity to write a Bachelor's or Master's thesis
- Modern working conditions, flexible working hours, market-competitive pay, and exemplary health promotion
Your start date:
- By arrangement
- Fixed-term position for 6-12 months, full-time or part-time
Pascale Valenti +423 235 3043 looks forward to your online application www.ivoclarvivadent.com www.ivoclarvivadent.com/en/career","{
  ""ai_application_tasks"": [
    {
      ""task_id"": 1,
      ""ai_capability"": ""Automatically analyse and interpret image data (e.g., dental scans or microscopy images) to extract relevant features and patterns."",
      ""brief_description"": ""The system’s imaging module will inspect visual data and derive quantitative information for downstream R&D work."",
      ""raw_excerpt"": ""Imaging"",
      ""explanation"": ""The advert lists “Imaging” as one of the core Data‑Science problem types; in practice this points to computer‑vision models that ingest image data and produce measurements, detections, or segmentations without manual inspection.""
    },
    {
      ""task_id"": 2,
      ""ai_capability"": ""Cluster heterogeneous datasets so that similar samples, patients, or process runs are grouped together without pre‑defined labels."",
      ""brief_description"": ""AI‑driven clustering will reveal natural groupings within dental R&D data sets."",
      ""raw_excerpt"": ""Clustering"",
      ""explanation"": ""“Clustering” is explicitly named; this is an unsupervised‑learning capability in which an algorithm automatically forms groups, thereby automating what would otherwise be a manual pattern‑search.""
    },
    {
      ""task_id"": 3,
      ""ai_capability"": ""Model temporal trends and generate forecasts from time‑series data to predict future values of key quality or process indicators."",
      ""brief_description"": ""Time‑series analysis and prediction will forecast variables such as material performance over time."",
      ""raw_excerpt"": ""Time Series Analysis and Prediction"",
      ""explanation"": ""The phrase indicates a forecasting function; predictive models automatically extrapolate time‑dependent patterns, reducing the need for manual trend estimation.""
    },
    {
      ""task_id"": 4,
      ""ai_capability"": ""Classify new observations (e.g., product batches, customer cases) into predefined categories based on learned patterns to the correct class (pass/fail, defect type, etc.)"",
      ""brief_description"": ""A classification module will automatically assign each data point to the correct class (pass/fail, defect type, etc.)."",
      ""raw_excerpt"": ""Classification"",
      ""explanation"": ""“Classification” is named as a Data‑Science task; supervised models carry out this label‑assignment autonomously, replacing manual decision rules.""
    },
    {
      ""task_id"": 5,
      ""ai_capability"": ""Execute statistical analyses on both structured tables and unstructured sources (text, images) to uncover relationships and significant effects."",
      ""brief_description"": ""Automated statistical routines will analyse mixed‑format data without manual calculations."",
      ""raw_excerpt"": ""Selbstständige Durchführung von statistischen Analysen auf Basis von strukturierten und unstrukturierten Daten"",
      ""explanation"": ""The excerpt points to automated statistical pipelines that run analyses directly on varied data types, reducing hand‑crafted statistical work.""
    },
    {
      ""task_id"": 6,
      ""ai_capability"": ""Clean, transform, and integrate raw data through automated data‑preparation pipelines to make them analysis‑ready."",
      ""brief_description"": ""Data‑preparation processes will ingest raw inputs and output well‑formatted datasets for modelling."",
      ""raw_excerpt"": ""Entwicklung von Datenaufbereitungsprozessen für anschliessende Analysen"",
      ""explanation"": ""The bullet refers to building data‑preparation workflows; such ETL pipelines automate repetitive cleansing and feature‑engineering steps.""
    },
    {
      ""task_id"": 7,
      ""ai_capability"": ""Generate visualisations and dashboards that translate complex analytical results into stakeholder‑friendly graphics automatically for diverse audiences."",
      ""brief_description"": ""Visualisation tools will turn model outputs into interpretable charts for diverse audiences."",
      ""raw_excerpt"": ""Visualisierung der Ergebnisse komplexer Datenanalysen für verschiedene Stakeholder"",
      ""explanation"": ""The excerpt describes automated rendering of results; modern analytics platforms can dynamically create visuals, eliminating manual chart creation.""
    }
  ]
}"
cc85673f-2a1b-4b36-a727-10c4c1f6364d,ML Engineering Consultant,Innovation Process Technology AG,Kleinunternehmen,Deutschschweiz,de,de,"ML Engineering Consulting

Wir sind eine Schweizer IT-Consulting-Firma. Wir bauen innovative Lösungen bei unseren Kunden vor Ort. Uns gibt es seit über 25 Jahren, aber wir leben immer noch eine Start-up-Mentalität – 170 Leute, Flat Hierarchy, No Politics, Lots of Fun! Bei uns gilt: People First! Alle können sich bei uns einbringen und zu Expertinnen und Experten werden. Wissen wird geteilt und gegenseitige Unterstützung ist zentral. We’re ONE Team!

Hast Du kürzlich Dein Studium beendet oder stehst Du gerade vor dem Abschluss? Dann wag den Schritt in die IT-Consulting-Welt.

Deine Challenges

Du verhilfst dem Kunden die ML-Strategie umzusetzen

Du bist in einem mixed Team (ipt & Kunde) und agierst als Bindeglied zwischen Software Entwicklung und Data Science

Du erhebst Requirements für Machine Learning und Advanced Analytics Cases und implementierst diese mit modernen Technologien

Für die Operationalisierung und den Betrieb von ML Modellen sorgen sowie die trainierten Modelle auf Produktionsniveau bringen

Du definierst Data Pipelines für eine saubere Reproduzierbarkeit und betriebsbereite Skalierbarkeit von Daten

Das bringst Du mit

Abgeschlossenes Studium (Informatik, Wirtschaftsinformatik, Mathematik, Elektrotechnik, Physik o.ä.)

Erste Projekterfahrung im Software Engineering z.B. im Rahmen eines Praktikums

Leidenschaft an innovativen Technologien, Methoden und Themen wie Machine Learning, Data Analytics oder Stream Analytics

Teamplayer und gute kommunikative Fähigkeiten

Professionelles Auftreten und fliessende Deutsch- und Englischkenntnisse

Das sind unsere Benefits für Dich

Entwicklung + Perspektive: Persönliche Weiterbildungs- und Entwicklungsmöglichkeiten basierend auf Deinen Karrierevorstellungen

Gemeinsame Aktivitäten: Nach getaner Arbeit treffen wir uns auch gerne mal zum Sport oder Feierabendbier

Garantierte Abwechslung: Verschiedene Kunden, Themen, Methoden und Technologien

Hardfacts

Dein Arbeitsort ist vor Ort beim Kunden in der Deutschschweiz (Zürich, Luzern, Basel, Bern, St. Gallen)

Pensum: 80% oder mehr

Dieses Stelleninserat umschreibt ein Szenario, das Dich in einem Projekt erwarten könnte. Wir suchen Talente, die für verschiedene Themen und Technologien offen sind.

«We hire for attitude and train for skills» – Wir erwarten nicht, dass Du bereits mehrjährige Berufserfahrung mitbringst. Vielmehr wollen wir Dich gezielt fördern. Bist Du technisch affin und hast Freude an Kundenkontakt und Beratung? Magst Du es technisch hands-on zu arbeiten? Dann ist ipt genau die richtige Firma!

Hast Du Fragen?

Simal Papadopoulos
People & Development","ML Engineering Consulting

We are a Swiss IT consulting company. We develop innovative solutions on-site at our clients' locations. We have been around for over 25 years, but we still maintain a start-up mentality – 170 people, flat hierarchy, no politics, lots of fun! Our motto: People First! Everyone can contribute and become an expert. Knowledge is shared, and mutual support is central. We’re ONE Team!

Have you recently finished your studies or are you about to graduate? Then take the step into the world of IT consulting.

Your Challenges

- Help the client implement the ML strategy
- Work in a mixed team (internal & client) and act as a link between software development and data science
- Gather requirements for machine learning and advanced analytics cases and implement them using modern technologies
- Ensure the operationalization and deployment of ML models, bringing trained models to production level
- Define data pipelines for clean reproducibility and operationally scalable data management

What You Bring

- Completed degree (Computer Science, Business Informatics, Mathematics, Electrical Engineering, Physics, or similar)
- Initial project experience in software engineering, e.g., during an internship
- Passion for innovative technologies, methods, and topics such as machine learning, data analytics, or stream analytics
- Team player with good communication skills
- Professional demeanor and fluent in German and English

Our Benefits for You

- Development + Perspective: Personal training and development opportunities tailored to your career goals
- Shared activities: After work, we also like to meet for sports or a beer
- Guaranteed variety: Different clients, topics, methods, and technologies

Hard Facts

- Your workplace is on-site at the client in German-speaking Switzerland (Zurich, Lucerne, Basel, Bern, St. Gallen)
- Workload: 80% or more

This job posting describes a scenario you might encounter in a project. We are looking for talents who are open to various topics and technologies.

“We hire for attitude and train for skills” – We do not expect you to have several years of professional experience already. Instead, we want to support you specifically. Are you technically inclined and enjoy client contact and consulting? Do you like working hands-on technically? Then ipt is the right company for you!

Do you have questions?

Simal Papadopoulos
People & Development","{
  ""ai_application_tasks"": [
    {
      ""task_id"": 1,
      ""ai_capability"": ""Run trained machine‑learning models in a production environment to automatically generate predictions or decisions."",
      ""brief_description"": ""The deployed models operate continuously in production to deliver their outputs without human intervention."",
      ""raw_excerpt"": ""Für die Operationalisierung und den Betrieb von ML Modellen sorgen sowie die trainierten Modelle auf Produktionsniveau bringen"",
      ""explanation"": ""The excerpt states that the trained models will be operationalized and run in production, implying the system itself is responsible for producing predictions or other ML outputs autonomously once deployed.""
    },
    {
      ""task_id"": 2,
      ""ai_capability"": ""Carry out advanced analytics on client data to automatically extract insights and answer analytical questions."",
      ""brief_description"": ""AI solutions implement various \""Machine Learning and Advanced Analytics cases\"" to analyze data and deliver insights."",
      ""raw_excerpt"": ""Du erhebst Requirements für Machine Learning und Advanced Analytics Cases und implementierst diese mit modernen Technologien"",
      ""explanation"": ""By referencing the implementation of ML and Advanced Analytics cases, the ad indicates that the resulting systems will perform automated analytical workflows—discovering patterns or insights from data—for the client.""
    },
    {
      ""task_id"": 3,
      ""ai_capability"": ""Execute automated, reproducible, and scalable data‑processing pipelines that prepare and serve data for downstream ML tasks."",
      ""brief_description"": ""Defined data pipelines repeatedly ingest, transform, and make data production‑ready at scale."",
      ""raw_excerpt"": ""Du definierst Data Pipelines für eine saubere Reproduzierbarkeit und betriebsbereite Skalierbarkeit von Daten"",
      ""explanation"": ""Data pipelines, once defined, are automated workflows: they reproducibly process and scale data so that ML models can consume it—an important automated capability distinct from manual engineering work.""
    }
  ]
}
"
d8893a41-61ea-4a1c-86b7-7d4964d9291f,Senior AI Strategy Consultant,Innovation Process Technology AG,Kleinunternehmen,CH 6300 Zug,de,de,"Senior AI Strategy Consultant

Wir sind eine Schweizer IT-Consulting Firma. Wir bauen innovative Lösungen beim Kunden vor Ort. Uns gibt es schon seit über 20 Jahren, aber wir leben immer noch eine Start-up Mentalität – 140 Leute, Flat Hierarchy, No Politics, Lots of Fun! Bei uns gilt: People First! Jeder kann sich bei uns einbringen und zum Experten werden. Wissen wird geteilt und gegenseitige Unterstützung ist zentral. We’re ONE Team!
Bewirb dich jetzt!
Deine Challenges

Du berätst unsere Kunden und entwickelst mit ihnen eine AI Strategie. Dabei diskutierst du den Impact von AI auf das Unternehmen, weist auf Chancen und Gefahren in der Branche hin und entwickelst Szenarien für den Einsatz von AI

Du entwickelst mit den Fachabteilungen zusammen neue AI Use Cases in Workshops

Nutzen Analyse, Bewertung und Priorisierung von AI Use Cases

Definieren der Zielarchitektur und dem Vorgehen für die Umsetzung

In der Umsetzung der AI Strategie arbeitest du Hand in Hand und auf Augenhöhe mit z.B. Fachvertretern und dem Analytics Team zusammen

Das bringst du mit

Expertise im Bereich Strategieentwicklung und –beratung

Know-how in den Bereichen Artificial Intelligence, Advanced Analytics, Machine Learning, Big Data, Business Intelligence o.ä.

Abgeschlossenes Studium (Informatik, Wirtschaftsinformatik, Mathematik, Statistik, Elektrotechnik, Physik o.ä.)

Stilsicherer Umgang mit C-Level und Fachverantwortlichen

Leidenschaft, sich schnell in neue Themen und Technologien einzuarbeiten

Teamplayer und starke kommunikative Fähigkeiten

Fliessende Deutsch- und Englischkenntnisse

Das sind unsere Benefits für dich

Austausch unter Experten: Monatliche Mitarbeiterevents, TechBiers und Scrum’n’Wines garantieren Know-How Austausch und frische Ideen

Work-Life-Integration: Jahresarbeitszeit, Überzeitkompensation, 5 Wochen Ferien, die Zuger Feiertage und Teilzeitangebote – denn Ausgleich ist uns wichtig

Garantierte Abwechslung: Verschiedene Kunden, Themen, Methoden und Technologien – als Consultant wird es nicht langweilig

Hardfacts

Dein Arbeitsort ist vor Ort beim Kunden in der Deutschschweiz (ZH, LU, BS, BE)

80-100% Pensum

Dieses Stelleninserat umschreibt ein Szenario, das dich in einem Projekt erwarten könnte. Wir suchen daher Talente, die für verschiedene Themen und Technologien offen sind.

P.S. Wir schauen optimistisch in die Zukunft und suchen auch in Zeiten von COVID-19 passende Bewerbende, die unser Team verstärken und uns weiterbringen.

Hast du Fragen?

Michaela Kuhn
HR + Mitglied der Geschäftsleitung

Wir freuen uns auf deine Bewerbung!
AnredeHerrFrauVornameNameE-MailTelefonDein Xing-ProfilDein Linkedin-ProfilBewerbungsschreiben

.pdf, .doc, .zip (max. 20MB)

Lebenslauf

.pdf, .doc, .zip (max. 20MB)

Weitere Dokumente

.pdf, .doc, .zip (max. 20MB)

Weitere LinksBemerkungWie bist du auf ipt aufmerksam geworden?Ich habe die Datenschutzbestimmungen gelesen und bin damit einverstanden.Comments","Senior AI Strategy Consultant

We are a Swiss IT consulting company. We develop innovative solutions on-site at our clients' locations. We have been around for over 20 years, but we still maintain a start-up mentality – 140 people, flat hierarchy, no politics, lots of fun! Our guiding principle: People First! Everyone can contribute and become an expert. Knowledge is shared, and mutual support is central. We’re ONE Team!
Apply now!
Your Challenges

You advise our clients and develop an AI strategy with them. This involves discussing the impact of AI on the company, highlighting opportunities and risks in the industry, and developing scenarios for AI deployment.

You collaborate with business departments to develop new AI use cases in workshops.

Conduct benefit analysis, evaluation, and prioritization of AI use cases.

Define the target architecture and approach for implementation.

In implementing the AI strategy, you work hand-in-hand and on equal footing with stakeholders such as subject matter experts and the analytics team.

What you bring

Expertise in strategy development and consulting

Knowledge in the areas of Artificial Intelligence, Advanced Analytics, Machine Learning, Big Data, Business Intelligence, or similar

Completed degree (Computer Science, Business Informatics, Mathematics, Statistics, Electrical Engineering, Physics, or similar)

Confident communication with C-level executives and specialists

Passion for quickly learning new topics and technologies

Team player with strong communication skills

Fluent in German and English

Our Benefits for You

Expert exchange: Monthly employee events, TechBiers, and Scrum’n’Wines ensure knowledge sharing and fresh ideas

Work-life integration: Annual working hours, overtime compensation, 5 weeks of vacation, Zug holidays, and part-time options – because balance is important to us

Guaranteed variety: Different clients, topics, methods, and technologies – as a consultant, it will never be boring

Hard facts

Your workplace is on-site at the client’s location in German-speaking Switzerland (ZH, LU, BS, BE)

80-100% workload

This job posting describes a scenario you might encounter in a project. We are therefore looking for talents who are open to various topics and technologies.

P.S. We look optimistically into the future and are still seeking suitable candidates during COVID-19 to strengthen our team and help us grow.

Do you have questions?

Michaela Kuhn
HR + Member of the Management

We look forward to your application!
Salutation Mr./Ms. First Name Last Name Email Phone Your Xing Profile Your LinkedIn Profile Cover Letter

.pdf, .doc, .zip (max. 20MB)

Resume

.pdf, .doc, .zip (max. 20MB)

Additional Documents

.pdf, .doc, .zip (max. 20MB)

Additional Links Notes How did you find out about ipt? I have read the data protection regulations and agree to them.","{
  ""ai_application_tasks"": []
}
"
a923c0d0-02c2-4e3e-b0f0-1142b61f461f,Stage Ingénieur Intelligence Artificielle (H/F),"Manufacture Jaeger-LeCoultre, Branch of Richemont International SA",Kleinunternehmen,"Le Sentier, VD, CH",fr,fr,"Postuler »Code de référence:  34308
Stage Ingénieur Intelligence Artificielle (H/F)

Le Sentier, VD, CH
Trainee/Intern
Depuis sa création, Jaeger-LeCoultre a fait de la précision un art à part entière, en trouvant le parfait équilibre entre savoir-faire pointu et sens artistique, sophistication et finesse esthétique. Fidèle à l'esprit d'invention initié en 1833 par son fondateur Antoine LeCoultre, les artisans de la Manufacture créent des collections à la pointe de la Haute Horlogerie: Reverso, Master, Jaeger-LeCoultre Polaris, RendezVous et Atmos - ce riche héritage construit par la Grande Maison au fil des siècles est une source d'inspiration constante qui ne cesse de repousser les limites à travers des garde-temps sans précédent.

Pour notre Manufacture basée au Sentier (Vaud - Suisse), nous cherchons un Stagiaire Ingénieur Intelligence Artificielle pour une durée de 6 mois à compter de septembre 2021.

RESPONSABILITÉS

Développer un outil de type web-application (interface utilisateur et back-end) basé sur des algorithmes de type intelligence artificielle et computer vision afin d’automatiser certains contrôles qualité

Suivre le prototypage et l’éventuelle mise en production de l’outil

Réaliser un travail de veille technologique dans le domaine de la robotique et de l’intelligence artificielle

PROFIL

Formation supérieure de Ingénieur Informatique, Data Science, Robotique ou équivalente

Idéalement un premier stage d’une durée entre 1 et 3 mois dans un domaine similaire (data science, électronique, robotique)

Organisé, rigoureux et autonome

Esprit d’analyse et de synthèse

Esprit d’équipe, capacités relationnelles et de communication

Autonomie

Force de proposition

Bonne connaissance et utilisation des outils informatique (HTML, CSS, JavaScript, Python, Tensorflow)

Français et Anglais parlés couramment

Postuler »","Apply »Reference code: 34308
Artificial Intelligence Engineer Intern (M/F)

Le Sentier, VD, CH
Trainee/Intern
Since its founding, Jaeger-LeCoultre has made precision an art in its own right, finding the perfect balance between advanced craftsmanship and artistic sense, sophistication and aesthetic finesse. True to the spirit of innovation initiated in 1833 by its founder Antoine LeCoultre, the artisans of the Manufacture create collections at the forefront of Haute Horlogerie: Reverso, Master, Jaeger-LeCoultre Polaris, RendezVous, and Atmos – this rich heritage built by the Maison over the centuries is a constant source of inspiration that continually pushes boundaries through unprecedented timepieces.

For our Manufacture based in Le Sentier (Vaud - Switzerland), we are looking for an Artificial Intelligence Engineering Intern for a duration of 6 months starting September 2021.

RESPONSIBILITIES

Develop a web-application type tool (user interface and back-end) based on artificial intelligence and computer vision algorithms to automate certain quality control processes

Follow the prototyping and potential deployment of the tool

Conduct technological watch work in the fields of robotics and artificial intelligence

PROFILE

Higher education in Computer Engineering, Data Science, Robotics, or equivalent

Ideally, a first internship lasting between 1 and 3 months in a similar field (data science, electronics, robotics)

Organized, rigorous, and autonomous

Analytical and synthetic thinking skills

Team spirit, interpersonal and communication skills

Autonomy

Proactive approach

Good knowledge and use of computer tools (HTML, CSS, JavaScript, Python, TensorFlow)

Fluent in French and English

Apply","{
  ""ai_application_tasks"": [
    {
      ""task_id"": 1,
      ""ai_capability"": ""Automatically perform visual quality‑control checks on watch components or finished timepieces using computer‑vision algorithms."",
      ""brief_description"": ""The AI‑enabled web application inspects products and flags quality issues without human intervention."",
      ""raw_excerpt"": ""« …basé sur des algorithmes de type intelligence artificielle et computer vision afin d’automatiser certains contrôles qualité »"",
      ""explanation"": ""The advert explicitly states that the goal of the AI/computer‑vision tool is to automate parts of the quality‑control process, implying automated detection of defects or deviations.""
    }
  ]
}
"
07df27a2-79f1-42a2-9522-152446497ac2,Praktikant Data Analytics,Ivoclar Vivadent AG,Grossunternehmen,LI-9494 Schaan,de,de,"Praktikant Data Analytics(m/w)
Standort Schaan, Liechtenstein
Sie unterstützen unser Data Science Team in verschiedenen Problemstellungen wie Imaging, Clustering, Time Series Analysis and Prediction, Classification. Sie bringen Motivation und Geduld mit, um sich komplexen Fragestellungen in Zusammenhang mit Daten zu widmen. Sie finden ein Umfeld, in dem Sie ein interessantes und abwechslungsreiches Praktikum von sechs bis 12 Monaten absolvieren und bei Interesse eine Bachelor-/ oder Masterarbeit verfassen können.
Wir freuen uns auf Sie!

Das sind Ihre Aufgaben

Mitarbeit bei verschiedensten Problemstellungen der Data Science

Selbstständige Durchführung von statistischen Analysen auf Basis von strukturierten und unstrukturierten Daten

Entwicklung von Datenaufbereitungsprozessen für anschliessende Analysen

Visualisierung der Ergebnisse komplexer Datenanalysen für verschiedene Stakeholder

Das bringen Sie mit

Grundkenntnisse in der Statistik sowie Erfahrung im Bereich Data Science (Data Mining, Analytics, Machine Learning, Deep Learning, Visualisierung, etc.)

Erfahrungen mit Data Science Tools und Frameworks (z.B. Python, R, Matlab, Numpy, Scikit-learn, TensorFlow, Theano, Caffe, Tableau, etc.)

Flexibilität und Freude an den interdisziplinären Tätigkeiten der Data Science auf R&D Level

Teamfähige und aufgeschlossene Persönlichkeit

Gestalten Sie mit uns die Zukunft der Dentalbranche

Ivoclar Vivadent ist ein weltweit führendes Dentalunternehmen mit 3500 Mitarbeitenden. Wir leben und lieben Innovation und stehen für Tradition und Qualität – dabei leiten uns die Werte und die Kultur eines nachhaltig agierenden Familienunternehmens mit langfristiger Perspektive.

Wir bringen Menschen zum Lächeln

Um dieses Ziel zu erreichen, suchen wir Leute mit Ideen, Mut und Tatkraft. Köpfe und Kräfte, die unsere Leidenschaft teilen. Bei uns finden Sie eine Welt der Vielfalt, des gegenseitigen Respekts und der Zusammenarbeit. Wir lassen Worten Taten folgen und entwickeln uns stetig weiter. Werden Sie Teil unseres Teams.

Pascale Valenti  +423 235 3043freut sich auf Ihre Onlinebewerbung
Jetzt bewerben
Unternehmensvideo
www.ivoclarvivadent.com/karriere","Internship Data Analytics (m/f)
Location: Schaan, Liechtenstein
You will support our Data Science team in various challenges such as Imaging, Clustering, Time Series Analysis and Prediction, Classification. You bring motivation and patience to tackle complex questions related to data. You will find an environment where you can complete an interesting and diverse internship lasting six to twelve months and, if interested, write a Bachelor's or Master's thesis.
We look forward to meeting you!

Your responsibilities

- Collaborating on various Data Science problems
- Independently conducting statistical analyses based on structured and unstructured data
- Developing data preparation processes for subsequent analyses
- Visualizing the results of complex data analyses for different stakeholders

What you bring

- Basic knowledge of statistics and experience in Data Science (Data Mining, Analytics, Machine Learning, Deep Learning, Visualization, etc.)
- Experience with Data Science tools and frameworks (e.g., Python, R, Matlab, Numpy, Scikit-learn, TensorFlow, Theano, Caffe, Tableau, etc.)
- Flexibility and enthusiasm for interdisciplinary activities in Data Science at R&D level
- A team-oriented and open-minded personality

Shape the future of the dental industry with us

Ivoclar Vivadent is a globally leading dental company with 3,500 employees. We live and love innovation and stand for tradition and quality – guided by the values and culture of a sustainably operating family business with a long-term perspective.

We make people smile

To achieve this goal, we are looking for people with ideas, courage, and initiative. Minds and energies who share our passion. With us, you will find a world of diversity, mutual respect, and collaboration. We turn words into actions and continuously develop ourselves. Become part of our team.

Pascale Valenti +423 235 3043 looks forward to your online application
Apply now
Company video
www.ivoclarvivadent.com/career","{
  ""ai_application_tasks"": [
    {
      ""task_id"": 1,
      ""ai_capability"": ""Automatically analyse and extract information from imaging data to derive features or insights required for further analysis."",
      ""brief_description"": ""Models process imaging datasets (e.g., medical or dental images) to derive features or insights required for further analysis."",
      ""raw_excerpt"": ""Imaging"",
      ""explanation"": ""The advert explicitly lists “Imaging” as a Data‑Science problem field; in practice this refers to computer‑vision or image‑analysis algorithms that handle the image‑processing workload, not the human developer.""
    },
    {
      ""task_id"": 2,
      ""ai_capability"": ""Group data points into natural clusters without pre‑defined labels to reveal latent structure or customer/material groupings."",
      ""brief_description"": ""Unsupervised clustering algorithms segment datasets to reveal latent structure or customer/material groupings."",
      ""raw_excerpt"": ""Clustering"",
      ""explanation"": ""“Clustering” is named as a target problem; this is an AI/ML task where the algorithm itself performs the grouping once trained or configured.""
    },
    {
      ""task_id"": 3,
      ""ai_capability"": ""Analyse time‑series data and generate forecasts of future values or trends to predict upcoming demand, performance, or sensor readings."",
      ""brief_description"": ""Forecasting models learn temporal patterns in historical measurements to predict upcoming demand, performance, or sensor readings."",
      ""raw_excerpt"": ""Time Series Analysis and Prediction"",
      ""explanation"": ""The phrase combines analysis and prediction of time‑dependent data, which is a canonical ML application delegated to forecasting algorithms.""
    },
    {
      ""task_id"": 4,
      ""ai_capability"": ""Classify records into predefined categories using supervised learning to new data instances automatically."",
      ""brief_description"": ""Classification models assign labels (e.g., defect/no‑defect, healthy/pathological) to new data instances automatically."",
      ""raw_excerpt"": ""Classification"",
      ""explanation"": ""“Classification” is directly cited; this is an AI capability where the system performs the labelling task once trained.""
    },
    {
      ""task_id"": 5,
      ""ai_capability"": ""Execute statistical analyses on both structured and unstructured datasets to support evidence‑based decisions."",
      ""brief_description"": ""Automated statistical routines compute descriptive and inferential metrics to support evidence‑based decisions."",
      ""raw_excerpt"": ""Selbstständige Durchführung von statistischen Analysen auf Basis von strukturierten und unstrukturierten Daten"",
      ""explanation"": ""The ad states that analyses should be carried out autonomously; statistical analysis engines (often embedded in ML pipelines) handle these computations rather than a person doing them manually.""
    }
  ]
}"
b14c1459-5699-4dd2-9bfb-6fe1cb06e5a3,Senior Manager UX & CX (m/w) 80-100%,CKW AG,Mittelunternehmen,Emmen (Rathausen),de,de,"Senior Manager UX & CX (m/w)
80-100% / Emmen (Rathausen)
Deine Aufgaben

Strategieentwicklung, Planung, Design und federführende Umsetzung sowie Auswertung zur problemadäquaten Datenerhebung von Konsumenten, Mitarbeitenden und Nutzern über alle Kanäle und Produktbereiche hinweg

Identifikation von Lücken und Übersetzen von Research- und Umfragebedürfnissen aus den Unternehmensbereichen in konkrete Businessziele

Design der Befragungen und Durchführung mit den jeweils geeigneten Methoden

User- und Customer Journey Mapping und Ableiten von Empfehlungen zur Optimierung basierend auf der Analyse von quantitativen wie qualitativen Daten mit den entsprechenden Tools

Aufbau und Pflege von Beziehungen zu internen und externen Partnern rund um das Thema Customer Experience und Kundenbedürfnisse sowie –wissen

Verantwortlich für Datenanalyse-Plattformen und Messinstrumente, Budget und Agentur-Management

Dein Profil

Erfolgreich abgeschlossenes Studium (Fachhochschule oder höhere Ausbildung) mit langjähriger Erfahrung im Bereich Market Research, Umfragen, Fokus Gruppen, Persönlichen Interviews, Beobachtung und experimentellen/digitalen Designs sowie deren Auswertung und Empfehlungsmanagement

Fähigkeit für fesselndes Storytelling und Ableiten von Empfehlungen aus den gewonnen Daten sowie Grundverständnis von Deep Learning und Machine Learning

Exzellentes Verständnis von Markenführung und digitalem Nutzerverhalten z.B. aus User Experience Labs sowie guter Umgang mit SPSS, digitalen Surveys, Operational Data Analysis Tools

Analytisch denkende Person mit einer schnellen Auffassungsgabe, sehr gutem Durchsetzungsvermögen und ausgeprägter Kommunikationsfähigkeit

Dynamische, innovative und teamfähige Persönlichkeit, die Veränderungen gegenüber offen ist

Um dir vom ersten Moment an einen Eindruck unserer Kultur zu vermitteln, haben wir im Rekrutierungsprozess die DU-Form eingeführt. Sei Teil unseres Unternehmens!
Deine Benefits
Zum Auf- und Zuklappen klickenGehalt & SozialleistungenMarkt- und leistungsgerechter Lohn mit 13. Monatsgehalt sowie attraktiver Erfolgsbeteiligung. Finanziell gesunde Pensionskasse mit vorteilhaften Sparplänen und 60 Prozent Arbeitgeberbeitrag. 100 Prozent Lohnfortzahlung bei Krankheit, Unfall und Mutterschaftsurlaub sowie Übernahme der Nichtberufsunfall-Prämie.ZusatzleistungenGrosszügige Lohnnebenleistungen wie Halbtax, Reka-Checks, Benzinrabatt, MobileAbos, Arbeitskeidung, kostenlose Parkplätze und vieles mehr.GesundheitGanzheitliches betriebliches Gesundheitsmanagement. Höchste Sicherheitsansprüche mit vielseitigen Angeboten zur Förderung der Arbeitssicherheit.Entwicklung / Weiterbildung / FörderungBreites internes Kursangebot und Unterstützung bei externer Aus- und Weiterbildung. Mitarbeiterförderung mittels Potenzialerhebung sowie individuellem Entwicklungsplan, Talentmanagement, Coaching und Führungskräfteentwicklung.UmfeldKollegiales und unkompliziertes Arbeitsklima mit Du-Kultur Moderne Arbeitsplätze und -instrumente. Vielfältige Mitarbeiteranlässe, wie Skitouren, Reussschwimmen oder Plauschkegeln.Flexible ArbeitszeitMindestens 5 Wochen Ferien, flexible Jahresarbeitszeit (Basis 40-Stunden-Woche), Möglichkeit von Teilzeitarbeit, Homeoffice, unbezahltem Urlaub sowie Ferienkauf. Die Benefits werden spätestens am 1. Januar 2021 eingeführt.
Dein Kontakt bei FragenMarion Glanzmann
HR Bereichsleiterin
Tel.: 041 249 51 16Informationen zum Bewerbungsablauf »

BewerbungsunterlagenWir arbeiten mit einem professionellen Bewerber-Management-System und bearbeiten nur Online-Bewerbungen. Nach Eingang deiner Unterlagen erhältst du eine E-Mail mit den Zugangsdaten zu deinem Profil, in dem du deine Bewerbungen verwalten kannst und Einblick in alle offene Stelle hast.

SelektionWir prüfen alle Bewerbungen sorgfältig und handhaben die Informationen absolut vertraulich.

VorstellungsgesprächKandidaten, die wir als geeignet erachten, laden wir zu einem ersten Vorstellungsgespräch ein. Ziel dieses Gesprächs ist, dass du dir ein ganzheitliches Bild von deiner möglichen neuen Position und deinem Umfeld machen kannst und wir gleichzeitig einen abgerundeten Eindruck von dir erhalten.
Bei gegenseitigem Interesse folgt ein zweites Vorstellungsgespräch. Die Gespräche werden vom direkten Vorgesetzten und/oder vom zuständigen HR-Bereichsleiter begleitet. Zudem erhältst du die Möglichkeit, das Team kennen zu lernen. Je nach Funktion führen wir mit dir noch ein Assessment durch oder du erhältst eine konkrete Fragestellung aus dem Fachbereich zum Lösen. Bei Bedarf prüfen wir noch Referenzen bei deinen früheren Arbeitgebern.
Interview-Tipps
Eine gute Vorbereitung ist die Grundlage für ein erfolgreiches Gespräch. Denke an all die Erfahrungen, die du bereits gemacht hast. Erzähle uns von persönlichen Herausforderungen oder speziellen beruflichen Erlebnissen. Das Interview soll ein Dialog sein. Profitiere davon und öffne dich deinen Interviewern. Nehme aber auch die Chance wahr, soviel wie möglich zu erfahren und stelle Fragen. Was möchtest du am Ende des Gesprächs wissen? Was ist dir wichtig in Erfahrung zu bringen? Am besten notierst du vor dem Gespräch die Fragen, die sich dir bei der Recherche über unser Unternehmen und der Auseinandersetzung mit dem Stelleninserat ergeben haben. Sei ehrlich, natürlich und authentisch – wir sind es auch! So können wir gemeinsam herausfinden, ob wir zu einander passen.

Job-AboAls smarter und kundenorientierter Energiedienstleister benötigen wir immer wieder qualifizierte Mitarbeitende wie dich. Auch wenn du auf die ausgeschriebene Stelle eine Absage erhalten hast, möchten wir mit dir in Kontakt bleiben. Deshalb bieten wir dir die Möglichkeit, bei uns ein Job-Abo zu lösen. Damit bist du stets über neue Vakanzen bei uns informiert.

Über uns
Als Dienstleisterin für Energie, Daten, Infrastruktur und Gebäudetechnik in der Schweiz haben wir die Erfahrung, das Know-how und die Ambition, die Herausforderungen einer neuen Energiewelt anzupacken. Als verantwortungsvolle Arbeitgeberin bietet CKW attraktive Anstellungsbedingungen. Gestalte gemeinsam mit uns die Energiezukunft.
Weitere Informationen
Dein Arbeitsumfeld

Dein Arbeitsort
weitere offene Stellen bei CKW","Senior Manager UX & CX (m/f)
80-100% / Emmen (Rathausen)
Your Responsibilities

Strategy development, planning, design, leading implementation, and evaluation of problem-appropriate data collection from consumers, employees, and users across all channels and product areas

Identification of gaps and translating research and survey needs from company departments into concrete business objectives

Design of surveys and execution using the most suitable methods

User and Customer Journey Mapping and deriving recommendations for optimization based on the analysis of quantitative and qualitative data with the appropriate tools

Building and maintaining relationships with internal and external partners around the topics of Customer Experience and customer needs and knowledge

Responsible for data analysis platforms and measurement tools, budget, and agency management

Your Profile

Successfully completed studies (university or higher education) with extensive experience in market research, surveys, focus groups, personal interviews, observation, and experimental/digital designs, as well as their evaluation and recommendation management

Ability to craft compelling stories and derive recommendations from the collected data, with a basic understanding of Deep Learning and Machine Learning

Excellent understanding of brand management and digital user behavior, e.g., from User Experience Labs, and proficiency with SPSS, digital surveys, operational data analysis tools

Analytically minded individual with quick comprehension, strong assertiveness, and excellent communication skills

A dynamic, innovative, and team-oriented personality open to change

To give you an impression of our culture from the very first moment, we have introduced the use of the informal ""you"" in our recruitment process. Be part of our company!
Your Benefits
Click to expand/collapse Compensation & Social Benefits
Market- and performance-based salary with 13th month salary and attractive profit sharing. Financially healthy pension fund with favorable savings plans and 60% employer contribution. 100% salary continuation in case of illness, accident, maternity leave, and coverage of non-occupational accident insurance premiums.

Additional Benefits
Generous fringe benefits such as half-fare travel pass, Rega checks, fuel discounts, mobile subscriptions, work clothing, free parking, and more.

Health
Comprehensive corporate health management. Highest safety standards with diverse programs to promote occupational safety.

Development / Continuing Education / Support
Wide range of internal courses and support for external training and development. Employee promotion through potential assessment, individual development plans, talent management, coaching, and leadership development.

Work Environment
Collegial and straightforward working atmosphere with a ""you"" culture. Modern workplaces and tools. Various employee events such as ski tours, swimming trips, or casual bowling.

Flexible Working Hours
At least 5 weeks of vacation, flexible annual working hours (based on a 40-hour week), options for part-time work, home office, unpaid leave, and vacation purchase. These benefits will be introduced by January 1, 2021 at the latest.

Your Contact for Questions
Marion Glanzmann
HR Department Head
Tel.: 041 249 51 16
Information about the application process »

Application Documents
We work with a professional applicant management system and only process online applications. After submitting your documents, you will receive an email with access data to your profile, where you can manage your applications and view all open positions.

Selection
We review all applications carefully and handle the information with absolute confidentiality.

Interview
Candidates we consider suitable will be invited to an initial interview. The goal of this interview is for you to get a comprehensive picture of your potential new role and environment, and for us to gain a well-rounded impression of you. If there is mutual interest, a second interview will follow. The interviews are conducted by your direct supervisor and/or the responsible HR manager. You will also have the opportunity to meet the team. Depending on the role, we may conduct an assessment or ask you to solve a specific task from the department. If necessary, we will also check references with your previous employers.

Interview Tips
Good preparation is the foundation for a successful interview. Think about all your experiences. Share personal challenges or special professional experiences. The interview should be a dialogue. Take advantage of this and be open with your interviewers. Also, seize the opportunity to learn as much as possible and ask questions. What do you want to know at the end of the conversation? What is important for you to find out? It’s best to write down your questions before the interview, based on your research about our company and the job posting. Be honest, natural, and authentic – we are too! This way, we can jointly determine if we are a good fit.

Job Subscription
As a smart and customer-oriented energy service provider, we constantly need qualified employees like you. Even if you receive a rejection for the advertised position, we want to stay in contact. Therefore, we offer you the opportunity to subscribe to job alerts. This way, you will always be informed about new vacancies.

About Us
As a provider of energy, data, infrastructure, and building technology in Switzerland, we have the experience, expertise, and ambition to tackle the challenges of a new energy world. As a responsible employer, CKW offers attractive employment conditions. Shape the energy future together with us.
More Information
Your Work Environment

Your Workplace
Other open positions at CKW","{
  ""ai_application_tasks"": [
    {
      ""task_id"": 1,
      ""ai_capability"": ""Automatically map complete customer and user journeys by applying machine‑learning analytics to quantitative and qualitative interaction data."",
      ""brief_description"": ""ML‑driven analytics tools ingest multi‑channel data and visualise the journey, highlighting touch‑points and transitions without manual charting."",
      ""raw_excerpt"": ""User and Customer Journey Mapping and deriving recommendations for optimization based on the analysis of quantitative and qualitative data with the appropriate tools"",
      ""explanation"": ""Because journey mapping is explicitly paired with tool‑based data analysis, the task is performed by analytics software that relies on ML pattern‑recognition rather than human‑made diagrams.""
    },
    {
      ""task_id"": 2,
      ""ai_capability"": ""Generate data‑driven recommendations for customer‑experience optimisation based on patterns detected in journey and survey data."",
      ""brief_description"": ""After analysing behaviour and feedback, the AI system proposes concrete improvements that reduce friction and raise satisfaction scores."",
      ""raw_excerpt"": ""…deriving recommendations for optimization based on the analysis of quantitative and qualitative data with the appropriate tools"",
      ""explanation"": ""The phrase links ‘deriving recommendations’ directly to tool‑based analysis, indicating an automated insight engine that surfaces optimisation actions.""
    },
    {
      ""task_id"": 3,
      ""ai_capability"": ""Continuously measure and report CX metrics through automated data‑analysis platforms and measurement tools."",
      ""brief_description"": ""The platform aggregates real‑time feedback and produces dashboards or alerts on key CX performance indicators."",
      ""raw_excerpt"": ""Responsible for data analysis platforms and measurement tools"",
      ""explanation"": ""Being accountable for such platforms implies they operate autonomously to collect, analyse, and surface CX metrics without manual spreadsheet work.""
    },
    {
      ""task_id"": 4,
      ""ai_capability"": ""Apply deep‑learning and machine‑learning models to interpret large volumes of consumer, employee, and user data and surface actionable insights."",
      ""brief_description"": ""Models uncover hidden patterns, trends, and correlations that guide strategic decisions."",
      ""raw_excerpt"": ""Ability to craft compelling stories and derive recommendations from the collected data, with a basic understanding of Deep Learning and Machine Learning"",
      ""explanation"": ""The requirement for ML knowledge to derive recommendations signals that underlying DL/ML models perform the heavy analytical lifting before insights are narrated.""
    },
    {
      ""task_id"": 5,
      ""ai_capability"": ""Perform statistical and predictive analysis of survey and operational data—such as regression, segmentation, and forecasting—via AI‑enabled tools like SPSS and other operational analytics software to model behaviours, predict outcomes, and segment respondents automatically."",
      ""brief_description"": ""Software processes structured and unstructured survey results to model behaviours, predict outcomes, and segment respondents automatically."",
      ""raw_excerpt"": ""…proficiency with SPSS, digital surveys, operational data analysis tools"",
      ""explanation"": ""Modern versions of SPSS and similar platforms include ML modules that automate complex statistical modelling, making the analysis itself an AI‑assisted task rather than a purely manual exercise.""
    }
  ]
}"
b7a38bdf-eac5-41f5-a00c-34ea2ba44a0e,ML Engineering Consultant 80% - 100%,Innovation Process Technology AG,Kleinunternehmen,"Zürich, Bern, Luzern, Basel",de,de,"ipt Innovation Process Technology AG

Zürich, Bern, Luzern, Basel

WE ARE ONE TEAM! Bei uns baust du im Team innovative Lösungen beim Kunden vor Ort, verhilfst dem Kunden ML-Strategien umzusetzen und implementierst ...

ML Engineering Consultant","ipt Innovation Process Technology AG

Zürich, Bern, Lucerne, Basel

WE ARE ONE TEAM! With us, you build innovative solutions on-site at the customer's location, help the customer implement ML strategies, and implement ...

ML Engineering Consultant","{
  ""ai_application_tasks"": []
}
"
39f6729e-c13d-4c9c-9310-8ff6812519e8,PRAKTIKANT DATA ANALYTICS (m/w/d),Ivoclar Vivadent AG,Grossunternehmen,"Liechtenstein, Schaan",de,de,"Originalinserat öffnen

PRAKTIKANT DATA ANALYTICS (m/w/d)
Sie unterstützen unser Data Science Team in unterschiedlichen Aufgabenstellungen wie Imaging, Clustering, Time Series Analysis und Prediction, Classification. Sie bringen Motivation und Geduld mit, um sich komplexen Fragestellungen in Zusammenhang mit Daten zu widmen. Sie finden ein Umfeld, in dem Sie ein interessantes und abwechslungsreiches Praktikum von sechs bis zwölf Monaten absolvieren und bei Interesse eine Bachelor-/ oder Masterarbeit verfassen können. Wir freuen uns auf Sie!

Das bringen Sie mit

Sie verfügen über Grundkenntnisse in der Statistik sowie Erfahrung im Bereich Data Science (Data Mining, Analytics, Machine Learning, Deep Learning, Visualisierung, etc.).

Sie haben Erfahrungen mit Data Science Tools und Frameworks (z.B. Python, R, Matlab, Numpy, Scikit-learn, TensorFlow, Theano, Caffe, Tableau, etc.).

Sie überzeugen mit Flexibilität und Freude an den interdisziplinären Tätigkeiten der Data Science auf R&D Level.

Sie sind engagiert sowie teamfähig und arbeiten sorgfältig und gewissenhaft.

Sie verfügen über gute Deutsch- und Englischkenntnisse in Wort und Schrift.

Das sind Ihre Aufgaben

Mitarbeit bei verschiedensten Aufgabenstellungen der Data Science und Data Analytic

Selbstständige Durchführung von statistischen Analysen auf Basis von strukturierten und unstrukturierten Daten

Entwicklung von Datenaufbereitungsprozessen für anschliessende Analysen

Visualisierung der Ergebnisse komplexer Datenanalysen für verschiedene Stakeholder

Präsentation der Ergebnisse an Fachexperten und Entscheidungsträger

Arbeitsort:

Liechtenstein, Schaan
Gestalten Sie mit uns die Zukunft der Dentalbranche
Ivoclar Vivadent ist ein weltweit führendes Dentalunternehmen mit 3500 Mitarbeitenden. Wir leben und lieben Innovation und stehen für Tradition und Qualität – dabei leiten uns die Werte und die Kultur eines nachhaltig agierenden Familienunternehmens mit langfristiger Perspektive.","Open Original Job Posting

INTERNSHIP IN DATA ANALYTICS (m/f/d)
You will support our Data Science team in various tasks such as Imaging, Clustering, Time Series Analysis and Prediction, Classification. You bring motivation and patience to tackle complex questions related to data. You will find an environment where you can complete an interesting and diverse internship lasting six to twelve months and, if interested, write a Bachelor's or Master's thesis. We look forward to hearing from you!

What you bring

You have basic knowledge of statistics and experience in the field of Data Science (Data Mining, Analytics, Machine Learning, Deep Learning, Visualization, etc.).

You have experience with Data Science tools and frameworks (e.g., Python, R, Matlab, Numpy, Scikit-learn, TensorFlow, Theano, Caffe, Tableau, etc.).

You demonstrate flexibility and enthusiasm for the interdisciplinary activities of Data Science at R&D level.

You are committed, a team player, and work carefully and conscientiously.

You have good German and English skills, both written and spoken.

Your tasks

Participation in various Data Science and Data Analytics projects

Independent execution of statistical analyses based on structured and unstructured data

Development of data preprocessing processes for subsequent analyses

Visualization of complex data analysis results for different stakeholders

Presentation of results to subject matter experts and decision-makers

Work location:

Liechtenstein, Schaan
Shape the future of the dental industry with us
Ivoclar Vivadent is a globally leading dental company with 3,500 employees. We live and love innovation and stand for tradition and quality – guided by the values and culture of a sustainably operating family business with a long-term perspective.","{
  ""ai_application_tasks"": [
    {
      ""task_id"": 1,
      ""ai_capability"": ""Use computer‑vision models to analyse imaging data and extract diagnostic or quality‑related information automatically."",
      ""brief_description"": ""AI-driven imaging analysis of data."",
      ""raw_excerpt"": ""…various tasks such as **Imaging**, Clustering, Time Series Analysis and Prediction, Classification."",
      ""explanation"": ""The advert lists “Imaging” as one of the data‑science tasks, implying the system processes images (e.g., dental scans) rather than a human manually inspecting them.""
    },
    {
      ""task_id"": 2,
      ""ai_capability"": ""Automatically group similar data points into clusters to uncover hidden structures or segments without human‑defined labels."",
      ""brief_description"": ""Data clustering performed by ML algorithms."",
      ""raw_excerpt"": ""…various tasks such as Imaging, **Clustering**, Time Series Analysis and Prediction, Classification."",
      ""explanation"": ""“Clustering” is a classic unsupervised‑learning function handled by ML algorithms, not manual spreadsheet work.""
    },
    {
      ""task_id"": 3,
      ""ai_capability"": ""Analyse time‑series data and produce forecasts of future values or events."",
      ""brief_description"": ""Time‑series analysis and prediction."",
      ""raw_excerpt"": ""…tasks such as Imaging, Clustering, **Time Series Analysis and Prediction**, Classification."",
      ""explanation"": ""The phrase explicitly calls out predictive analytics on temporal data—an AI/ML forecasting use case.""
    },
    {
      ""task_id"": 4,
      ""ai_capability"": ""Classify incoming data records into predefined categories using supervised‑learning models."",
      ""brief_description"": ""Automated data classification."",
      ""raw_excerpt"": ""…tasks such as Imaging, Clustering, Time Series Analysis and Prediction, **Classification**."",
      ""explanation"": ""“Classification” describes an ML system that labels data, a core AI capability.""
    },
    {
      ""task_id"": 5,
      ""ai_capability"": ""Run statistical and machine‑learning analyses on both structured tables and unstructured sources to identify patterns and insights."",
      ""brief_description"": ""Automated statistical analyses across data types."",
      ""raw_excerpt"": ""**Independent execution of statistical analyses based on structured and unstructured data**"",
      ""explanation"": ""Although phrased as an internship duty, the work necessarily relies on statistical/ML engines that execute the analyses after the user configures them.""
    },
    {
      ""task_id"": 6,
      ""ai_capability"": ""Clean, transform, and prepare raw data sets automatically to make them suitable for downstream analytics and modelling."",
      ""brief_description"": ""Automated data‑preprocessing pipelines."",
      ""raw_excerpt"": ""**Development of data preprocessing processes for subsequent analyses**"",
      ""explanation"": ""Data‑preprocessing pipelines (e.g., in Python/R) automate repetitive cleaning and transformation tasks prior to modelling.""
    },
    {
      ""task_id"": 7,
      ""ai_capability"": ""Generate visual dashboards or charts that translate complex analytical results into stakeholder‑friendly graphics."",
      ""brief_description"": ""AI‑assisted visualisation of analysis results."",
      ""raw_excerpt"": ""**Visualization of complex data analysis results for different stakeholders**"",
      ""explanation"": ""Tools like Tableau or Python visualisation libraries automatically render graphics, offloading manual chart creation.""
    }
  ]
}
"
3f2ce208-6e33-4532-a6b7-f728c116fa92,Solution Architect,Innovation Process Technology AG,Kleinunternehmen,CH-6300 Zug,de,de,"Wir sind eine Schweizer IT Consulting Firma, fokussiert auf Software Integration. Wir bauen innovative Lösungen beim Kunden vor Ort. Uns gibt es schon seit über 20 Jahren, aber wir leben immer noch eine Start-up Mentalität – 130 Leute, Flat Hierarchy, No Politics, Lots of Fun! Bei uns gilt: People First! Jeder kann sich bei uns einbringen und zum Experten werden. Wissen wird geteilt und gegenseitige Unterstützung ist zentral. We’re ONE Team!

Deine Challenges

Du berätst unsere Kunden neutral, wie sie ihre aktuellen Systeme langfristig und stabil weiterentwickeln können (z.B. in API-Management, DevOps, Cloud Integration, Security oder Machine Learning). Das Ziel ist stets, die beste Lösung für und mit dem Kunden zusammen zu entwickeln und umzusetzen

Zusammen mit verschiedenen Stakeholdern (Business, Security, Netzwerk, SW-Entwickler usw.) erarbeitest du neue Use Cases

Konzeption der technischen Lösungsarchitektur hinsichtlich Industry Best-Practices, Technologietrends und den lokalen Gegebenheiten des Kunden

Entwerfen einer ersten PoC Version, um dem Kunden den Nutzen aufzuzeigen

Du übernimmst den technischen Lead in der Umsetzung der Lösung und wendest state-of-the-art Tooling und agile Projektmethoden an

Du führst neue Projekt-Mitarbeitende ein und coachst das Team

Das bringst du mit

5+ Jahre Projekterfahrung im Software Engineering und/oder Softwarearchitektur

Erfahrung mit verschiedenen IT-Architekturen

Guter Überblick über aktuelle Trends in der IT Industrie (Cloud Native, Machine Learning, Serverless, o.ä.)

Abgeschlossenes Studium (Informatik, Wirtschaftsinformatik, Mathematik, Elektrotechnik, Physik o.ä.)

Teamplayer und starke kommunikative Fähigkeiten

Professionelles Auftreten und fliessende Deutsch- und Englischkenntnisse

Das sind unsere Benefits für dich

Austausch unter Experten: Monatliche Mitarbeiterevents, TechBiers und Scrum’n’Wines garantieren Know-How Austausch und frische Ideen

Bonus für alle gleich: Bonus gibt es bei uns für alle Mitarbeitenden – und verteilt wird er proportional gleichmässig

Entwicklung + Perspektive: Individuelle Weiterbildungs- und Entwicklungsmöglichkeiten basierend auf deinen Karrierevorstellungen

Das sind die Hard Facts

Dein Arbeitsort ist vor Ort beim Kunden in der Deutschschweiz (ZH, LU, BS, BE)

80-100% Pensum

Dieses Stelleninserat umschreibt ein Szenario, das dich in einem Projekt erwarten könnte. Wir suchen daher Talente, die für verschiedene Themen und Technologien offen sind.

Wir freuen uns schon jetzt auf deine Bewerbung!

Jetzt bewerben!

Noch Fragen?

Sina BachmannTalent Acquisition Expert
Nachricht schicken
ipt als Arbeitgeber

Wir haben stolze und zufriedene Mitarbeitende. Überzeuge dich auf kununu.

Fred über sein Leben als ipt Consultant

Wie man sich einen ganz normalen Alltag bei ipt vorstellen kann, zeigt hier unser Lead Consultant Fred!

Dein Arbeitsplatz als ipt-Consultant
In der DeutschschweizVor Ort beim KundenGemeinsam im Team","We are a Swiss IT consulting company focused on software integration. We develop innovative solutions on-site at the customer's location. We have been around for over 20 years, but we still maintain a start-up mentality – 130 people, flat hierarchy, no politics, lots of fun! Our motto is: People First! Everyone can contribute and become an expert with us. Knowledge is shared, and mutual support is central. We’re ONE team!

Your Challenges

You will advise our clients neutrally on how to develop their current systems in a long-term and stable manner (e.g., in API management, DevOps, cloud integration, security, or machine learning). The goal is always to develop and implement the best solution together with the customer.

Together with various stakeholders (business, security, network, software developers, etc.), you will develop new use cases.

Designing the technical solution architecture in accordance with industry best practices, technological trends, and the local conditions of the client.

Creating an initial proof-of-concept version to demonstrate the benefits to the customer.

Taking on the technical lead in the implementation of the solution and applying state-of-the-art tooling and agile project methods.

Introducing new project team members and coaching the team.

What you bring

5+ years of project experience in software engineering and/or software architecture.

Experience with various IT architectures.

Good overview of current trends in the IT industry (cloud native, machine learning, serverless, etc.).

Completed degree (computer science, business informatics, mathematics, electrical engineering, physics, or similar).

Team player with strong communication skills.

Professional appearance and fluent in German and English.

Our Benefits for You

Expert exchange: Monthly employee events, TechBiers, and Scrum’n’Wines ensure knowledge sharing and fresh ideas.

Bonus for everyone: Bonuses are available for all employees – and are distributed proportionally and evenly.

Development + Perspective: Individual training and development opportunities based on your career goals.

The Hard Facts

Your workplace is on-site with the customer in German-speaking Switzerland (ZH, LU, BS, BE).

80-100% workload.

This job posting describes a scenario you might encounter in a project. We are therefore looking for talents who are open to various topics and technologies.

We are already looking forward to your application!

Apply now!

Still have questions?

Sina Bachmann Talent Acquisition Expert
Send message
ipt as employer

We have proud and satisfied employees. Convince yourself on kununu.

Fred about his life as an ipt consultant

Here’s how a typical day at ipt might look, as shared by our Lead Consultant Fred!

Your workplace as an ipt consultant
In the German-speaking part of Switzerland On-site at the customer’s location Working together as a team","{
  ""ai_application_tasks"": [
    {
      ""task_id"": 1,
      ""ai_capability"": ""Apply machine‑learning models to enhance and future‑proof customers’ existing software systems."",
      ""brief_description"": ""The consultant is expected to advise on using machine‑learning techniques so that clients can continue to evolve their current systems in a stable, long‑term manner."",
      ""raw_excerpt"": ""…wie sie ihre aktuellen Systeme langfristig und stabil weiterentwickeln können (z.B. in API‑Management, DevOps, Cloud Integration, Security oder **Machine Learning**)."",
      ""explanation"": ""The advertisement explicitly lists “Machine Learning” as one of the technology domains in which clients seek guidance, implying that ML solutions will automate or optimize portions of the customer’s systems; therefore this AI capability is extracted.""
    }
  ]
}
"
78950663-7c5b-46b3-9c87-ddb49af1a4bc,Solution Architect m/w/d,Ivoclar Vivadent AG,Grossunternehmen,LI-9494 Schaan,de,de,"Ob fachlich oder menschlich – Wir bei der Ivoclar Gruppe unterstützen Zahnärzte, Zahntechniker und Dentalhygieniker weltweit bei ihrem Anspruch und ihrer Passion: den Menschen heute wie morgen die bestmögliche Mundgesundheit und Lebensqualität zu sichern. Aus Überzeugung. Um gemeinsam besser zu werden.
Wollen auch Sie Menschen zum Lächeln bringen? Dann werden Sie Teil unseres globalen Teams als:

Solution Architect m/w/d
Standort Schaan, Liechtenstein
Das sind Sie:

Sie stimmen sich mit den relevanten Stakeholdern ab: Produkt/Projekt und Roadmap planen

Sie machen den Abgleich mit den strategischen Prioritäten und Initiativen

Sie entwerfen Prozesse und unterstützen deren Implementierung (Registrierung, Support, etc.)

Sie schaffen Balance zwischen kurzfristig umsetzbaren Schritten und langfristiger Vision auf Programmebene

Sie unterstützen die Business Units bei der Priorisierung des Produkt-Backlogs unter Berücksichtigung der technischen Aspekte

Sie koordinieren interne und externe Umsetzungspartner unter Berücksichtigung von IP-Protection und einfacher Umsetzungsthematiken

Sie arbeiten mit beim Evaluieren externer Partner und potenzieller Beteiligungen/Übernahmen

Sie verhandeln Auftragsvergaben mit externen Software-Dienstleistern

Das bringen Sie mit:

Mehrjährige Erfahrung in der Enterprise Architecture

Software-Entwicklungs-Hintergrund im technischen Umfeld

Erfahrung mit Technologie- und Organisationstransformationen

Kommunikationsstärke und Durchsetzungskraft, Verhandlungsstärke

Gesamtheitliches, strategisches, unternehmerisches Denken und Fähigkeit zur Abstraktion

Fokus/Kenntnisse in den Themen Informations-Sicherheit und Datenschutz

Kenntnisse in AI, ML und Computer Vision von Vorteil

Gemeinsam erreichen wir unser Ziel – Wollen auch Sie aktiv mitgestalten, sich persönlich weiterentwickeln und einen nachhaltigen Beitrag leisten? Dann sind Sie bei uns genau richtig. Als Familienunternehmen mit langfristiger Perspektive wissen wir, dass unsere weltweit 3500 Mitarbeitenden der Schlüssel zum Erfolg sind. Gemeinsam erreichen wir unser Ziel: Making People Smile.
Ich freue mich auf Ihre Online-Bewerbung:
Alfred Maier,  Telefon +423 235 3497
alfred.maier@ivoclar.com
Jetzt bewerben

ivoclar.com/karriere
Share","Whether professionally or personally – At Ivoclar Group, we support dentists, dental technicians, and dental hygienists worldwide in their pursuit and passion: to ensure the best possible oral health and quality of life for people today and tomorrow. Out of conviction. To become better together.
Do you also want to make people smile? Then become part of our global team as:

Solution Architect m/f/d
Location: Schaan, Liechtenstein
This is you:

You coordinate with relevant stakeholders: plan product/project and roadmap

You align with strategic priorities and initiatives

You design processes and support their implementation (registration, support, etc.)

You create a balance between short-term actionable steps and long-term vision at the program level

You assist the Business Units in prioritizing the product backlog, considering technical aspects

You coordinate internal and external implementation partners, taking into account IP protection and ease of implementation

You participate in evaluating external partners and potential investments/acquisitions

You negotiate contracts with external software service providers

What you bring:

Several years of experience in Enterprise Architecture

Background in software development within a technical environment

Experience with technology and organizational transformations

Strong communication skills, assertiveness, and negotiation skills

Holistic, strategic, entrepreneurial thinking and ability to abstract

Focus/knowledge in information security and data protection

Knowledge of AI, ML, and computer vision is advantageous

Together, we achieve our goal – do you also want to actively shape, develop personally, and make a sustainable contribution? Then you are exactly right with us. As a family business with a long-term perspective, we know that our 3,500 employees worldwide are the key to success. Together, we reach our goal: Making People Smile.
I look forward to your online application:
Alfred Maier, Phone +423 235 3497
alfred.maier@ivoclar.com
Apply now

ivoclar.com/career","{
  ""ai_application_tasks"": []
}
"
1e5bf5b0-080d-4d6b-bef1-41ad2a43aa0f,Machine Learning & Analytics Consultant (m/w) 80% - 100%,Innovation Process Technology AG,Kleinunternehmen,"Zürich, Bern, Luzern oder Basel",en,en,"ipt Innovation Process Technology AG

Zürich, Bern, Luzern oder Basel

«We hire for attitude and train for skills»

Machine Learning & Analytics Consultant (m/w)","ipt Innovation Process Technology AG

Zürich, Bern, Luzern oder Basel

«We hire for attitude and train for skills»

Machine Learning & Analytics Consultant (m/w)","{
  ""ai_application_tasks"": []
}
"
8d108c53-9348-4cef-9bb6-ccaed7e79abb,Senior Machine Learning & Analytics Consultant (m/w),Innovation Process Technology AG,Kleinunternehmen,CH-6300 Zug,de,de,"Wir sind eine Schweizer IT Consulting Firma, fokussiert auf Software Integration. Wir bauen innovative Lösungen beim Kunden vor Ort. Uns gibt es schon seit über 20 Jahren, aber wir leben immer noch eine Start-up Mentalität – 130 Leute, Flat Hierarchy, No Politics, Lots of Fun! Bei uns gilt: People First! Jeder kann sich bei uns einbringen und zum Experten werden. Wissen wird geteilt und gegenseitige Unterstützung ist zentral. We’re ONE Team!

Du konzipierst und baust innovative Software-Lösungen mit leading-edge Technologien rund um Machine Learning & Advanced Analytics und hilfst damit Firmen wie PostFinance, Helsana, Swiss Re oder SBB sich über Daten auf dem Markt zu differenzieren.

Das tust du bei uns

Richtig gute Softwarelösungen (MS Azure, IBM Watson) rund um Data Analytics, Stream Analytics sowie Machine Learning bauen und diese erfolgreich einführen

Unsere Kunden beraten und gemeinsam eine Big Data und Analytics Strategie definieren

Geschäftsrelevante Erkenntnisse durch quantitative Daten Analysen, Visualisierungen und intelligenten Algorithmen gewinnen

Mit Design Thinking oder Lean Startup unsere Kunden durch den Innovationsprozess begleiten

Das bringst du mit

Abgeschlossenes Studium (Informatik, Wirtschaftsinformatik, Mathematik, Elektrotechnik oder Physik)

5-10 Jahre Projekterfahrung im Software Engineering

Erfahrung in Data Analytics, Stream Analytics oder Machine Learning

Breites Technologieverständnis für Parallelverarbeitung und hoch performante Systeme

Solide Kenntnisse mit Big Data und Machine Learning Methoden (Graph-Analysen, Text-Mining, Clustering, Hashing, Simulationen…)

Gutes Auftreten und fliessende Deutsch- und Englischkenntnisse

Das sind unsere Benefits für dich

Bonus für alle gleich: Bonus gibt es bei uns für alle Mitarbeiter – und verteilt wird er proportional gleichmässig.

Jahresausflug «i-Event»: Jedes Jahr verreist die ganze ipt für vier Tage ins Ausland für Workshops und Parties

Garantierte Abwechslung: Verschiedene Kunden, Themen, Methoden und Technologien – als Consultant wird es nicht langweilig.

Das sind die Hard Facts

Dein Arbeitsort ist vor Ort beim Kunden in der Deutschschweiz (ZH, LU, BS, BE)

80-100% Pensum

Dieses Stelleninserat umschreibt ein Szenario, das dich in einem Projekt erwarten könnte. Wir suchen daher Talente die für verschiedene Themen und Technologien offen sind.

Wir freuen uns schon jetzt auf deine Bewerbung!

Jetzt bewerben!

Noch Fragen?

Michaela KuhnHR, Mitglied der Geschäftsleitung
Nachricht schicken
ipt als Arbeitgeber

Wir haben stolze und zufriedene Mitarbeitende. Überzeuge dich auf kununu.

Fred über sein Leben als ipt Consultant

Wie man sich einen ganz normalen Alltag bei ipt vorstellen kann, zeigt hier unser Lead Consultant Fred!

Dein Arbeitsplatz als ipt-Consultant
In der DeutschschweizVor Ort beim KundenGemeinsam im Team","We are a Swiss IT Consulting company focused on software integration. We develop innovative solutions on-site at the customer's location. We have been around for over 20 years, but we still maintain a start-up mentality – 130 people, flat hierarchy, no politics, lots of fun! Our motto is: People First! Everyone can contribute and become an expert. Knowledge is shared, and mutual support is central. We’re ONE Team!

You will design and build innovative software solutions using leading-edge technologies around Machine Learning & Advanced Analytics, helping companies like PostFinance, Helsana, Swiss Re, or SBB differentiate themselves in the market through data.

What you will do with us

- Develop truly good software solutions (MS Azure, IBM Watson) around Data Analytics, Stream Analytics, and Machine Learning, and successfully implement them
- Advise our clients and jointly define a Big Data and Analytics strategy
- Derive business-relevant insights through quantitative data analysis, visualizations, and intelligent algorithms
- Guide our clients through the innovation process using Design Thinking or Lean Startup

What you bring

- Completed degree (Computer Science, Business Informatics, Mathematics, Electrical Engineering, or Physics)
- 5-10 years of project experience in Software Engineering
- Experience in Data Analytics, Stream Analytics, or Machine Learning
- Broad understanding of technologies for parallel processing and high-performance systems
- Solid knowledge of Big Data and Machine Learning methods (Graph analyses, Text Mining, Clustering, Hashing, Simulations…)
- Good presence and fluent German and English skills

Our benefits for you

- Bonus for everyone: We offer bonuses to all employees, distributed proportionally and evenly
- Annual trip “i-Event”: Every year, the entire ipt team travels abroad for four days for workshops and parties
- Guaranteed variety: Different clients, topics, methods, and technologies – as a consultant, it never gets boring

The hard facts

- Your workplace is on-site with the client in German-speaking Switzerland (ZH, LU, BS, BE)
- 80-100% workload
- This job posting describes a scenario you might encounter in a project. We are therefore looking for talents who are open to various topics and technologies.

We are already looking forward to your application!

Apply now!

Still have questions?

Michaela Kuhn HR, Member of the Management Board
Send a message
ipt as an employer

We have proud and satisfied employees. Convince yourself on kununu.

Fred about his life as an ipt Consultant

Here’s how a typical day at ipt might look, as shared by our Lead Consultant Fred!

Your workplace as an ipt Consultant
In German-speaking Switzerland On-site at the client’s location Working together as a team","{
  ""ai_application_tasks"": [
    {
      ""task_id"": 1,
      ""ai_capability"": ""The AI system will carry out large‑scale data analytics to uncover patterns, trends and key performance indicators that inform business decisions."",
      ""brief_description"": ""Automated data analytics on big datasets for client insights."",
      ""raw_excerpt"": ""Richtig gute Softwarelösungen (MS Azure, IBM Watson) rund um **Data Analytics**, Stream Analytics sowie Machine Learning bauen und diese erfolgreich einführen"",
      ""explanation"": ""The phrase explicitly states that delivered solutions centre on ‘Data Analytics’; such solutions automate the processing and analysis of large data sets rather than relying on manual examination.""
    },
    {
      ""task_id"": 2,
      ""ai_capability"": ""The AI solution will perform real‑time stream analytics on high‑velocity data flows, detecting events or anomalies the moment they occur for live event detection."",
      ""brief_description"": ""Real‑time stream analytics for live event detection."",
      ""raw_excerpt"": ""Richtig gute Softwarelösungen (MS Azure, IBM Watson) rund um Data Analytics, **Stream Analytics** sowie Machine Learning bauen und diese erfolgreich einführen"",
      ""explanation"": ""‘Stream Analytics’ implies continuous, low‑latency analysis of data-in-motion—an automated task executed by the deployed system, not by humans.""
    },
    {
      ""task_id"": 3,
      ""ai_capability"": ""Machine‑learning models will be trained and deployed to generate predictions or classifications that improve business processes and products."",
      ""brief_description"": ""Predictive or classification models built with machine learning."",
      ""raw_excerpt"": ""Richtig gute Softwarelösungen (MS Azure, IBM Watson) rund um Data Analytics, Stream Analytics sowie **Machine Learning** bauen und diese erfolgreich einführen"",
      ""explanation"": ""The explicit mention of ‘Machine Learning’ indicates the system will automate model‑based decision‑making rather than leaving this work to human analysts.""
    },
    {
      ""task_id"": 4,
      ""ai_capability"": ""The analytics platform will automatically derive business‑relevant insights by combining quantitative analysis, algorithmic reasoning and auto‑generated visualisations."",
      ""brief_description"": ""Generate business insights with quant analysis, intelligent algorithms and visualisations."",
      ""raw_excerpt"": ""Geschäftsrelevante Erkenntnisse durch quantitative Daten Analysen, **Visualisierungen und intelligenten Algorithmen** gewinnen"",
      ""explanation"": ""This line shows the end‑goal of the AI tooling: surfacing ‘Geschäftsrelevante Erkenntnisse’ without manual number‑crunching or chart creation.""
    },
    {
      ""task_id"": 5,
      ""ai_capability"": ""Graph‑analytics algorithms will explore networked data to discover relationships, communities and influence paths."",
      ""brief_description"": ""Automated graph analytics on connected data."",
      ""raw_excerpt"": ""Solide Kenntnisse mit Big Data und Machine Learning Methoden (**Graph‑Analysen**, …)"",
      ""explanation"": ""‘Graph‑Analysen’ are named as a technique; executing them is an automated computation performed by the AI subsystem.""
    },
    {
      ""task_id"": 6,
      ""ai_capability"": ""Text‑mining components will extract entities, topics or sentiment from unstructured text, converting it into structured, actionable information to structure and analyse textual data."",
      ""brief_description"": ""Text mining to structure and analyse textual data."",
      ""raw_excerpt"": ""Solide Kenntnisse mit Big Data und Machine Learning Methoden (Graph‑Analysen, **Text‑Mining**, …)"",
      ""explanation"": ""Because ‘Text‑Mining’ is called out as a required ML method, the delivered system is expected to perform this task automatically.""
    },
    {
      ""task_id"": 7,
      ""ai_capability"": ""Clustering algorithms will segment data into meaningful groups without prior labels, supporting targeted actions or personalised services for data segmentation."",
      ""brief_description"": ""Unsupervised clustering for data segmentation."",
      ""raw_excerpt"": ""Solide Kenntnisse mit Big Data und Machine Learning Methoden (Graph‑Analysen, Text‑Mining, **Clustering**, …)"",
      ""explanation"": ""‘Clustering’ is explicitly listed among ML methods; running those algorithms is an automated function of the platform, not a manual task.""
    },
    {
      ""task_id"": 8,
      ""ai_capability"": ""Hashing‑based similarity search will enable rapid lookup and comparison in large‑scale data sets, powering features like nearest‑neighbour recommendation or deduplication."",
      ""brief_description"": ""Fast similarity search or retrieval via hashing techniques."",
      ""raw_excerpt"": ""Solide Kenntnisse mit Big Data und Machine Learning Methoden (Graph‑Analysen, Text‑Mining, Clustering, **Hashing**, …)"",
      ""explanation"": ""The mention of ‘Hashing’ within ML/Big‑Data methods signals automated approximate‑nearest‑neighbour or lookup capabilities implemented by the system.""
    },
    {
      ""task_id"": 9,
      ""ai_capability"": ""Simulation engines will model complex scenarios to forecast outcomes and support what‑if analysis for strategic decision‑making."",
      ""brief_description"": ""Run simulations to predict scenario outcomes."",
      ""raw_excerpt"": ""Solide Kenntnisse mit Big Data und Machine Learning Methoden (… **Simulationen** …)"",
      ""explanation"": ""‘Simulationen’ indicates automated computational models that run many iterations—work carried out by the AI tools rather than by human consultants.""
    }
  ]
}"
7d5ce7b5-9508-4c91-8398-57764542b7c0,ML Engineering Consultant,Innovation Process Technology AG,Kleinunternehmen,CH-6300 Zug,de,de,"Wir sind eine Schweizer IT Consulting Firma, fokussiert auf Software Integration. Wir bauen innovative Lösungen beim Kunden vor Ort. Uns gibt es schon seit über 20 Jahren, aber wir leben immer noch eine Start-up Mentalität – 130 Leute, Flat Hierarchy, No Politics, Lots of Fun! Bei uns gilt: People First! Jeder kann sich bei uns einbringen und zum Experten werden. Wissen wird geteilt und gegenseitige Unterstützung ist zentral. We’re ONE Team!

Hast du kürzlich dein Studium erfolgreich beendet oder stehst du gerade vor dem Abschluss? Dann wag den Schritt in die IT Consulting-Welt.

Deine Challenges

Du verhilfst dem Kunden die ML-Strategie umzusetzen

Du bist in einem mixed Team (ipt & Kunde) und agierst als Bindeglied zwischen Software Entwicklung und Data Science

Du erhebst Requirements für Machine Learning und Advanced Analytics Cases und implementierst diese mit modernen Technologien

Für die Operationalisierung und den Betrieb von ML Modellen sorgen sowie die trainierten Modelle auf Produktionsniveau bringen

Du definierst Data Pipelines für eine saubere Reproduzierbarkeit und betriebsbereite Skalierbarkeit von Daten

Das bringst du mit

Abgeschlossenes Studium (Informatik, Wirtschaftsinformatik, Mathematik, Elektrotechnik, Physik o.ä.)

Erste Projekterfahrung im Software Engineering z.B. im Rahmen eines Praktikums

Leidenschaft an innovativen Technologien, Methoden und Themen wie Machine Learning, Data Analytics oder Stream Analytics

Teamplayer und starke kommunikative Fähigkeiten

Professionelles Auftreten und fliessende Deutsch- und Englischkenntnisse

Das sind unsere Benefits für dich

Entwicklung + Perspektive: Individuelle Weiterbildungs- und Entwicklungsmöglichkeiten basierend auf deinen Karrierevorstellungen

Gemeinsame Aktivitäten: Nach getaner Arbeit treffen wir uns auch gerne mal zum Sport oder Feierabendbier

Garantierte Abwechslung: Verschiedene Kunden, Themen, Methoden und Technologien – als Consultant wird es nicht langweilig

Das sind die Hard Facts

Dein Arbeitsort ist vor Ort beim Kunden in der Deutschschweiz (ZH, LU, BS, BE)

80-100% Pensum

Dieses Stelleninserat umschreibt ein Szenario, das dich in einem Projekt erwarten könnte. Wir suchen daher Talente, die für verschiedene Themen und Technologien offen sind.

«We hire for attitude and train for skills» – Wir erwarten nicht, dass du bereits mehrjährige Berufserfahrung mitbringst. Vielmehr wollen wir dich gezielt fördern. Bist du technisch affin und hast Freude an Kundenkontakt und Beratung? Magst du es technisch hands-on zu arbeiten? Dann ist ipt genau die richtige Firma!

Wir freuen uns schon jetzt auf deine Bewerbung!

Jetzt bewerben!

Noch Fragen?

Simal PapadopoulosHR Specialist
Nachricht schicken
ipt als Arbeitgeber

Wir haben stolze und zufriedene Mitarbeitende. Überzeuge dich auf kununu.

«Machine Learning wird Menschen ersetzen»

Werden Maschinen uns Menschen in Zukunft komplett ablösen? Manuela Züger bringt Klarheit in diese Behauptung und zwar gleich hier:

Zum Mythos

Dein Arbeitsplatz als ipt-Consultant
In der DeutschschweizVor Ort beim KundenGemeinsam im Team","We are a Swiss IT consulting company focused on software integration. We develop innovative solutions on-site at the customer's location. We have been around for over 20 years, but we still maintain a start-up mentality – 130 people, flat hierarchy, no politics, lots of fun! Our motto: People First! Everyone can contribute and become an expert with us. Knowledge is shared, and mutual support is central. We’re ONE team!

Have you recently completed your studies successfully or are you about to graduate? Then take the step into the world of IT consulting.

Your Challenges

- Helping the client implement their ML strategy
- Working in a mixed team (internal & client) and acting as a link between software development and data science
- Gathering requirements for machine learning and advanced analytics cases and implementing them with modern technologies
- Ensuring the operationalization and management of ML models and bringing trained models to production level
- Defining data pipelines for clean reproducibility and operationally scalable data management

What You Bring

- Completed degree (Computer Science, Business Informatics, Mathematics, Electrical Engineering, Physics, or similar)
- Initial project experience in software engineering, e.g., during an internship
- Passion for innovative technologies, methods, and topics such as machine learning, data analytics, or stream analytics
- Team player with strong communication skills
- Professional demeanor and fluent in German and English

Our Benefits for You

- Development + Perspective: Individual training and development opportunities based on your career goals
- Group Activities: After work, we also like to meet for sports or a beer
- Guaranteed Variety: Different clients, topics, methods, and technologies – as a consultant, it will never get boring

The Hard Facts

- Your workplace is on-site with the client in German-speaking Switzerland (ZH, LU, BS, BE)
- 80-100% workload
- This job posting describes a scenario you might encounter in a project. We are therefore looking for talents who are open to various topics and technologies.

“We hire for attitude and train for skills” – We do not expect you to already have several years of professional experience. Instead, we want to support you specifically. Are you technically inclined and enjoy client contact and consulting? Do you like working hands-on technically? Then ipt is the right company for you!

We are already looking forward to your application!

Apply now!

Still have questions?

Simal Papadopoulos HR Specialist
Send a message
ipt as an employer

We have proud and satisfied employees. Convince yourself on kununu.

“Machine learning will replace humans”

Will machines completely replace us humans in the future? Manuela Züger clarifies this claim right here:

Read more

Your workplace as an ipt consultant
In the German-speaking part of Switzerland On-site with the client Working together as a team","{
  ""ai_application_tasks"": [
    {
      ""task_id"": 1,
      ""ai_capability"": ""Generate automated predictions or decisions once machine‑learning models are deployed to production systems."",
      ""brief_description"": ""The trained models, once operationalized, will continuously produce inferences that support business processes."",
      ""raw_excerpt"": ""die trainierten Modelle auf Produktionsniveau bringen"",
      ""explanation"": ""This line indicates that ML models will run in a live production environment, so their automated output (predictions/decisions) is an explicit capability of the AI system.""
    },
    {
      ""task_id"": 2,
      ""ai_capability"": ""Perform advanced analytics on customer data to uncover patterns and insights that inform decision‑making."",
      ""brief_description"": ""AI/ML solutions will execute ‘Advanced Analytics Cases’ to derive actionable insights from data."",
      ""raw_excerpt"": ""Machine Learning und Advanced Analytics Cases"",
      ""explanation"": ""The phrase links machine‑learning applications directly to ‘Advanced Analytics’, implying automated analytical tasks carried out by the ML system.""
    },
    {
      ""task_id"": 3,
      ""ai_capability"": ""Run real‑time stream‑analytics workflows that analyze continuous data flows and detect events or trends as they happen."",
      ""brief_description"": ""AI tools will ingest streaming data and deliver real‑time analytical outputs."",
      ""raw_excerpt"": ""Stream Analytics"",
      ""explanation"": ""‘Stream Analytics’ is listed among the key technology themes, signifying an AI capability focused on continuous, low‑latency data analysis.""
    },
    {
      ""task_id"": 4,
      ""ai_capability"": ""Automate ingesting, transforming, and versioning data through reproducible, scalable data pipelines feeding machine‑learning models for ML at scale."",
      ""brief_description"": ""The data‑pipeline tooling will handle end‑to‑end data preparation and delivery for ML at scale."",
      ""raw_excerpt"": ""Data Pipelines für eine saubere Reproduzierbarkeit und betriebsbereite Skalierbarkeit von Daten"",
      ""explanation"": ""This excerpt describes automated data‑pipeline functionality—an ML‑enabled infrastructure task ensuring that data is consistently prepared and scaled for model consumption.""
    }
  ]
}"
34333a3a-5634-4458-a00e-fa7380f1d338,N.A. Strategic Development Intern,Union des Associations Européennes de Football (UEFA),Mittelunternehmen,CH-1260 Nyon,en,en,"N.A. Strategic Development Intern
Job information
Division / Unit: National Associations / N.A. Strategic Development
Contract type: Fixed Term
Start date: 08.01.2024
End date: 06.01.2025
Location: Nyon
Main goal
The National Associations’ Strategic Development unit exists to help national associations achieve their potential.
Our mission is to generate and gather knowledge, to establish services for national associations, and to bring
people together. We work with and for national associations to grow football. To help us deliver on this mission, we
are looking for a NA Strategic Decelopment Intern to join our team.
The NA Strategic Development Intern will support the unit in implementing strategic development projects and will
take care of administrative tasks.
Key responsibilities
Administrative support (50%)
Helping to organise events, conferences and workshops with national associations as well as internal and external
partners
Communicating and promoting the unit’s activities through the relevant channels (e.g. monthly newsletters)
Processing invoices
Producing high-quality presentations and other documents for the unit
Assisting the team with general administrative tasks
Project support (50%)
Running desk research on a variety of topics, including research, trend monitoring, data tools, open data, artificial
intelligence, national-level datasets and social return on investment
Analysing large data sets and reports, and summarising the findings in easily digestible formats
Creating reports on a range of strategic development subjects for the unit and UEFA’s 55 member associations
Helping team members to implement strategic development projects or create concepts
Managing own subprojects
Profile
Experience required:
Experience in event management, consumer research or project management.
Experience working with global institutions (e.g. Eurostat, UN, WHO, OECD) and with their open data sets would
be an asset.
Previous work experience in or an understanding of the sports governance landscape, including UEFA’s member
associations, would be an asset.
Education:
Bachelor’s or Master’s Degree in business, event management, economics, management, marketing, sports
management, statistics or a related field
Languages:
English / Proficient
Additional requirements:
MS Office / Advanced
Experience with AI tools
Service-minded, team player and solutions-driven
Highly motivated self-starter with an entrepreneurial attitude
Loves to read reports and to work with data
Comfortable presenting and communicating
Approachable, personable and willing to work in a collaborative manner
Excellent organisational skills with strong attention to detail","N.A. Strategic Development Intern
Job information
Division / Unit: National Associations / N.A. Strategic Development
Contract type: Fixed Term
Start date: 08.01.2024
End date: 06.01.2025
Location: Nyon
Main goal
The National Associations’ Strategic Development unit exists to help national associations achieve their potential.
Our mission is to generate and gather knowledge, to establish services for national associations, and to bring
people together. We work with and for national associations to grow football. To help us deliver on this mission, we
are looking for a NA Strategic Decelopment Intern to join our team.
The NA Strategic Development Intern will support the unit in implementing strategic development projects and will
take care of administrative tasks.
Key responsibilities
Administrative support (50%)
Helping to organise events, conferences and workshops with national associations as well as internal and external
partners
Communicating and promoting the unit’s activities through the relevant channels (e.g. monthly newsletters)
Processing invoices
Producing high-quality presentations and other documents for the unit
Assisting the team with general administrative tasks
Project support (50%)
Running desk research on a variety of topics, including research, trend monitoring, data tools, open data, artificial
intelligence, national-level datasets and social return on investment
Analysing large data sets and reports, and summarising the findings in easily digestible formats
Creating reports on a range of strategic development subjects for the unit and UEFA’s 55 member associations
Helping team members to implement strategic development projects or create concepts
Managing own subprojects
Profile
Experience required:
Experience in event management, consumer research or project management.
Experience working with global institutions (e.g. Eurostat, UN, WHO, OECD) and with their open data sets would
be an asset.
Previous work experience in or an understanding of the sports governance landscape, including UEFA’s member
associations, would be an asset.
Education:
Bachelor’s or Master’s Degree in business, event management, economics, management, marketing, sports
management, statistics or a related field
Languages:
English / Proficient
Additional requirements:
MS Office / Advanced
Experience with AI tools
Service-minded, team player and solutions-driven
Highly motivated self-starter with an entrepreneurial attitude
Loves to read reports and to work with data
Comfortable presenting and communicating
Approachable, personable and willing to work in a collaborative manner
Excellent organisational skills with strong attention to detail","{
  ""ai_application_tasks"": [
    {
      ""task_id"": 1,
      ""ai_capability"": ""Automatically analyse large, complex data sets and technical reports to extract relevant metrics and insights."",
      ""brief_description"": ""AI‑powered data‑analytics tools crunch big datasets and reports for the Strategic Development unit."",
      ""raw_excerpt"": ""Analysing large data sets and reports, and summarising the findings in easily digestible formats"",
      ""explanation"": ""The advert calls for handling large data sets and reports; coupled with the explicit requirement for 'Experience with AI tools', this indicates that an AI/ML system will carry out the heavy analytical work rather than the human alone.""
    },
    {
      ""task_id"": 2,
      ""ai_capability"": ""Generate concise, human‑readable summaries of analytical results or research findings for stakeholders."",
      ""brief_description"": ""AI summarisation converts bulky analyses into digestible formats for stakeholders."",
      ""raw_excerpt"": ""Analysing large data sets and reports, and summarising the findings in easily digestible formats"",
      ""explanation"": ""The same sentence specifies summarising outputs, a typical natural‑language‑generation task handled by modern AI summarisation tools.""
    },
    {
      ""task_id"": 3,
      ""ai_capability"": ""Continuously monitor external data sources to detect emerging trends relevant to national‑association strategy."",
      ""brief_description"": ""AI‑driven trend‑monitoring tools scan open data and other feeds as part of ongoing desk research."",
      ""raw_excerpt"": ""Running desk research on a variety of topics, including research, trend monitoring, data tools, open data, artificial intelligence, national-level datasets and social return on investment"",
      ""explanation"": ""‘Trend monitoring’ alongside ‘AI’ and ‘data tools’ implies the use of AI systems that automate the scanning of large, dynamic information streams for emerging patterns.""
    },
    {
      ""task_id"": 4,
      ""ai_capability"": ""Autogenerate draft presentations and documents by turning structured data and analyses into polished slide decks and reports for internal and external use."",
      ""brief_description"": ""Generative‑AI tools transform analytics output into high‑quality presentations for internal and external use."",
      ""raw_excerpt"": ""Producing high-quality presentations and other documents for the unit\n...\nExperience with AI tools"",
      ""explanation"": ""The role demands production of presentations and explicitly asks for AI‑tool experience, signalling that generative AI will automate creation of slide decks and documents.""
    }
  ]
}"
b70d5701-e80c-46bd-bed1-d16ed2d86288,Technical IT Consultant (m/w),Innovation Process Technology AG,Kleinunternehmen,CH-6300 Zug,de,de,"Wir sind eine Schweizer IT Consulting Firma, fokussiert auf Software Integration. Wir bauen innovative Lösungen beim Kunden vor Ort. Uns gibt es schon seit über 20 Jahren, aber wir leben immer noch eine Start-up Mentalität – 130 Leute, Flat Hierarchy, No Politics, Lots of Fun! Bei uns gilt: People First! Jeder kann sich bei uns einbringen und zum Experten werden. Wissen wird geteilt und gegenseitige Unterstützung ist zentral. We’re ONE Team!

Das tust du bei uns

Einnahme einer spezifischen Rolle in einem 3-5-köpfigen Projektteam (Kunde & ipt)

Entwicklung von IT-Lösungen für innovative Geschäftsideen in modernsten Themen wie Cloud, API Management, Security, Advanced Analytics oder Machine Learning

Umsetzung von individualisierten Software-Lösungen – sogenannte «asset-based Software Solutions» – mit Hilfe führender Produkte von Google Cloud, Kafka, Microsoft Azure, Red Hat u.a.

Stetige Übernahme von Verantwortung

Das bringst du mit

Abgeschlossenes Studium (Informatik, Wirtschaftsinformatik, Mathematik, Elektrotechnik, Physik)

Erste Projekterfahrung in der IT z.B. in der Softwareentwicklung

Breites Interesse an innovativen Technologien und Themen wie Cloud Computing, Machine Learning, API Management oder IT-Security

Konzeptionelle Fähigkeiten

Gutes Auftreten und fliessende Deutsch- und Englischkenntnisse

Das sind unsere Benefits für dich

Bonus für alle gleich: Bonus gibt es bei uns für alle Mitarbeitende – und verteilt wird er proportional gleichmässig.

Entwicklung & Perspektive: Individuelle Weiterbildungs- und Entwicklungsmöglichkeiten basierend auf deinen Karrierevorstellungen.

Austausch unter Experten: Monatliche Mitarbeiterevents, TechBiers und Scrum`n`Wines garantieren Know-How Austausch und frische Ideen.

Das sind die Hard Facts

Dein Arbeitsort ist vor Ort beim Kunden in der Deutschschweiz (ZH, LU, BS, BE)

80-100% Pensum

Dieses Stelleninserat umschreibt ein Szenario, das dich in einem Projekt erwarten könnte. Wir suchen daher Talente die für verschiedene Themen und Technologien offen sind.

«We hire for attitude and train for skills» – Wir erwarten nicht, dass du bereits mehrjährige Berufserfahrung mitbringst. Vielmehr wollen wir dich gezielt fördern. Bist du technisch affin und hast Freude an Kundenkontakt und Beratung? Magst du es technisch hands-on zu arbeiten? Dann ist ipt genau die richtige Firma!

Wir freuen uns schon jetzt auf deine Bewerbung!

Jetzt bewerben!

Noch Fragen?

Simal PapadopoulosHR Specialist IT
Nachricht schicken
ipt als Arbeitgeber

Wir haben stolze und zufriedene Mitarbeitende. Überzeuge dich auf kununu.

Jenny über ihr Leben als ipt Consultant

Wie man sich einen ganz normalen Alltag bei ipt vorstellen kann, zeigt hier unsere Consultant Jenny!

Dein Arbeitsplatz als ipt-Consultant
In der DeutschschweizVor Ort beim KundenGemeinsam im Team","We are a Swiss IT consulting company focused on software integration. We develop innovative solutions on-site at the customer's location. We have been around for over 20 years, but we still maintain a start-up mentality – 130 people, flat hierarchy, no politics, lots of fun! Our motto is: People First! Everyone can contribute and become an expert. Knowledge is shared, and mutual support is central. We’re ONE Team!

What you will do with us

- Take on a specific role within a 3-5 person project team (client & ipt)
- Develop IT solutions for innovative business ideas in cutting-edge topics such as Cloud, API Management, Security, Advanced Analytics, or Machine Learning
- Implement customized software solutions – so-called «asset-based Software Solutions» – using leading products from Google Cloud, Kafka, Microsoft Azure, Red Hat, among others
- Continuously assume responsibility

What you bring

- Completed degree (Computer Science, Business Informatics, Mathematics, Electrical Engineering, Physics)
- Initial project experience in IT, e.g., in software development
- Broad interest in innovative technologies and topics such as Cloud Computing, Machine Learning, API Management, or IT Security
- Conceptual skills
- Good appearance and fluent German and English skills

Our benefits for you

- Bonus for everyone: We offer bonuses to all employees – and they are distributed proportionally and evenly.
- Development & Perspective: Individual training and development opportunities based on your career goals.
- Exchange among experts: Monthly employee events, TechBiers, and Scrum`n`Wines ensure knowledge sharing and fresh ideas.

The hard facts

- Your workplace is on-site with the customer in German-speaking Switzerland (ZH, LU, BS, BE)
- 80-100% workload
- This job posting describes a scenario you might encounter in a project. We are therefore looking for talents who are open to various topics and technologies.

«We hire for attitude and train for skills» – We do not expect you to have several years of professional experience already. Instead, we want to support you specifically. Are you technically inclined and enjoy customer contact and consulting? Do you like working hands-on technically? Then ipt is the right company for you!

We are already looking forward to your application!

Apply now!

Still have questions?

Simal Papadopoulos HR Specialist IT
Send message
ipt as an employer

We have proud and satisfied employees. Convince yourself on kununu.

Jenny about her life as an ipt consultant

Here’s how a typical day at ipt might look, as shared by our consultant Jenny!

Your workplace as an ipt consultant
In German-speaking Switzerland On-site with the customer Working together in a team","{
  ""ai_application_tasks"": [
    {
      ""task_id"": 1,
      ""ai_capability"": ""Apply advanced analytics techniques to extract actionable insights from business data."",
      ""brief_description"": ""Client‑facing solutions include advanced analytics functions that turn data into insight for innovative business ideas."",
      ""raw_excerpt"": ""Entwicklung von IT-Lösungen für innovative Geschäftsideen in modernsten Themen wie Cloud, API Management, Security, Advanced Analytics oder Machine Learning"",
      ""explanation"": ""‘Advanced Analytics’ is singled out as a key topic for delivered IT solutions, implying an AI‑enabled analytics component that automatically analyzes data and produces insights.""
    },
    {
      ""task_id"": 2,
      ""ai_capability"": ""Develop and deploy machine‑learning models that make predictions or decisions for customer‑specific use cases."",
      ""brief_description"": ""The firm builds solutions that embed machine learning to address clients’ business problems."",
      ""raw_excerpt"": ""Entwicklung von IT-Lösungen für innovative Geschäftsideen in modernsten Themen wie Cloud, API Management, Security, Advanced Analytics oder Machine Learning"",
      ""explanation"": ""Because ‘Machine Learning’ is listed alongside advanced analytics, the advertised solutions evidently include ML models that automate predictive or decision‑making tasks.""
    }
  ]
}
"
67b7bef5-24bb-42d5-a1f1-6968b3de1edc,ML Engineering Consultant,Innovation Process Technology AG,Kleinunternehmen,CH 6300 Zug,de,de,"ML Engineering Consultant

Wir sind eine Schweizer IT-Consulting Firma. Wir bauen innovative Lösungen beim Kunden vor Ort. Uns gibt es schon seit über 20 Jahren, aber wir leben immer noch eine Start-up Mentalität – 140 Leute, Flat Hierarchy, No Politics, Lots of Fun! Bei uns gilt: People First! Jeder kann sich bei uns einbringen und zum Experten werden. Wissen wird geteilt und gegenseitige Unterstützung ist zentral. We’re ONE Team!

Hast du kürzlich dein Studium erfolgreich beendet oder stehst du gerade vor dem Abschluss? Dann wag den Schritt in die IT Consulting-Welt.

Deine Challenges

Du verhilfst dem Kunden die ML-Strategie umzusetzen

Du bist in einem mixed Team (ipt & Kunde) und agierst als Bindeglied zwischen Software Entwicklung und Data Science

Du erhebst Requirements für Machine Learning und Advanced Analytics Cases und implementierst diese mit modernen Technologien

Für die Operationalisierung und den Betrieb von ML Modellen sorgen sowie die trainierten Modelle auf Produktionsniveau bringen

Du definierst Data Pipelines für eine saubere Reproduzierbarkeit und betriebsbereite Skalierbarkeit von Daten

Das bringst du mit

Abgeschlossenes Studium (Informatik, Wirtschaftsinformatik, Mathematik, Elektrotechnik, Physik o.ä.)

Erste Projekterfahrung im Software Engineering z.B. im Rahmen eines Praktikums

Leidenschaft an innovativen Technologien, Methoden und Themen wie Machine Learning, Data Analytics oder Stream Analytics

Teamplayer und starke kommunikative Fähigkeiten

Professionelles Auftreten und fliessende Deutsch- und Englischkenntnisse

Das sind unsere Benefits für dich

Entwicklung + Perspektive: Individuelle Weiterbildungs- und Entwicklungsmöglichkeiten basierend auf deinen Karrierevorstellungen

Gemeinsame Aktivitäten: Nach getaner Arbeit treffen wir uns auch gerne mal zum Sport oder Feierabendbier

Garantierte Abwechslung: Verschiedene Kunden, Themen, Methoden und Technologien – als Consultant wird es nicht langweilig

Hardfacts

Dein Arbeitsort ist vor Ort beim Kunden in der Deutschschweiz (ZH, LU, BS, BE)

80-100% Pensum

Dieses Stelleninserat umschreibt ein Szenario, das dich in einem Projekt erwarten könnte. Wir suchen daher Talente, die für verschiedene Themen und Technologien offen sind.

«We hire for attitude and train for skills» – Wir erwarten nicht, dass du bereits mehrjährige Berufserfahrung mitbringst. Vielmehr wollen wir dich gezielt fördern. Bist du technisch affin und hast Freude an Kundenkontakt und Beratung? Magst du es technisch hands-on zu arbeiten? Dann ist ipt genau die richtige Firma!

P.S. Wir schauen optimistisch in die Zukunft und suchen auch in Zeiten von COVID-19 passende Bewerbende, die unser Team verstärken und uns weiterbringen.

Hast du Fragen?

Simal Papadopoulos
Human Resources

Wir freuen uns auf deine Bewerbung
AnredeHerrFrauVornameNameE-MailTelefonDein Xing-ProfilDein Linkedin-ProfilBewerbungsschreiben

.pdf, .doc, .zip (max. 20MB)

Lebenslauf

.pdf, .doc, .zip (max. 20MB)

Weitere Dokumente

.pdf, .doc, .zip (max. 20MB)

Weitere LinksBemerkungWie bist du auf ipt aufmerksam geworden?Ich habe die Datenschutzbestimmungen gelesen und bin damit einverstanden.Comments","ML Engineering Consultant

We are a Swiss IT consulting company. We develop innovative solutions on-site at our clients' locations. We have been around for over 20 years, but we still maintain a start-up mentality – 140 people, flat hierarchy, no politics, lots of fun! Our motto: People First! Everyone can contribute and become an expert. Knowledge is shared, and mutual support is central. We’re ONE team!

Have you recently completed your studies successfully or are you about to graduate? Then take the step into the world of IT consulting.

Your Challenges

- Help the client implement the ML strategy
- Work in a mixed team (internal & client) and act as a link between software development and data science
- Gather requirements for machine learning and advanced analytics cases and implement them using modern technologies
- Ensure the operationalization and management of ML models and bring trained models to production level
- Define data pipelines for clean reproducibility and operationally scalable data management

What you bring

- Completed degree (Computer Science, Business Informatics, Mathematics, Electrical Engineering, Physics, or similar)
- Initial project experience in software engineering, e.g., during an internship
- Passion for innovative technologies, methods, and topics such as machine learning, data analytics, or stream analytics
- Team player with strong communication skills
- Professional demeanor and fluent in German and English

Our benefits for you

- Development + Perspective: Individual training and development opportunities based on your career goals
- Group activities: After work, we also like to meet for sports or a beer
- Guaranteed variety: Different clients, topics, methods, and technologies – as a consultant, it will never get boring

Hard facts

- Your workplace is on-site at the client in German-speaking Switzerland (ZH, LU, BS, BE)
- 80-100% workload

This job posting describes a scenario you might encounter in a project. We are therefore looking for talents who are open to various topics and technologies.

“We hire for attitude and train for skills” – We do not expect you to already have several years of professional experience. Instead, we want to support you specifically. Are you technically inclined and enjoy client contact and consulting? Do you like working hands-on technically? Then ipt is the right company for you!

P.S. We look optimistically into the future and are still seeking suitable applicants to strengthen and advance our team, even in times of COVID-19.

Do you have questions?

Simal Papadopoulos
Human Resources

We look forward to your application
SalutationMrMsFirst NameLast NameEmailPhoneYour Xing ProfileYour LinkedIn ProfileCover Letter

.pdf, .doc, .zip (max. 20MB)

Resume

.pdf, .doc, .zip (max. 20MB)

Additional Documents

.pdf, .doc, .zip (max. 20MB)

Other LinksNoteHow did you find out about ipt?I have read the data protection regulations and agree to them.","{
  ""ai_application_tasks"": [
    {
      ""task_id"": 1,
      ""ai_capability"": ""Run trained machine‑learning models in production environments to automatically generate predictions or classifications from live business data."",
      ""brief_description"": ""Operational ML models provide automated predictions once brought to production level."",
      ""raw_excerpt"": ""„Für die Operationalisierung und den Betrieb von ML Modellen sorgen sowie die trainierten Modelle auf Produktionsniveau bringen“"",
      ""explanation"": ""This line explicitly states that deployed ML models will function continuously in production, implying automatic inference on incoming data rather than manual analysis.""
    },
    {
      ""task_id"": 2,
      ""ai_capability"": ""Deliver advanced analytics that uncover insights, patterns, or forecasts by applying statistical/ML techniques to client data."",
      ""brief_description"": ""Machine‑Learning and Advanced‑Analytics use cases are implemented to generate analytical insights for customers."",
      ""raw_excerpt"": ""„Du erhebst Requirements für Machine Learning und Advanced Analytics Cases und implementierst diese mit modernen Technologien“"",
      ""explanation"": ""The excerpt references implementing ‘Advanced Analytics Cases’; such cases typically involve AI/ML algorithms that autonomously analyze data to produce business insights.""
    },
    {
      ""task_id"": 3,
      ""ai_capability"": ""Perform real‑time (stream) analytics that automatically process and analyze continuous data streams to provide immediate feedback or alerts."",
      ""brief_description"": ""Stream‑analytics capabilities enable instant analysis of live data."",
      ""raw_excerpt"": ""„… Methoden und Themen wie Machine Learning, Data Analytics oder Stream Analytics“"",
      ""explanation"": ""Mention of ‘Stream Analytics’ signals an AI/ML‑enabled workflow where systems ingest streaming data and analyze it on the fly without human intervention.""
    },
    {
      ""task_id"": 4,
      ""ai_capability"": ""Automate end‑to‑end data pipelines that reproducibly extract, transform, and load data at scale to feed ML models and analytics systems."",
      ""brief_description"": ""Data pipelines ensure reproducible, scalable preparation of data for ML workloads."",
      ""raw_excerpt"": ""„Du definierst Data Pipelines für eine saubere Reproduzierbarkeit und betriebsbereite Skalierbarkeit von Daten“"",
      ""explanation"": ""The excerpt describes pipelines whose automated orchestration and scalability reduce manual data‑engineering effort, making them an ML‑enabled tool central to the solution.""
    }
  ]
}
"
b6e5c2eb-3592-4fa7-a64d-3adaadd35192,Solution Architecture,Innovation Process Technology AG,Kleinunternehmen,Deutschschweiz,de,de,"Solution Architecture
Wir sind eine Schweizer IT-Consulting-Firma. Wir bauen innovative Lösungen bei unseren Kunden vor Ort. Uns gibt es seit über 25 Jahren, aber wir leben immer noch eine Start-up-Mentalität – Über 220 Leute, Flat Hierarchy, No Politics, Lots of Fun! Bei uns gilt: People First! Alle können sich bei uns einbringen und zu Expertinnen und Experten werden. Wissen wird geteilt und gegenseitige Unterstützung ist zentral. We’re ONE Team!
Bitte beachte, dass wir nur Kandidat:innen mit sehr guten Deutschkenntnissen berücksichtigen können.

Deine Challenges
Du berätst unsere Kunden neutral, wie sie ihre aktuellen Systeme langfristig und stabil weiterentwickeln können (z.B. in API-Management, DevOps, Cloud Integration, Security oder Machine Learning). Das Ziel ist stets, die beste Lösung für und mit dem Kunden zusammen zu entwickeln und umzusetzen
Zusammen mit verschiedenen Stakeholdern (Business, Security, Netzwerk, SW-Entwickler usw.) erarbeitest du neue Use Cases
Konzeption der technischen Lösungsarchitektur hinsichtlich Industry Best-Practices, Technologietrends und den lokalen Gegebenheiten des Kunden
Entwerfen einer ersten PoC Version, um dem Kunden den Nutzen aufzuzeigen
Du übernimmst den technischen Lead in der Umsetzung der Lösung und wendest state-of-the-art Tooling und agile Projektmethoden an
Du führst neue Projekt-Mitarbeitende ein und coachst das Team
Das bringst Du mit
5+ Jahre Projekterfahrung im Software Engineering und/oder Softwarearchitektur
Erfahrung mit verschiedenen IT-Architekturen
Guter Überblick über aktuelle Trends in der IT Industrie (Cloud Native, Machine Learning, Serverless, o.ä.)
Abgeschlossenes Studium (Informatik, Wirtschaftsinformatik, Mathematik, Elektrotechnik, Physik o.ä.)
Teamplayer und gute kommunikative Fähigkeiten
Professionelles Auftreten und fliessende Deutsch- und Englischkenntnisse
Das sind unsere Benefits für Dich
Wissensaustausch untereinander: Monatliche Mitarbeitendenevents, TechBiers und Scrum’n’Wines garantieren Know-How Austausch und frische Ideen
Bonus für alle gleich: Bonus gibt es bei uns für alle Mitarbeitenden – und verteilt wird er proportional gleichmässig
Entwicklung + Perspektive: Persönliche Weiterbildungs- und Entwicklungsmöglichkeiten basierend auf Deinen Karrierevorstellungen
Hardfacts
Dein Arbeitsort ist vor Ort beim Kunden in der Deutschschweiz (Zürich, Luzern, Basel, Bern, St. Gallen)
Pensum: 80% oder mehr
Dieses Stelleninserat umschreibt ein Szenario, das Dich in einem Projekt erwarten könnte. Wir suchen Talente, die für verschiedene Themen und Technologien offen sind.

Hast Du Fragen?
Michaela Kuhn
People & Development + Associate Partner

Wir freuen uns auf Deine Bewerbung!
Anrede
sehr gut
gut
befriedigend
Ich habe die Datenschutzbestimmungen gelesen und bin damit einverstanden.","Solution Architecture
We are a Swiss IT consulting company. We build innovative solutions on-site at our clients' locations. We have been around for over 25 years, but we still maintain a start-up mentality – Over 220 people, flat hierarchy, no politics, lots of fun! Our motto is: People First! Everyone can contribute and become an expert with us. Knowledge is shared, and mutual support is central. We’re ONE Team!
Please note that we can only consider candidates with very good German language skills.

Your Challenges
You will advise our clients neutrally on how to develop their current systems in a long-term and stable manner (e.g., in API management, DevOps, cloud integration, security, or machine learning). The goal is always to develop and implement the best solution together with the client.
Together with various stakeholders (business, security, network, software developers, etc.), you will develop new use cases.
Design the technical solution architecture in accordance with industry best practices, technology trends, and the local conditions of the client.
Create an initial proof-of-concept version to demonstrate the benefits to the client.
Take on the technical lead in the implementation of the solution and apply state-of-the-art tooling and agile project methods.
Introduce new project team members and coach the team.
What You Bring
5+ years of project experience in software engineering and/or software architecture.
Experience with various IT architectures.
Good overview of current trends in the IT industry (Cloud Native, Machine Learning, Serverless, etc.).
Completed degree (Computer Science, Business Informatics, Mathematics, Electrical Engineering, Physics, or similar).
Team player with good communication skills.
Professional appearance and fluent German and English skills.
Our Benefits for You
Knowledge sharing among colleagues: Monthly employee events, TechBiers, and Scrum’n’Wines ensure knowledge exchange and fresh ideas.
Equal bonus for all: We offer bonuses to all employees – distributed proportionally and evenly.
Development + Perspective: Personal training and development opportunities based on your career aspirations.
Hard Facts
Your workplace is on-site with the client in German-speaking Switzerland (Zurich, Lucerne, Basel, Bern, St. Gallen).
Full-time: 80% or more.
This job posting describes a scenario that you might encounter in a project. We are looking for talents who are open to various topics and technologies.

Do you have questions?
Michaela Kuhn
People & Development + Associate Partner

We look forward to your application!
Salutation
very good
good
satisfactory
I have read the data protection regulations and agree to them.","{
  ""ai_application_tasks"": []
}
"
6fe789a7-2096-46b7-bafe-a7b3b02b3aaf,Lead Mobile App Developer m/f/d - part- or fulltime,Ivoclar Vivadent AG,Grossunternehmen,LI-9494 Schaan,en,en,"At the Ivoclar Group, we support dentists, dental technicians and dental hygienists both professionally and personally in fulfilling their passion and purpose: to ensure that people have the best possible oral health care and quality of life, today and in the future. We are inspired by the knowledge that together we are better.
Do you want to work together with us to make people smile? Then come and join our global team as:

Lead Mobile App Developer m/f/d – part- or fulltime
Location Schaan, Liechtenstein / Zurich, Switzerland
Your responsibilities:

Together with your team, you will shape the app experience of our customers with exicting new features.

You are responsible for the further and new development of our mobile apps (click here: IvoSmile app and more) and bring in your creative ideas to enable the best mobile experience for our customers and make people smile.

You work in cross functional teams of developers, designers, quality engineers, project managers and other stakeholders.

As a team player, your communication is open, transparent and comprehensive. You like to give construtive feedback and accept it gratefully.

You contribute to the definition of software architecture and are interested in computer vision and AR.

Your qualifications:

Higher technical education in the field of computer science or sufficient relevant professional experience

Experience with iOS (Swift) and/or Android (Xamarin)

At least 2 years experience in mobile app development

Familiar with the principles of agile software development

Flair for developing a good product, like interdisciplinary work and communication with stakeholders

Fluent in English, German is an advantage

Let’s achieve our goal together – If you are looking for a job where you can contribute actively, develop personally and professionally and make a lasting difference then this is the right place for you. As an international family business with a long-term perspective, we know that it is our 3500 employees that are the key to our success. Let’s achieve our goal together: Making people smile.

I am looking forward to your application:
Alfred Maier,  Phone +423 235 3497
alfred.maier@ivoclar.com
Apply now

ivoclar.com/career","At the Ivoclar Group, we support dentists, dental technicians and dental hygienists both professionally and personally in fulfilling their passion and purpose: to ensure that people have the best possible oral health care and quality of life, today and in the future. We are inspired by the knowledge that together we are better.
Do you want to work together with us to make people smile? Then come and join our global team as:

Lead Mobile App Developer m/f/d – part- or fulltime
Location Schaan, Liechtenstein / Zurich, Switzerland
Your responsibilities:

Together with your team, you will shape the app experience of our customers with exicting new features.

You are responsible for the further and new development of our mobile apps (click here: IvoSmile app and more) and bring in your creative ideas to enable the best mobile experience for our customers and make people smile.

You work in cross functional teams of developers, designers, quality engineers, project managers and other stakeholders.

As a team player, your communication is open, transparent and comprehensive. You like to give construtive feedback and accept it gratefully.

You contribute to the definition of software architecture and are interested in computer vision and AR.

Your qualifications:

Higher technical education in the field of computer science or sufficient relevant professional experience

Experience with iOS (Swift) and/or Android (Xamarin)

At least 2 years experience in mobile app development

Familiar with the principles of agile software development

Flair for developing a good product, like interdisciplinary work and communication with stakeholders

Fluent in English, German is an advantage

Let’s achieve our goal together – If you are looking for a job where you can contribute actively, develop personally and professionally and make a lasting difference then this is the right place for you. As an international family business with a long-term perspective, we know that it is our 3500 employees that are the key to our success. Let’s achieve our goal together: Making people smile.

I am looking forward to your application:
Alfred Maier,  Phone +423 235 3497
alfred.maier@ivoclar.com
Apply now

ivoclar.com/career","{
  ""ai_application_tasks"": [
    {
      ""task_id"": 1,
      ""ai_capability"": ""Real‑time augmented‑reality visualization driven by computer‑vision analysis of the mobile device’s camera feed to understand what the camera sees and immediately renders AR overlays so users experience new dental features on‑screen."",
      ""brief_description"": ""The IvoSmile app uses computer vision to understand what the camera sees and immediately renders AR overlays so users experience new dental features on‑screen."",
      ""raw_excerpt"": ""“You contribute to the definition of software architecture and are interested in computer vision and AR.”"",
      ""explanation"": ""The ad links the app’s functionality to both computer vision and augmented reality, implying an AI component that automatically processes visual input and generates AR content without human intervention.""
    }
  ]
}"
6b86ef69-3228-450f-bc4e-7216107375c8,Technical IT Consultant,Innovation Process Technology AG,Kleinunternehmen,Deutschschweiz,de,de,"Technical IT Consulting

Wir sind eine Schweizer IT-Consulting-Firma. Wir bauen innovative Lösungen bei unseren Kunden vor Ort. Uns gibt es seit über 25 Jahren, aber wir leben immer noch eine Start-up-Mentalität – 170 Leute, Flat Hierarchy, No Politics, Lots of Fun! Bei uns gilt: People First! Alle können sich bei uns einbringen und zu Expertinnen und Experten werden. Wissen wird geteilt und gegenseitige Unterstützung ist zentral. We’re ONE Team!

Hast Du kürzlich Dein Studium beendet oder stehst Du gerade vor dem Abschluss? Dann wag den Schritt in die IT-Consulting-Welt.

Deine Challenges

Einnahme einer spezifischen Rolle in einem mixed Projektteam (Kunde & ipt)

Entwicklung von IT-Lösungen für innovative Geschäftsideen in modernsten Themen wie Cloud, API Management oder Security

Umsetzung von individualisierten Software-Lösungen – sogenannte «asset-based Software Solutions» – mit Hilfe führender Produkte von Google Cloud, Kafka, Microsoft Azure, Red Hat u.a.

Stetige Übernahme von Verantwortung

Das bringst Du mit

Abgeschlossenes Studium (Informatik, Wirtschaftsinformatik, Mathematik, Elektrotechnik, Physik)

Erste Projekterfahrung in der IT z.B. in der Softwareentwicklung

Breites Interesse an innovativen Technologien und Themen wie Cloud Computing, Machine Learning, API Management oder IT-Security

Konzeptionelle Fähigkeiten

Professionelles Auftreten und fliessende Deutsch- und Englischkenntnisse

Das sind unsere Benefits für Dich

Bonus für alle gleich: Bonus gibt es bei uns für alle Mitarbeitende – und verteilt wird er proportional gleichmässig

Entwicklung & Perspektive: Persönliche Weiterbildungs- und Entwicklungsmöglichkeiten basierend auf Deinen Karrierevorstellungen

Wissensaustausch untereinander: Monatliche Mitarbeitendenevents, TechBiers und Scrum`n`Wines garantieren Know-How Austausch und frische Ideen

Hardfacts

Dein Arbeitsort ist vor Ort beim Kunden in der Deutschschweiz (Zürich, Luzern, Basel, Bern, St. Gallen)

Pensum: 80% oder mehr

Dieses Stelleninserat umschreibt ein Szenario, das Dich in einem Projekt erwarten könnte. Wir suchen Talente, die für verschiedene Themen und Technologien offen sind.

«We hire for attitude and train for skills» – Wir erwarten nicht, dass Du bereits mehrjährige Berufserfahrung mitbringst. Vielmehr wollen wir Dich gezielt fördern. Bist du technisch affin und hast Freude an Kundenkontakt und Beratung? Magst Du es technisch hands-on zu arbeiten? Dann ist ipt genau die richtige Firma!

Hast Du Fragen?

Luisa Müller
People & Development","Technical IT Consulting

We are a Swiss IT consulting company. We develop innovative solutions on-site at our clients' locations. We have been around for over 25 years, but we still maintain a start-up mentality – 170 people, flat hierarchy, no politics, lots of fun! Our motto: People First! Everyone can contribute and become an expert with us. Knowledge is shared, and mutual support is central. We’re ONE Team!

Have you recently finished your studies or are you about to graduate? Then take the step into the world of IT consulting.

Your Challenges

Taking on a specific role within a mixed project team (client & ipt)

Developing IT solutions for innovative business ideas in cutting-edge topics such as Cloud, API Management, or Security

Implementing customized software solutions – so-called ""asset-based Software Solutions"" – using leading products from Google Cloud, Kafka, Microsoft Azure, Red Hat, among others

Consistently taking on responsibility

What You Bring

Completed degree (Computer Science, Business Informatics, Mathematics, Electrical Engineering, Physics)

Initial project experience in IT, e.g., in software development

Broad interest in innovative technologies and topics such as Cloud Computing, Machine Learning, API Management, or IT Security

Conceptual skills

Professional demeanor and fluent German and English skills

Our Benefits for You

Equal bonus for everyone: We offer bonuses to all employees – and they are distributed proportionally and evenly

Development & Perspective: Personal training and development opportunities based on your career goals

Knowledge sharing among colleagues: Monthly employee events, TechBiers, and Scrum`n`Wines ensure knowledge exchange and fresh ideas

Hard Facts

Your workplace is on-site with the client in German-speaking Switzerland (Zurich, Lucerne, Basel, Bern, St. Gallen)

Workload: 80% or more

This job posting describes a scenario you might encounter in a project. We are looking for talents who are open to various topics and technologies.

""We hire for attitude and train for skills"" – We do not expect you to already have several years of professional experience. Instead, we want to support your development. Are you technically inclined and enjoy customer contact and consulting? Do you like working hands-on technically? Then ipt is the right company for you!

Do you have questions?

Luisa Müller
People & Development","{
  ""ai_application_tasks"": []
}
"
1f26d538-dfb8-409d-8f9a-2a6818e8c18b,Technical IT-Consultant,Innovation Process Technology AG,Kleinunternehmen,CH-6300 Zug,de,de,"Technical IT-Consultant

Hast du kürzlich dein Studium erfolgreich beendet oder stehst du gerade vor deinem Abschluss? Dann wage den Schritt in die IT-Consulting-Welt. Der Beruf als IT-Consultant verbindet Mensch und Maschine. Du hilfst Kunden innovative IT-Projekte umzusetzen. Bewirb dich jetzt und wir ermöglichen dir einen reibungslosen Einstieg.

«We hire for attitude and train for skills» – Wir erwarten nicht, dass du bereits mehrjährige Erfahrung als Consultant mitbringst. Vielmehr wollen wir dich gezielt fördern. Bist du technisch affin und hast Freude an Kundenkontakt und Beratung? Liebst du es Hands-on und im Team zu arbeiten? Dann ist ipt genau die richtige Firma für dich!

Was wir für dich tun

Ein Coach aus der Geschäftsleitung betreut dich individuell

Du arbeitest partnerschaftlich in einem hochqualifizierten Team

Du lernst unterschiedliche Kunden und Technologien kennen

Deine persönliche Entwicklung kannst du selber mit gestalten

Wir fördern den Austausch untereinander z.B. bei monatlichen Treffen

Was du bei uns tust

Du bist Teil eines Projektteams (3 – 5 Personen) und nimmst eine spezifische Rolle ein

Du arbeitest Hands-on und berätst unsere Kunden vor Ort

Du entwickelst innovative Geschäftsideen in modernsten Themen (Cloud, IoT, Security, Analytics, Machine Learning)

Du machst individualisierte Software-Lösungen – sogenannte «asset-based Software Solutions» – mit Hilfe führender Produkte (Appway, IBM, Microsoft Azure, Oracle u.a.)

Du kannst Verantwortung übernehmen

Was du mitbringst

Abgeschlossenes Studium in Informatik, Wirtschaftsinformatik, Elektrotechnik oder Mathematik (FH, Uni oder ETH)

Begeisterung für moderne IT-Technologien und innovative Ideen

Erste IT-Projekterfahrungen (vorzugsweise in der Softwareentwicklung) im Rahmen deines Studiums oder Berufslebens

Freude an Beratung, Kommunikation und Zusammenarbeit mit Kunden und Teamkollegen

Selbstbewusstes Auftreten und fliessende Deutsch- und Englischkenntnisse

Wir sind eine Schweizer Consulting Boutique fokussiert auf Software Integration. Uns gibt es schon seit 20 Jahren, aber wir leben immer noch eine Start-up Mentalität – 100 Leute, flache Hierarchien und jede Menge Spass! Die Zukunft gehört uns, denn wir sind richtig gut in IT und richtig nah am Business. Fokussiert auf die Schweiz, vor Ort bei unseren Kunden. Wir glauben an Schweizer Qualität statt Nearshoring / Offshoring.

Bei ipt kannst du abheben. Komm an Bord!

Kontakt

Sina Brun

HR Specialist
Tel. 041 727 25 25
jobs@ipt.ch

Jetzt bewerben

Du willst mehr Insights? Frag unsere IT Consultants

Frag Pascal

Frag Vanessa

Frag Fabio

Ps: Insider-News auf Facebook, YouTube und ipt-Blog","Technical IT Consultant

Have you recently completed your studies successfully or are you about to graduate? Then take the step into the world of IT consulting. The profession of an IT Consultant combines people and technology. You help clients implement innovative IT projects. Apply now, and we will ensure a smooth entry into your career.

«We hire for attitude and train for skills» – We do not expect you to already have several years of experience as a consultant. Instead, we want to support your development specifically. Are you technically inclined and enjoy customer contact and consulting? Do you love working hands-on and in a team? Then ipt is the perfect company for you!

What we do for you

A coach from management will mentor you individually

You work collaboratively within a highly qualified team

You will get to know different clients and technologies

You can actively shape your personal development

We promote exchange among colleagues, e.g., through monthly meetings

What you do with us

You are part of a project team (3 – 5 people) and take on a specific role

You work hands-on and advise our clients on-site

You develop innovative business ideas in cutting-edge topics (Cloud, IoT, Security, Analytics, Machine Learning)

You create customized software solutions – so-called «asset-based Software Solutions» – using leading products (Appway, IBM, Microsoft Azure, Oracle, among others)

You can take on responsibility

What you bring with you

Completed degree in Computer Science, Business Informatics, Electrical Engineering, or Mathematics (FH, university, or ETH)

Enthusiasm for modern IT technologies and innovative ideas

Initial IT project experience (preferably in software development) during your studies or professional life

Enjoyment in consulting, communication, and collaboration with clients and team colleagues

Confident demeanor and fluent German and English skills

We are a Swiss consulting boutique focused on software integration. We have been around for 20 years, but we still live a start-up mentality – 100 people, flat hierarchies, and lots of fun! The future belongs to us because we are really good at IT and very close to the business. Focused on Switzerland, on-site with our clients. We believe in Swiss quality rather than nearshoring/offshoring.

At ipt, you can take off. Come onboard!

Contact

Sina Brun

HR Specialist  
Tel. 041 727 25 25  
jobs@ipt.ch

Apply now

Want more insights? Ask our IT Consultants

Ask Pascal

Ask Vanessa

Ask Fabio

Ps: Insider news on Facebook, YouTube, and ipt Blog","{
  ""ai_application_tasks"": [
    {
      ""task_id"": 1,
      ""ai_capability"": ""Machine‑learning models that automatically generate predictions or decisions to enable new business solutions."",
      ""brief_description"": ""The advertised role involves creating innovative business ideas specifically in the area of Machine Learning."",
      ""raw_excerpt"": ""„Du entwickelst innovative Geschäftsideen in modernsten Themen … Machine Learning“"",
      ""explanation"": ""The phrase explicitly states that the consultant will work on business ideas rooted in Machine Learning, implying systems that perform automated predictive or decision‑making tasks rather than manual analysis.""
    },
    {
      ""task_id"": 2,
      ""ai_capability"": ""Data‑analytics engines that automatically process and analyze data to deliver actionable insights for clients."",
      ""brief_description"": ""The job highlights ‘Analytics’ as a core topic for developing innovative business ideas."",
      ""raw_excerpt"": ""„Du entwickelst innovative Geschäftsideen in modernsten Themen … Analytics“"",
      ""explanation"": ""Because ‘Analytics’ is listed alongside Machine Learning, it points to AI‑enabled analytical tools that autonomously examine data and surface insights—tasks performed by the system, not the consultant manually.""
    }
  ]
}
"
bd8471b8-eb08-498c-8769-c7e27cb05b3b,Solution Architect,Innovation Process Technology AG,Kleinunternehmen,Deutschschweiz,de,de,"Solution Architect

Wir sind eine Schweizer IT-Consulting-Firma. Wir bauen innovative Lösungen bei unseren Kunden vor Ort. Uns gibt es seit über 25 Jahren, aber wir leben immer noch eine Start-up-Mentalität – 170 Leute, Flat Hierarchy, No Politics, Lots of Fun! Bei uns gilt: People First! Alle können sich bei uns einbringen und zu Expertinnen und Experten werden. Wissen wird geteilt und gegenseitige Unterstützung ist zentral. We’re ONE Team!

Deine Challenges

Du berätst unsere Kunden neutral, wie sie ihre aktuellen Systeme langfristig und stabil weiterentwickeln können (z.B. in API-Management, DevOps, Cloud Integration, Security oder Machine Learning). Das Ziel ist stets, die beste Lösung für und mit dem Kunden zusammen zu entwickeln und umzusetzen

Zusammen mit verschiedenen Stakeholdern (Business, Security, Netzwerk, SW-Entwickler usw.) erarbeitest du neue Use Cases

Konzeption der technischen Lösungsarchitektur hinsichtlich Industry Best-Practices, Technologietrends und den lokalen Gegebenheiten des Kunden

Entwerfen einer ersten PoC Version, um dem Kunden den Nutzen aufzuzeigen

Du übernimmst den technischen Lead in der Umsetzung der Lösung und wendest state-of-the-art Tooling und agile Projektmethoden an

Du führst neue Projekt-Mitarbeitende ein und coachst das Team

Das bringst Du mit

5+ Jahre Projekterfahrung im Software Engineering und/oder Softwarearchitektur

Erfahrung mit verschiedenen IT-Architekturen

Guter Überblick über aktuelle Trends in der IT Industrie (Cloud Native, Machine Learning, Serverless, o.ä.)

Abgeschlossenes Studium (Informatik, Wirtschaftsinformatik, Mathematik, Elektrotechnik, Physik o.ä.)

Teamplayer und gute kommunikative Fähigkeiten

Professionelles Auftreten und fliessende Deutsch- und Englischkenntnisse

Das sind unsere Benefits für Dich

Wissensaustausch untereinander: Monatliche Mitarbeitendenevents, TechBiers und Scrum’n’Wines garantieren Know-How Austausch und frische Ideen

Bonus für alle gleich: Bonus gibt es bei uns für alle Mitarbeitenden – und verteilt wird er proportional gleichmässig

Entwicklung + Perspektive: Persönliche Weiterbildungs- und Entwicklungsmöglichkeiten basierend auf Deinen Karrierevorstellungen

Hardfacts

Dein Arbeitsort ist vor Ort beim Kunden in der Deutschschweiz (Zürich, Luzern, Basel, Bern, St. Gallen)

Pensum: 80% oder mehr

Dieses Stelleninserat umschreibt ein Szenario, das Dich in einem Projekt erwarten könnte. Wir suchen Talente, die für verschiedene Themen und Technologien offen sind.

Hast Du Fragen?

Sina Bachmann
People & Development

Wir freuen uns auf Deine Bewerbung!
Anrede Herr Frau Vorname Name E-Mail Telefon Dein Xing-Profil Dein Linkedin-Profil Bewerbungsschreiben

.pdf, .doc, .docx, .zip (max. 20MB)

Lebenslauf

.pdf, .doc, .docx, .zip (max. 20MB)

Weitere Dokumente

.pdf, .doc, .docx, .zip (max. 20MB)

Weitere Links Bemerkung Wie bist Du auf ipt aufmerksam geworden? Ich habe die Datenschutzbestimmungen gelesen und bin damit einverstanden. Comments","Solution Architect

We are a Swiss IT consulting company. We develop innovative solutions on-site at our clients' locations. We have been around for over 25 years, but we still maintain a start-up mentality – 170 people, flat hierarchy, no politics, lots of fun! Our guiding principle: People First! Everyone can contribute and become an expert with us. Knowledge is shared, and mutual support is central. We’re ONE Team!

Your Challenges

You will advise our clients impartially on how they can develop their current systems in the long term and with stability (e.g., in API management, DevOps, Cloud Integration, Security, or Machine Learning). The goal is always to develop and implement the best solution together with the client.

Together with various stakeholders (business, security, network, software developers, etc.), you will develop new use cases.

Designing the technical solution architecture in accordance with industry best practices, technology trends, and the local conditions of the client.

Creating an initial proof-of-concept version to demonstrate the benefits to the client.

Taking on the technical lead in the implementation of the solution and applying state-of-the-art tooling and agile project methods.

Introducing new project team members and coaching the team.

What You Bring

5+ years of project experience in software engineering and/or software architecture.

Experience with various IT architectures.

Good overview of current trends in the IT industry (Cloud Native, Machine Learning, Serverless, etc.).

Completed degree (Computer Science, Business Informatics, Mathematics, Electrical Engineering, Physics, or similar).

Team player with good communication skills.

Professional demeanor and fluent German and English skills.

Our Benefits for You

Knowledge sharing among colleagues: Monthly employee events, TechBiers, and Scrum’n’Wines ensure knowledge exchange and fresh ideas.

Equal bonus for all: Bonuses are awarded to all employees and distributed proportionally and evenly.

Development + Perspective: Personal training and development opportunities based on your career aspirations.

Hard Facts

Your workplace is on-site with the client in German-speaking Switzerland (Zurich, Lucerne, Basel, Bern, St. Gallen).

Workload: 80% or more.

This job posting describes a scenario you might encounter in a project. We are looking for talents who are open to various topics and technologies.

Do you have questions?

Sina Bachmann
People & Development

We look forward to your application!
Salutation Mr. Mrs. First Name Last Name Email Phone Your Xing Profile Your LinkedIn Profile Cover Letter

.pdf, .doc, .docx, .zip (max. 20MB)

Resume

.pdf, .doc, .docx, .zip (max. 20MB)

Additional Documents

.pdf, .doc, .docx, .zip (max. 20MB)

Additional Links Remarks How did you find out about ipt? I have read the data protection regulations and agree to them. Comments","{
  ""ai_application_tasks"": []
}
"
0cb83228-57fc-417e-a17c-2942f44de52d,IT Architect (m/w),Innovation Process Technology AG,Kleinunternehmen,CH-6300 Zug,de,de,"Wir sind eine Schweizer IT Consulting Firma, fokussiert auf Software Integration. Wir bauen innovative Lösungen beim Kunden vor Ort. Uns gibt es schon seit über 20 Jahren, aber wir leben immer noch eine Start-up Mentalität – 130 Leute, Flat Hierarchy, No Politics, Lots of Fun! Bei uns gilt: People First! Jeder kann sich bei uns einbringen und zum Experten werden. Wissen wird geteilt und gegenseitige Unterstützung ist zentral. We’re ONE Team!

Du entwirfst hochmoderne Lösungen, die auf die Anforderungen und die Umgebung des Kunden zugeschnitten sind. Dank deinen Kenntnissen der neuesten Technologien, kannst du innovative Projekte beraten und bei der Realisierung begleiten.

Das tust du bei uns

Verantwortung für das Gesamtprojekt technischer Seite bei wechselnden Grosskunden in der Deutschschweiz

Beraten unserer Kunden im gesamten Software-Entwicklungsprozess und in Themen wie API-Management, DevOps, Cloud Integration, Security oder Machine Learning

Konzeption von Individualsoftware mit «asset-based Software Solutions» unter Einsatz von führenden Softwareprodukten – mit so wenig Code wie möglich

Realisierung komplexer Lösungen im Back-end oder im Front-end mit Produkten unserer Technologie-Partner

Das bringst du mit

Abgeschlossenes Studium (Informatik, Wirtschaftsinformatik, Mathematik, Elektrotechnik, Physik)

Mehrjährige Projekterfahrung im Software Engineering

Erfahrung mit IT-Architekturen wie SOA, Web Services, EAI / Middleware oder System Integration

Freude an der Abwechslung, die die Projektarbeit mit sich bringt

Gutes Auftreten und fliessende Deutsch- und Englischkenntnisse

Das sind unsere Benefits für dich

Garantierte Abwechslung: Verschiedene Kunden, Themen, Methoden und Technologien – als Consultant wird es nicht langweilig.

Austausch unter Experten: Monatliche Mitarbeiterevents, TechBiers und Scrum`n`Wines garantieren Know-How Austausch und frische Ideen.

Frequent Check-in: Mitarbeitergespräche führen wir agil – du bestimmst selbst wann, mit wem und wie oft.

Das sind die Hard Facts

Dein Arbeitsort ist vor Ort beim Kunden in der Deutschschweiz (ZH, LU, BS, BE)

80-100% Pensum

Dieses Stelleninserat umschreibt ein Szenario, das dich in einem Projekt erwarten könnte. Wir suchen daher Talente die für verschiedene Themen und Technologien offen sind.

Wir freuen uns schon jetzt auf deine Bewerbung!

Jetzt bewerben!

Noch Fragen?

Michaela KuhnHR, Mitglied der Geschäftsleitung
Nachricht schicken
ipt als Arbeitgeber

Wir haben stolze und zufriedene Mitarbeitende. Überzeuge dich auf kununu.

Fred über sein Leben als ipt Consultant

Wie man sich einen ganz normalen Alltag bei ipt vorstellen kann, zeigt hier unser Lead Consultant Fred!

Dein Arbeitsplatz als ipt-Consultant
In der DeutschschweizVor Ort beim KundenGemeinsam im Team","We are a Swiss IT consulting company focused on software integration. We develop innovative solutions on-site at the customer's location. We have been around for over 20 years, but we still maintain a start-up mentality – 130 people, flat hierarchy, no politics, lots of fun! Our motto is: People First! Everyone can contribute and become an expert. Knowledge is shared, and mutual support is central. We’re ONE team!

You design state-of-the-art solutions tailored to the customer's requirements and environment. Thanks to your knowledge of the latest technologies, you can advise on innovative projects and support their implementation.

This is what you do with us:

- Responsibility for the overall technical project management at various large clients in German-speaking Switzerland
- Advising our clients throughout the entire software development process and on topics such as API management, DevOps, cloud integration, security, or machine learning
- Designing custom software with “asset-based software solutions” using leading software products – with as little code as possible
- Implementing complex solutions in the back-end or front-end with products from our technology partners

What you bring:

- Completed degree (Computer Science, Business Informatics, Mathematics, Electrical Engineering, Physics)
- Several years of project experience in software engineering
- Experience with IT architectures such as SOA, web services, EAI/middleware, or system integration
- Enjoyment of the variety that project work offers
- Good appearance and fluent German and English skills

Our benefits for you:

- Guaranteed variety: Different clients, topics, methods, and technologies – as a consultant, it never gets boring.
- Exchange among experts: Monthly employee events, TechBiers, and Scrum’n’Wines ensure knowledge sharing and fresh ideas.
- Frequent check-ins: We conduct employee reviews in an agile manner – you decide when, with whom, and how often.

The hard facts:

- Your workplace is on-site with the customer in German-speaking Switzerland (ZH, LU, BS, BE)
- 80-100% workload
- This job posting describes a scenario you might encounter in a project. We are therefore looking for talents who are open to various topics and technologies.

We are already looking forward to your application!

Apply now!

Still have questions?

Michaela Kuhn HR, Member of the Management Board
Send a message
ipt as employer

We have proud and satisfied employees. Convince yourself on kununu.

Fred about his life as an ipt consultant

How a typical day at ipt might look like is shown here by our Lead Consultant Fred!

Your workplace as an ipt consultant:
In German-speaking Switzerland
On-site at the customer
Together as a team","{
  ""ai_application_tasks"": []
}
"
3a54ead8-1d3a-4e76-b321-0a084462b5fc,Senior Computer Vision Engineer m/w/d - part- or fulltime,Ivoclar Vivadent AG,Grossunternehmen,Schaan,en,en,"Senior Computer Vision Engineer m/w/d - part- or fulltime

We are expanding our R&D software engineering team and are looking for several software development engineers. Together with a dynamic, international ...

Ivoclar Vivadent AG

Schaan","Senior Computer Vision Engineer m/w/d - part- or fulltime

We are expanding our R&D software engineering team and are looking for several software development engineers. Together with a dynamic, international ...

Ivoclar Vivadent AG

Schaan","{
  ""ai_application_tasks"": []
}
"
3926f308-27f7-4897-bcd2-a57e78575cb0,Senior Computer Vision Engineer m/w/d - part- or fulltime,Ivoclar Vivadent AG,Grossunternehmen,LI-9494 Schaan,en,en,"Senior Computer Vision Engineer m/w/d – part- or fulltime
Schaan, Liechtenstein / Zurich, SwitzerlandWe are expanding our R&D software engineering team and are looking for several software development engineers. Together with a dynamic, international and highly motivated team, you will help shape our digital product range and drive digital transformation in dentistry. You work with latest technologies and equipment and have the possibility for further development. We look forward to hearing from you!

Your responsibilities

You maintain and develop new software products in the area of AR for the dental market.

You research, prototype and implement new algorithms for face detection and 3D rendering

You analyze, enhance, test and retrain computer vision models for human motion analysis and face detection.

You contribute to the definition of software architecture and interfaces

You collaborate with testing and operation teams

Your qualifications

You are fascinated by technology and you are eager to expand your knowledge.

You have a Bachelor’s degree in Computer Science, SW Engineering or comparable education and/or several years professional experience.

You have a strong background in computer vision and graphics or image processing as well as 3D rendering.

You are proficient in coding with C++ and C#.

You are experienced in product development in an agile environment.

You convince us as a team player, reliable and cooperative personality.

You are fluent in English, German is an advantage.

Join us on our journey to shape the future of dentistry

Ivoclar Vivadent is one of the world’s leading dental companies with 3500 employees. We love innovation and we thrive on it. We are known for our long-standing experience and high quality. We are guided by our strong values and the company culture of a sustainably operated family-owned business with a long-term vision.

Our mission is making people smile

In order to achieve this goal we are looking for people with good ideas, courage and exceptional drive: focused minds who share our passion. We offer a multifaceted work environment which is characterized by mutual respect and close collaboration. We translate words into action and continue to evolve. Become part of our team today.

Barbara Hasler  (+423 235 3157)freut sich auf Ihre Onlinebewerbung
Jetzt bewerben
Arbeiten bei Ivoclar Vivadent
www.ivoclarvivadent.com/karriere","Senior Computer Vision Engineer m/w/d – part- or fulltime
Schaan, Liechtenstein / Zurich, SwitzerlandWe are expanding our R&D software engineering team and are looking for several software development engineers. Together with a dynamic, international and highly motivated team, you will help shape our digital product range and drive digital transformation in dentistry. You work with latest technologies and equipment and have the possibility for further development. We look forward to hearing from you!

Your responsibilities

You maintain and develop new software products in the area of AR for the dental market.

You research, prototype and implement new algorithms for face detection and 3D rendering

You analyze, enhance, test and retrain computer vision models for human motion analysis and face detection.

You contribute to the definition of software architecture and interfaces

You collaborate with testing and operation teams

Your qualifications

You are fascinated by technology and you are eager to expand your knowledge.

You have a Bachelor’s degree in Computer Science, SW Engineering or comparable education and/or several years professional experience.

You have a strong background in computer vision and graphics or image processing as well as 3D rendering.

You are proficient in coding with C++ and C#.

You are experienced in product development in an agile environment.

You convince us as a team player, reliable and cooperative personality.

You are fluent in English, German is an advantage.

Join us on our journey to shape the future of dentistry

Ivoclar Vivadent is one of the world’s leading dental companies with 3500 employees. We love innovation and we thrive on it. We are known for our long-standing experience and high quality. We are guided by our strong values and the company culture of a sustainably operated family-owned business with a long-term vision.

Our mission is making people smile

In order to achieve this goal we are looking for people with good ideas, courage and exceptional drive: focused minds who share our passion. We offer a multifaceted work environment which is characterized by mutual respect and close collaboration. We translate words into action and continue to evolve. Become part of our team today.

Barbara Hasler  (+423 235 3157)freut sich auf Ihre Onlinebewerbung
Jetzt bewerben
Arbeiten bei Ivoclar Vivadent
www.ivoclarvivadent.com/karriere","{
  ""ai_application_tasks"": [
    {
      ""task_id"": 1,
      ""ai_capability"": ""Automatically detect and continuously track human faces in real time so that other augmented‑reality functions can lock onto the correct anatomy."",
      ""brief_description"": ""The product’s computer‑vision module must find and follow the patient’s face for dental AR workflows."",
      ""raw_excerpt"": ""…new algorithms for **face detection**… / …computer vision models for human motion analysis and **face detection**."",
      ""explanation"": ""Both excerpts explicitly state that face‑detection algorithms and models are core deliverables; the task is something the software itself must perform, not a human activity.""
    },
    {
      ""task_id"": 2,
      ""ai_capability"": ""Analyze human motion—such as head pose or jaw movement—so the application can adjust overlays or capture clinical metrics without manual calibration to keep the AR experience stable as the patient moves."",
      ""brief_description"": ""Vision models infer and update motion parameters to keep the AR experience stable as the patient moves."",
      ""raw_excerpt"": ""…computer vision models for **human motion analysis**…"",
      ""explanation"": ""“Human motion analysis” is singled out as a target for computer‑vision models, meaning the system will automatically interpret movement data rather than relying on manual tracking.""
    },
    {
      ""task_id"": 3,
      ""ai_capability"": ""Generate real‑time 3D renderings that are spatially registered to the detected face, enabling augmented‑reality visualisation of dental treatments."",
      ""brief_description"": ""The software renders 3D content on top of the patient’s face within an AR dental application."",
      ""raw_excerpt"": ""…new software products in the area of **AR for the dental market**… / …algorithms for… **3D rendering**."",
      ""explanation"": ""Augmented‑reality features depend on automated 3D rendering tied to vision outputs; these excerpts show that delivering such rendering is an intended system function, not just a development task.""
    }
  ]
}"
3717ec3e-4519-43c4-89b2-9df96a6b3a06,ANS Safety Inspector 100%,Bundesamt für Zivilluftfahrt (BAZL),Mittelunternehmen,Ittigen oder Flughafen Zürich,de,de,"Das Bundesamt für Zivilluftfahrt BAZL sucht
ANS Safety Inspector
100% / Ittigen oder Flughafen Zürich
Bewegt die Schweiz.
Mit Ihrer Fachexpertise im Bereich Software-Entwicklung leisten Sie einen wesentlichen Beitrag bei der Einführung von Software Produkten in der Flugsicherung und in angrenzenden Bereichen. Damit tragen Sie zur Aufrechterhaltung der Sicherheit in der zivilen Luftfahrt bei.
Ihre Aufgaben

Zulassung und Aufsicht von neuen oder geänderten technischen Systemen, insbesondere von Software-Produkten für die Flugsicherung und für angrenzende Bereiche

Durchführen von Audits und Inspektionen zur Überprüfung der Einhaltung nationaler und internationaler Vorschriften

Beurteilen von Sicherheitsnachweisen (Risikoanalysen) betreffend neuer oder geänderter Systeme

Mitwirken in nationalen und internationalen Fachgremien

Ihre Kompetenzen

Abgeschlossenes Hoch- oder Fachhochschulstudium als Ingenieurin / Ingenieur Fachrichtung Informatik, ICT

Fliegerische Erfahrung (z.B. PPL) oder Erfahrung in der Flugsicherung

Kenntnisse in der Risikoanalyse und im Bereich Risikomanagement

Erfahrung in der Anwendung von Luftfahrtregelwerken, Gesetzen und Normen (z.B. ICAO/EASA, DO-178/ED-12, DO-254/ED-80, ED-109, ED-153). Kenntnisse im Bereich Programmierung und Cyber Security sind erwünscht. Bereitschaft neue Technologien zu erlernen (z.B. Anwendungen von Machine Learning)

Gute aktive Kenntnisse von zwei Amtssprachen und wenn möglich passive Kenntnisse der dritten Amtssprache und sehr gute Englischkenntnisse

Zusatzinformationen
Ergänzende Auskünfte erteilt Ihnen gerne:
Herr Stefano Oberti, Leiter Sektion Flugsicherung, Tel. +41 58 465 84 76
Frau Marianne Zwahlen, Co-Leiterin Personal, Tel. +41 58 465 90 78 Referenznummer: 41907Jetzt bewerben
Interessiert?

Möchten Sie sich bewerben? Dann senden Sie sich die Stelle per E-Mail zu und bewerben Sie sich bequem von zu Hause aus.

Der Link zu dieser Stelle wurde an die eingegebene E-Mail-Adresse verschickt.
Link senden
Zum Arbeitgeber
Das Bundesamt für Zivilluftfahrt (BAZL) ist für die Aufsicht über die zivile Luftfahrt in der Schweiz und für die nachhaltige Luftfahrtentwicklung zuständig, sorgt für ein hohes Sicherheitsniveau und schafft die Voraussetzungen für eine optimale internationale Vernetzung. Das BAZL ist Teil des Eidgenössischen Departments für Umwelt, Verkehr, Energie und Kommunikation (UVEK).
Als Mitarbeiterin oder Mitarbeiter des BAZL bewegen Sie die Schweiz. Sie übernehmen Verantwortung für die erfolgreiche Entwicklung unseres Landes. Das BAZL bietet Ihnen die Möglichkeit, in einem modernen und flexiblen Arbeitsumfeld einen wesentlichen Beitrag für eine sichere und international vernetzte Schweiz zu leisten. + mehrDie Bundesverwaltung achtet die unterschiedlichen Biografien ihrer Mitarbeitenden und schätzt deren Vielfalt. Gleichbehandlung geniesst höchste Priorität.

Da die französische und italienische Sprachgemeinschaft in unserer Verwaltungseinheit untervertreten ist, freuen wir uns über Bewerbungen von Personen dieser Sprachgemeinschaften.
Ihr Arbeitsort: Mühlestrasse 2, 3063 Ittigen
Weitere offene Stellen
+ alle offene Stellen","The Federal Office of Civil Aviation (FOCA) is looking for
ANS Safety Inspector
100% / Ittigen or Zurich Airport
Moving Switzerland.
With your expertise in software development, you make a significant contribution to the introduction of software products in air traffic control and related areas. This helps maintain safety in civil aviation.
Your Tasks

Approval and supervision of new or modified technical systems, especially software products for air traffic control and related fields

Conducting audits and inspections to verify compliance with national and international regulations

Assessing safety cases (risk analyses) related to new or modified systems

Participating in national and international expert committees

Your Skills

Completed higher education or university degree as an engineer in computer science, ICT

Aviation experience (e.g., PPL) or experience in air traffic control

Knowledge of risk analysis and risk management

Experience in applying aviation regulations, laws, and standards (e.g., ICAO/EASA, DO-178/ED-12, DO-254/ED-80, ED-109, ED-153). Knowledge in programming and cybersecurity is desirable. Willingness to learn new technologies (e.g., applications of machine learning)

Good active knowledge of two official languages and, if possible, passive knowledge of the third official language, along with very good English skills

Additional Information
Additional information can be gladly provided by:
Mr. Stefano Oberti, Head of Air Traffic Control Section, Tel. +41 58 465 84 76
Ms. Marianne Zwahlen, Co-Head of Human Resources, Tel. +41 58 465 90 78 Reference number: 41907 Apply now
Interested?

Would you like to apply? Then send yourself the job posting via email and apply conveniently from home.

The link to this position has been sent to the email address provided.
Send link
To the employer
The Federal Office of Civil Aviation (FOCA) is responsible for overseeing civil aviation in Switzerland and promoting sustainable air transport, ensuring a high safety level, and creating the conditions for optimal international networking. FOCA is part of the Federal Department for Environment, Transport, Energy and Communications (UVEK).
As an employee of FOCA, you move Switzerland. You take responsibility for the successful development of our country. FOCA offers you the opportunity to make a significant contribution to a safe and internationally connected Switzerland in a modern and flexible work environment. + more The federal administration respects the diverse backgrounds of its employees and values their diversity. Equal treatment is of the highest priority.

Since the French and Italian-speaking communities are underrepresented in our administrative unit, we welcome applications from individuals of these language communities.
Your Work Location: Mühlestrasse 2, 3063 Ittigen
Other open positions
+ all open positions","{
  ""ai_application_tasks"": []
}
"
c0bfe7e8-fe41-4015-85a4-cf7acc990e9d,Software Development Engineer (m/w/d) - part- or fulltime,Ivoclar Vivadent AG,Grossunternehmen,"Liechtenstein, Schaan",en,en,"Originalinserat öffnen

Software Development Engineer (m/w/d) – part- or fulltime
We are expanding our R&D software engineering team and are looking for several software development engineers. Together with a dynamic, international and highly motivated team, you will help shape our digital product range and drive digital transformation in dentistry. You work with latest technologies and equipment and have the possibility for further development. We look forward to hearing from you!
Your qualifications

You are fascinated by technology and you are eager to expand your knowledge.

You have a Bachelor’s degree in Computer Science, SW Engineering or comparable education and/or several years professional experience.

You have experience with Visual Studio, C#.

Experience in modern UI development for 3D-rendering as well as Blazor is an advantage.

In addition, experience with Microsoft Azure, Docker, Git and Jira is an advantage.

You convince us as a team player and with a reliable and cooperative personality.

You are fluent in English and German

Your responsibilities

You develop new software products in the areas of scan, CAD, CAM for the dental market.

You contribute to the definition of software architecture and interfaces.

You collaborate with testing and operation teams.

You code frontend and backend requirements.

Depending on your skills and orientation you will be involved in these topics:

Creation and optimization database and geometric applications

Mesh modification and tool path calculation algorithms

3D rendering and visualization of freeform models in cloud solutions

Performance tuning and scalability

Machine learning

Arbeitsort:

Liechtenstein, Schaan
Join us on our journey to shape the future of dentistry
Ivoclar Vivadent is one of the world’s leading dental companies with 3600 employees. We love innovation and we thrive on it. We are known for our long-standing experience and high quality. We are guided by our strong values and the company culture of a sustainably operated family-owned business with a long-term vision.","Originalinserat öffnen

Software Development Engineer (m/w/d) – part- or fulltime
We are expanding our R&D software engineering team and are looking for several software development engineers. Together with a dynamic, international and highly motivated team, you will help shape our digital product range and drive digital transformation in dentistry. You work with latest technologies and equipment and have the possibility for further development. We look forward to hearing from you!
Your qualifications

You are fascinated by technology and you are eager to expand your knowledge.

You have a Bachelor’s degree in Computer Science, SW Engineering or comparable education and/or several years professional experience.

You have experience with Visual Studio, C#.

Experience in modern UI development for 3D-rendering as well as Blazor is an advantage.

In addition, experience with Microsoft Azure, Docker, Git and Jira is an advantage.

You convince us as a team player and with a reliable and cooperative personality.

You are fluent in English and German

Your responsibilities

You develop new software products in the areas of scan, CAD, CAM for the dental market.

You contribute to the definition of software architecture and interfaces.

You collaborate with testing and operation teams.

You code frontend and backend requirements.

Depending on your skills and orientation you will be involved in these topics:

Creation and optimization database and geometric applications

Mesh modification and tool path calculation algorithms

3D rendering and visualization of freeform models in cloud solutions

Performance tuning and scalability

Machine learning

Arbeitsort:

Liechtenstein, Schaan
Join us on our journey to shape the future of dentistry
Ivoclar Vivadent is one of the world’s leading dental companies with 3600 employees. We love innovation and we thrive on it. We are known for our long-standing experience and high quality. We are guided by our strong values and the company culture of a sustainably operated family-owned business with a long-term vision.","{
  ""ai_application_tasks"": [
    {
      ""task_id"": 1,
      ""ai_capability"": ""Automated processing and enhancement of 3‑D dental scan data with machine learning for downstream CAD/CAM workflows."",
      ""brief_description"": ""ML models will ingest intra‑oral scan data and automatically clean, align, and prepare it for downstream CAD/CAM workflows."",
      ""raw_excerpt"": ""You develop new software products in the areas of scan, CAD, CAM for the dental market.\nMachine learning"",
      ""explanation"": ""The advert explicitly links work on dental scanning software with the topic 'Machine learning', indicating that scan‑data preparation will be handled by ML components rather than manual steps.""
    },
    {
      ""task_id"": 2,
      ""ai_capability"": ""Machine‑learning‑driven modification and optimization of 3‑D dental mesh models to smooth, repair, and structurally adjust freeform meshes that represent teeth and restorations."",
      ""brief_description"": ""Algorithms will use ML to smooth, repair, and structurally adjust freeform meshes that represent teeth and restorations."",
      ""raw_excerpt"": ""Mesh modification and tool path calculation algorithms\nMachine learning"",
      ""explanation"": ""Because 'mesh modification … algorithms' are listed alongside 'Machine learning', it is clear that mesh‑editing operations are intended to be automated or enhanced by ML techniques.""
    },
    {
      ""task_id"": 3,
      ""ai_capability"": ""Machine‑learning‑based calculation of optimized CAM tool paths for manufacturing dental restorations."",
      ""brief_description"": ""The system will automatically generate and refine milling or printing tool paths using ML to maximize accuracy and production efficiency."",
      ""raw_excerpt"": ""Mesh modification and tool path calculation algorithms\nMachine learning"",
      ""explanation"": ""The explicit mention of 'tool path calculation algorithms' together with 'Machine learning' implies that generating and refining CAM paths is a core ML‑enabled automation target.""
    }
  ]
}"
2fe1163a-4d6b-4ff4-9b1f-61084b783c35,ML Engineering Consultant (m/w) 80% - 100%,Innovation Process Technology AG,Kleinunternehmen,Deutschschweiz,de,de,"ipt Innovation Process Technology AG

Deutschschweiz

WE ARE ONE TEAM! Bei uns baust du im Team innovative Lösungen beim Kunden vor Ort, verhilfst dem Kunden ML-Strategien umzusetzen und implementierst ...

ML Engineering Consultant (m/w)","ipt Innovation Process Technology AG

German-speaking Switzerland

WE ARE ONE TEAM! With us, you build innovative solutions on-site at the customer's location, help the customer implement ML strategies, and execute ...

ML Engineering Consultant (m/f)","{
  ""ai_application_tasks"": []
}
"
d8171db6-74ec-44cb-8e97-3b9e1ff80fa8,Solution Architect,Innovation Process Technology AG,Kleinunternehmen,CH 6300 Zug,de,de,"Solution Architect

Wir sind eine Schweizer IT-Consulting Firma. Wir bauen innovative Lösungen beim Kunden vor Ort. Uns gibt es schon seit über 20 Jahren, aber wir leben immer noch eine Start-up Mentalität – 140 Leute, Flat Hierarchy, No Politics, Lots of Fun! Bei uns gilt: People First! Jeder kann sich bei uns einbringen und zum Experten werden. Wissen wird geteilt und gegenseitige Unterstützung ist zentral. We’re ONE Team!

Deine Challenges

Du berätst unsere Kunden neutral, wie sie ihre aktuellen Systeme langfristig und stabil weiterentwickeln können (z.B. in API-Management, DevOps, Cloud Integration, Security oder Machine Learning). Das Ziel ist stets, die beste Lösung für und mit dem Kunden zusammen zu entwickeln und umzusetzen

Zusammen mit verschiedenen Stakeholdern (Business, Security, Netzwerk, SW-Entwickler usw.) erarbeitest du neue Use Cases

Konzeption der technischen Lösungsarchitektur hinsichtlich Industry Best-Practices, Technologietrends und den lokalen Gegebenheiten des Kunden

Entwerfen einer ersten PoC Version, um dem Kunden den Nutzen aufzuzeigen

Du übernimmst den technischen Lead in der Umsetzung der Lösung und wendest state-of-the-art Tooling und agile Projektmethoden an

Du führst neue Projekt-Mitarbeitende ein und coachst das Team

Das bringst du mit

5+ Jahre Projekterfahrung im Software Engineering und/oder Softwarearchitektur

Erfahrung mit verschiedenen IT-Architekturen

Guter Überblick über aktuelle Trends in der IT Industrie (Cloud Native, Machine Learning, Serverless, o.ä.)

Abgeschlossenes Studium (Informatik, Wirtschaftsinformatik, Mathematik, Elektrotechnik, Physik o.ä.)

Teamplayer und starke kommunikative Fähigkeiten

Professionelles Auftreten und fliessende Deutsch- und Englischkenntnisse

Das sind unsere Benefits für dich

Austausch unter Experten: Monatliche Mitarbeiterevents, TechBiers und Scrum’n’Wines garantieren Know-How Austausch und frische Ideen

Bonus für alle gleich: Bonus gibt es bei uns für alle Mitarbeitenden – und verteilt wird er proportional gleichmässig

Entwicklung + Perspektive: Individuelle Weiterbildungs- und Entwicklungsmöglichkeiten basierend auf deinen Karrierevorstellungen

Hardfacts

Dein Arbeitsort ist vor Ort beim Kunden in der Deutschschweiz (ZH, LU, BS, BE)

80-100% Pensum

Dieses Stelleninserat umschreibt ein Szenario, das dich in einem Projekt erwarten könnte. Wir suchen daher Talente, die für verschiedene Themen und Technologien offen sind.

P.S. Wir schauen optimistisch in die Zukunft und suchen auch in Zeiten von COVID-19 passende Bewerbende, die unser Team verstärken und uns weiterbringen.

Hast du Fragen?

Sina Bachmann
Human Resources

Wir freuen uns auf deine Bewerbung!
AnredeHerrFrauVornameNameE-MailTelefonDein Xing-ProfilDein Linkedin-ProfilBewerbungsschreiben

.pdf, .doc, .zip (max. 20MB)

Lebenslauf

.pdf, .doc, .zip (max. 20MB)

Weitere Dokumente

.pdf, .doc, .zip (max. 20MB)

Weitere LinksBemerkungWie bist du auf ipt aufmerksam geworden?Ich habe die Datenschutzbestimmungen gelesen und bin damit einverstanden.Comments","Solution Architect

We are a Swiss IT consulting company. We develop innovative solutions on-site at our clients' locations. We have been around for over 20 years, but we still maintain a start-up mentality – 140 people, flat hierarchy, no politics, lots of fun! Our motto: People First! Everyone can contribute and become an expert. Knowledge is shared, and mutual support is central. We’re ONE Team!

Your Challenges

You will advise our clients impartially on how they can develop their current systems in a long-term and stable manner (e.g., in API management, DevOps, cloud integration, security, or machine learning). The goal is always to develop and implement the best solution together with the client.

Together with various stakeholders (business, security, network, software developers, etc.), you will develop new use cases.

Designing the technical solution architecture in accordance with industry best practices, technological trends, and the local conditions of the client.

Creating an initial proof-of-concept version to demonstrate the benefits to the client.

Taking technical leadership in the implementation of the solution and applying state-of-the-art tooling and agile project methods.

Onboarding new project team members and coaching the team.

What You Bring

5+ years of project experience in software engineering and/or software architecture.

Experience with various IT architectures.

Good overview of current trends in the IT industry (cloud-native, machine learning, serverless, etc.).

Completed degree (computer science, business informatics, mathematics, electrical engineering, physics, or similar).

Team player with strong communication skills.

Professional demeanor and fluent in German and English.

Our Benefits for You

Expert exchange: Monthly employee events, TechBiers, and Scrum’n’Wines ensure knowledge sharing and fresh ideas.

Equal bonus: Bonuses are awarded to all employees and distributed proportionally and evenly.

Development + Perspective: Individual training and development opportunities based on your career goals.

Hard Facts

Your workplace is on-site with the client in German-speaking Switzerland (ZH, LU, BS, BE).

80-100% workload.

This job posting describes a scenario you might encounter in a project. We are therefore looking for talents who are open to various topics and technologies.

P.S. We look positively into the future and are still seeking suitable candidates during COVID-19 to strengthen our team and help us grow.

Do you have questions?

Sina Bachmann  
Human Resources

We look forward to your application!  
Salutation Mr./Ms. First Name Last Name  
Email  
Phone  
Your Xing Profile  
Your LinkedIn Profile  
Cover Letter

.pdf, .doc, .zip (max. 20MB)

Resume

.pdf, .doc, .zip (max. 20MB)

Additional Documents

.pdf, .doc, .zip (max. 20MB)

Other Links  
Remarks  
How did you hear about ipt?  
I have read the data protection regulations and agree to them.","{
  ""ai_application_tasks"": [
    {
      ""task_id"": 1,
      ""ai_capability"": ""Deploy machine‑learning models within client systems to automate data‑driven decision making and other business‑specific analyses."",
      ""brief_description"": ""ML components of the solution will generate predictions or classifications that directly support new client use cases."",
      ""raw_excerpt"": ""…advise our clients impartially on how they can develop their current systems in a long‑term and stable manner (e.g., in API management, DevOps, cloud integration, security, **or machine learning**)."",
      ""explanation"": ""Machine learning is singled out as one of the core technological areas in which solutions are built; therefore the resulting systems must perform ML inference tasks (e.g., predictions, classifications) once deployed, which is the AI work itself rather than the architect’s human effort.""
    }
  ]
}
"
41415428-a558-4304-9b00-e99f9430690e,Technical IT Consulting,Innovation Process Technology AG,Kleinunternehmen,Deutschschweiz,de,de,"Technical IT Consulting
Wir sind eine Schweizer IT-Consulting-Firma. Wir bauen innovative Lösungen bei unseren Kunden vor Ort. Uns gibt es seit über 25 Jahren, aber wir leben immer noch eine Start-up-Mentalität – Über 220 Leute, Flat Hierarchy, No Politics, Lots of Fun! Bei uns gilt: People First! Alle können sich bei uns einbringen und zu Expertinnen und Experten werden. Wissen wird geteilt und gegenseitige Unterstützung ist zentral. We’re ONE Team!
Hast Du kürzlich Dein Studium beendet oder stehst Du gerade vor dem Abschluss? Dann wag den Schritt in die IT-Consulting-Welt.
Bitte beachte, dass wir nur Kandidat:innen mit sehr guten Deutschkenntnissen berücksichtigen können.

Deine Challenges
Einnahme einer spezifischen Rolle in einem mixed Projektteam (Kunde & ipt)
Entwicklung von IT-Lösungen für innovative Geschäftsideen in modernsten Themen wie Cloud, API Management oder Security
Umsetzung von individualisierten Software-Lösungen – sogenannte «asset-based Software Solutions» – mit Hilfe führender Produkte von Google Cloud, Kafka, Microsoft Azure, Red Hat u.a.
Stetige Übernahme von Verantwortung
Das bringst Du mit
Abgeschlossenes Studium (Informatik, Wirtschaftsinformatik, Mathematik, Elektrotechnik, Physik)
Erste Projekterfahrung in der IT z.B. in der Softwareentwicklung
Breites Interesse an innovativen Technologien und Themen wie Cloud Computing, Machine Learning, API Management oder IT-Security
Konzeptionelle Fähigkeiten
Professionelles Auftreten und fliessende Deutsch- und Englischkenntnisse
Das sind unsere Benefits für Dich
Bonus für alle gleich: Bonus gibt es bei uns für alle Mitarbeitende – und verteilt wird er proportional gleichmässig
Entwicklung & Perspektive: Persönliche Weiterbildungs- und Entwicklungsmöglichkeiten basierend auf Deinen Karrierevorstellungen
Wissensaustausch untereinander: Monatliche Mitarbeitendenevents, TechBiers und Scrum`n`Wines garantieren Know-How Austausch und frische Ideen
Hardfacts
Dein Arbeitsort ist vor Ort beim Kunden in der Deutschschweiz (Zürich, Luzern, Basel, Bern, St. Gallen)
Pensum: 80% oder mehr
Dieses Stelleninserat umschreibt ein Szenario, das Dich in einem Projekt erwarten könnte. Wir suchen Talente, die für verschiedene Themen und Technologien offen sind.

«We hire for attitude and train for skills» – Wir erwarten nicht, dass Du bereits mehrjährige Berufserfahrung mitbringst. Vielmehr wollen wir Dich gezielt fördern. Bist du technisch affin und hast Freude an Kundenkontakt und Beratung? Magst Du es technisch hands-on zu arbeiten? Dann ist ipt genau die richtige Firma!

Hast Du Fragen?
Larissa Zollinger
People & Development","Technical IT Consulting  
We are a Swiss IT consulting company. We develop innovative solutions on-site at our clients' locations. We have been around for over 25 years, but we still maintain a start-up mentality – Over 220 people, flat hierarchy, no politics, lots of fun! Our motto: People First! Everyone can contribute and become an expert. Knowledge is shared, and mutual support is central. We’re ONE Team!  

Have you recently finished your studies or are you about to graduate? Then take the step into the world of IT consulting.  
Please note that we can only consider candidates with very good German language skills.  

Your Challenges  
- Taking on a specific role within a mixed project team (client & ipt)  
- Developing IT solutions for innovative business ideas in cutting-edge topics such as Cloud, API Management, or Security  
- Implementing customized software solutions – so-called ""asset-based Software Solutions"" – using leading products from Google Cloud, Kafka, Microsoft Azure, Red Hat, among others  
- Continually taking on responsibility  

What You Bring  
- Completed studies (Computer Science, Business Informatics, Mathematics, Electrical Engineering, Physics)  
- Initial project experience in IT, e.g., in software development  
- Broad interest in innovative technologies and topics such as Cloud Computing, Machine Learning, API Management, or IT Security  
- Conceptual skills  
- Professional demeanor and fluent German and English skills  

Our Benefits for You  
- Bonus for everyone: We offer bonuses to all employees – and they are distributed proportionally and evenly  
- Development & Perspective: Personal training and development opportunities based on your career goals  
- Knowledge sharing: Monthly employee events, TechBiers, and Scrum`n`Wines ensure knowledge exchange and fresh ideas  

Hard Facts  
- Your workplace is on-site with the client in German-speaking Switzerland (Zurich, Lucerne, Basel, Bern, St. Gallen)  
- Workload: 80% or more  

This job posting describes a scenario you might encounter in a project. We are looking for talents who are open to various topics and technologies.  

""We hire for attitude and train for skills"" – We do not expect you to already have several years of professional experience. Instead, we want to support you specifically. Are you technically inclined and enjoy customer contact and consulting? Do you like working hands-on technically? Then ipt is the right company for you!  

Do you have questions?  
Larissa Zollinger  
People & Development","{
  ""ai_application_tasks"": []
}
"
16e69b7b-9e82-4600-8fc1-31647282b8e3,Machine Learning & Advanced Analytics Consultant (m/w),Innovation Process Technology AG,Kleinunternehmen,CH-6300 Zug,de,de,"Wir sind eine Schweizer IT Consulting Firma, fokussiert auf Software Integration. Wir bauen innovative Lösungen beim Kunden vor Ort. Uns gibt es schon seit über 20 Jahren, aber wir leben immer noch eine Start-up Mentalität – 100 Leute, Flat Hierarchy, No Politics, Lots of Fun! Bei uns gilt: People First! Jeder kann sich bei uns einbringen und zum Experten werden. Wissen wird geteilt und gegenseitige Unterstützung ist zentral. We’re ONE Team!

Haben Sie kürzlich Ihr Studium erfolgreich beendet oder stehen Sie gerade vor dem Abschluss? Dann wagen Sie den Schritt in die IT Consulting-Welt. Der Beruf des Machine Learning & Analytics Consultants verbindet Mensch und Maschine. Sie verhelfen dem Kunden, sich über innovative Software-Lösungen mit leading-edge Technologien auf dem Markt zu differenzieren.

Das tun Sie bei uns

Erheben und Ableiten von Requirements für Machine Learning, Advanced Analytics und Chatbot Lösungen

Erstellung von Prototypen und Datenvisualisierungen

Design und Entwicklung von Softwarelösungen (MS Azure, IBM Watson) in den Bereichen Big Data, Advanced Analytics und Chatbot

Stetige Übernahme von Verantwortung

Das bringen Sie mit

Abgeschlossenes Studium (Informatik, Wirtschaftsinformatik, Mathematik, Elektrotechnik, Physik)

Erste Projekterfahrung in der IT z.B. im Software Engineering

Breites Interesse an innovativen Technologien und Themen wie Machine Learning, Data Analytics oder Stream Analytics

Konzeptionelle Fähigkeiten

Gutes Auftreten und fliessende Deutsch- und Englischkenntnisse

Das sind unsere Benefits für Sie

Frequent Check-in: Mitarbeitergespräche führen wir agil – Sie bestimmen selbst wann, mit wem und wie oft.

Bring Your Own Device: Startguthaben für eigene Devices, die Sie selber auswählen – ganz nach Ihren Vorlieben.

Komfort unterwegs: Der Umwelt zuliebe sind wir mit dem ÖV unterwegs. Und den Mitarbeitern zuliebe in der 1. Klasse.

Das sind die Hard Facts

Ihr Arbeitsort ist vor Ort beim Kunden in der Deutschschweiz (ZH, LU, BS, BE)

80-100% Pensum

Dieses Stelleninserat umschreibt ein Szenario, das Sie in einem Projekt erwarten könnten. Wir suchen daher Talente die für verschiedene Themen und Technologien offen sind.

«We hire for attitude and train for skills» – Wir erwarten nicht, dass Sie bereits mehrjährige Berufserfahrung mitbringen. Vielmehr wollen wir Sie gezielt fördern. Sind Sie technisch affin und haben Freude an Kundenkontakt und Beratung? Mögen Sie es technisch hands-on zu arbeiten? Dann ist ipt genau die richtige Firma!

Wir freuen uns schon jetzt auf Ihre Bewerbung!

Jetzt bewerben!

Noch Fragen?

Sina BrunTalent Acquisition Expert
Nachricht schicken
ipt als Arbeitgeber

Wir haben stolze und zufriedene Mitarbeitende. Überzeugen Sie sich auf kununu.

Ihr Arbeitsplatz als ipt Consultant
In der DeutschschweizVor Ort beim KundenGemeinsam im Team","We are a Swiss IT consulting company focused on software integration. We develop innovative solutions on-site at the customer's location. We have been around for over 20 years, but we still maintain a start-up mentality – 100 people, flat hierarchy, no politics, lots of fun! Our motto: People First! Everyone can contribute and become an expert. Knowledge is shared, and mutual support is central. We’re ONE team!

Have you recently completed your studies successfully or are you about to graduate? Then take the step into the world of IT consulting. The profession of Machine Learning & Analytics Consultant combines humans and machines. You help the customer differentiate themselves in the market through innovative software solutions with leading-edge technologies.

What you will do with us

Gathering and deriving requirements for machine learning, advanced analytics, and chatbot solutions

Creating prototypes and data visualizations

Designing and developing software solutions (MS Azure, IBM Watson) in the areas of big data, advanced analytics, and chatbots

Taking on responsibility continuously

What you bring

Completed degree (Computer Science, Business Informatics, Mathematics, Electrical Engineering, Physics)

Initial project experience in IT, e.g., in software engineering

Broad interest in innovative technologies and topics such as machine learning, data analytics, or stream analytics

Conceptual skills

Good appearance and fluent German and English skills

Our benefits for you

Frequent Check-in: We conduct employee reviews in an agile manner – you decide when, with whom, and how often.

Bring Your Own Device: Starting credit for your own devices, which you choose yourself – according to your preferences.

Comfort on the go: For the environment, we use public transportation. And for our employees, in first class.

The hard facts

Your workplace is on-site with the customer in German-speaking Switzerland (ZH, LU, BS, BE)

80-100% workload

This job posting describes a scenario you might encounter in a project. Therefore, we are looking for talents who are open to various topics and technologies.

“We hire for attitude and train for skills” – We do not expect you to already have several years of professional experience. Instead, we want to support you specifically. Are you technically inclined and enjoy customer contact and consulting? Do you like working hands-on technically? Then ipt is the right company for you!

We are already looking forward to your application!

Apply now!

Still have questions?

Sina Brun Talent Acquisition Expert
Send a message
ipt as an employer

We have proud and satisfied employees. See for yourself on kununu.

Your workplace as an ipt Consultant
In German-speaking Switzerland On-site with the customer Together as a team","{
  ""ai_application_tasks"": [
    {
      ""task_id"": 1,
      ""ai_capability"": ""Build and deploy machine‑learning models that analyze customer data and generate predictive insights or classifications."",
      ""brief_description"": ""ML models provide data‑driven predictions that help the client differentiate in the market."",
      ""raw_excerpt"": ""…requirements for **machine learning**, advanced analytics, and chatbot solutions"",
      ""explanation"": ""The excerpt explicitly mentions machine‑learning solutions; predictive modelling is the core function such systems deliver.""
    },
    {
      ""task_id"": 2,
      ""ai_capability"": ""Run advanced analytics on large, heterogeneous datasets to discover patterns, trends, and actionable business insights."",
      ""brief_description"": ""Advanced‑analytics engines process big‑data workloads to surface meaningful findings for decision‑makers."",
      ""raw_excerpt"": ""Designing and developing software solutions (MS Azure, IBM Watson) in the areas of **big data, advanced analytics**, and chatbots"",
      ""explanation"": ""The reference to ‘big data’ and ‘advanced analytics’ indicates AI‑driven analytic pipelines that automate insight generation.""
    },
    {
      ""task_id"": 3,
      ""ai_capability"": ""Operate conversational AI chatbots that handle natural‑language interactions and respond autonomously to user queries."",
      ""brief_description"": ""Chatbot systems automate customer dialogues without human intervention."",
      ""raw_excerpt"": ""…software solutions … in the areas of big data, advanced analytics, and **chatbots**"",
      ""explanation"": ""Chatbots are listed as a distinct solution area, implying an AI system that automates conversation handling.""
    },
    {
      ""task_id"": 4,
      ""ai_capability"": ""Execute stream‑analytics pipelines that ingest and analyze real‑time data flows, triggering immediate insights or alerts to deliver timely information."",
      ""brief_description"": ""Stream‑analytics components process live data to deliver timely information."",
      ""raw_excerpt"": ""…innovative technologies and topics such as machine learning, data analytics, or **stream analytics**"",
      ""explanation"": ""The mention of ‘stream analytics’ signals real‑time analytical processing, a typical AI/ML workload.""
    },
    {
      ""task_id"": 5,
      ""ai_capability"": ""Automatically generate data visualizations that present analytical results in intuitive graphical formats."",
      ""brief_description"": ""Visualization modules turn raw analytical output into interpretable charts and dashboards."",
      ""raw_excerpt"": ""Creating prototypes and **data visualizations**"",
      ""explanation"": ""The ad highlights data‑visualization creation; modern AI / analytics platforms routinely automate visualization generation.""
    }
  ]
}"
